2026-02-25 12:49:05,059 - Knowledge - INFO - Created shared MongoDB connection pool
2026-02-25 12:49:05,363 - Knowledge - INFO - Starting Knowledge Graph processing with 20 threads
2026-02-25 12:49:05,509 - Knowledge - INFO - Initial configuration: chunk_size=65536, max_cache_size=500
2026-02-25 12:49:05,704 - Knowledge - INFO - Knowledge Graph concurrency configuration: workers=20, max_batch_size=10, max_concurrent_llm_calls=50
2026-02-25 12:49:07,501 - Knowledge - INFO - 🔍 _load_persisted_knowledge called - checking for Redis optimization
2026-02-25 12:49:07,699 - Knowledge - WARNING - ❌ load_from_redis method not found - Redis support not attached
2026-02-25 12:49:07,880 - Knowledge - INFO - load persisted knowledge: begin
2026-02-25 12:49:08,049 - Knowledge - INFO - Loaded 0 files from persisted knowledge
2026-02-25 12:49:08,233 - Knowledge - INFO - load persisted knowledge: end
2026-02-25 12:49:08,433 - Knowledge - WARNING - No persisted knowledge found. Files will be queued during start()
2026-02-25 12:49:08,631 - Knowledge - INFO - Redis support added with prefix knowledge:b9060hi:
2026-02-25 12:49:12,447 - Knowledge - INFO - Starting knowledge initialization for ID: syKjAx-b9060hi
2026-02-25 12:49:12,582 - Knowledge - INFO - 🔍 Checking Redis for build_id: b9060hi
2026-02-25 12:49:12,806 - Knowledge - INFO - 🔍 Full session ID: syKjAx-b9060hi
2026-02-25 12:49:13,010 - Knowledge - INFO - 🔍 Redis prefix will be: knowledge:b9060hi:
2026-02-25 12:49:13,160 - Knowledge - INFO - 🔍 Using attached load_from_redis() method
2026-02-25 12:49:13,315 - Knowledge - INFO - 🔍 Attempting to load knowledge from Redis...
2026-02-25 12:49:13,465 - Knowledge - INFO - 🔍 Using derived instance_id for Redis lookup: b9060hi
2026-02-25 12:49:13,638 - Knowledge - WARNING - ❌ No Redis cache found
2026-02-25 12:49:13,818 - Knowledge - INFO - 📁 Loading knowledge from disk...
2026-02-25 12:49:14,025 - Knowledge - INFO - load persisted docinfo: begin
2026-02-25 12:49:14,213 - Knowledge - INFO - load persisted docinfo: end
2026-02-25 12:49:14,393 - Knowledge - INFO - 🔍 _load_persisted_knowledge called - checking for Redis optimization
2026-02-25 12:49:14,579 - Knowledge - INFO - ✅ load_from_redis method found - attempting Redis load
2026-02-25 12:49:14,811 - Knowledge - INFO - 🔍 Attempting to load knowledge from Redis...
2026-02-25 12:49:15,012 - Knowledge - INFO - 🔍 Using derived instance_id for Redis lookup: b9060hi
2026-02-25 12:49:15,211 - Knowledge - WARNING - ❌ No Redis cache found
2026-02-25 12:49:15,408 - Knowledge - INFO - ❌ Redis load returned False - falling back to file loading
2026-02-25 12:49:15,566 - Knowledge - INFO - load persisted knowledge: begin
2026-02-25 12:49:15,781 - Knowledge - INFO - Loaded 0 files from persisted knowledge
2026-02-25 12:49:15,966 - Knowledge - INFO - load persisted knowledge: end
2026-02-25 12:49:16,145 - Knowledge - INFO - 📁 Disk load complete in 2.16s
2026-02-25 12:49:16,297 - Knowledge - INFO - Populating ingest queue with source files...
2026-02-25 12:49:25,785 - Knowledge - INFO - Added 1454 files from /app/data/T0015/326202/b9060hi/Rufesi to ingest queue
2026-02-25 12:49:25,946 - Knowledge - INFO - [WEBSOCKET] Sent: Type=progress_update, Size: 161, Duration: 0ms
2026-02-25 12:49:26,134 - Knowledge - INFO - Worker kw1 created using shared MongoDB connection pool
2026-02-25 12:49:26,331 - Knowledge - INFO - knowledge worker kw1 start
2026-02-25 12:49:26,333 - Knowledge - INFO - Worker kw2 created using shared MongoDB connection pool
2026-02-25 12:49:26,488 - Knowledge - INFO - [kw1] Queue=1454, InProgress=0, PendingWorkers=0/1, Completed=0/1454 (0.0%)
2026-02-25 12:49:26,614 - Knowledge - INFO - knowledge worker kw2 start
2026-02-25 12:49:26,616 - Knowledge - INFO - Worker kw3 created using shared MongoDB connection pool
2026-02-25 12:49:26,694 - Knowledge - INFO - Batch sizing: calculated=10, max_allowed=10, queue=1454, active_workers=0/2
2026-02-25 12:49:26,810 - Knowledge - INFO - [kw2] Queue=1454, InProgress=0, PendingWorkers=0/2, Completed=0/1454 (0.0%)
2026-02-25 12:49:26,898 - Knowledge - INFO - knowledge worker kw3 start
2026-02-25 12:49:26,900 - Knowledge - INFO - Worker kw4 created using shared MongoDB connection pool
2026-02-25 12:49:27,013 - Knowledge - INFO - Worker kw1 processing /app/data/T0015/326202/b9060hi/Rufesi/simulator/simulator/adc_inputs.h
2026-02-25 12:49:27,101 - Knowledge - INFO - Batch sizing: calculated=10, max_allowed=10, queue=1454, active_workers=1/3
2026-02-25 12:49:27,178 - Knowledge - INFO - [kw3] Queue=1444, InProgress=0, PendingWorkers=1/3, Completed=0/1454 (0.0%)
2026-02-25 12:49:27,268 - Knowledge - INFO - knowledge worker kw4 start
2026-02-25 12:49:27,269 - Knowledge - INFO - Worker kw5 created using shared MongoDB connection pool
2026-02-25 12:49:27,365 - Knowledge - INFO - Fast-tracked /app/data/T0015/326202/b9060hi/Rufesi/simulator/simulator/adc_inputs.h (ext=.h, size=195)
2026-02-25 12:49:27,459 - Knowledge - INFO - Worker kw2 processing /app/data/T0015/326202/b9060hi/Rufesi/simulator/simulator/framework.cpp
2026-02-25 12:49:27,540 - Knowledge - INFO - Batch sizing: calculated=10, max_allowed=10, queue=1444, active_workers=2/4
2026-02-25 12:49:27,628 - Knowledge - INFO - [kw4] Queue=1434, InProgress=0, PendingWorkers=2/4, Completed=0/1454 (0.0%)
2026-02-25 12:49:27,699 - Knowledge - INFO - knowledge worker kw5 start
2026-02-25 12:49:27,700 - Knowledge - INFO - Worker kw6 created using shared MongoDB connection pool
2026-02-25 12:49:27,790 - Knowledge - INFO - Worker kw1 processing /app/data/T0015/326202/b9060hi/Rufesi/simulator/simulator/framework.h
2026-02-25 12:49:27,897 - Knowledge - INFO - Worker kw2 processing /app/data/T0015/326202/b9060hi/Rufesi/simulator/main.c
2026-02-25 12:49:27,989 - Knowledge - INFO - Worker kw3 processing /app/data/T0015/326202/b9060hi/Rufesi/java_console/io/src/com/rusefi/io/serial/SerialPortReader.java
2026-02-25 12:49:28,063 - Knowledge - INFO - Batch sizing: calculated=10, max_allowed=10, queue=1434, active_workers=3/5
2026-02-25 12:49:28,170 - Knowledge - INFO - [kw5] Queue=1424, InProgress=0, PendingWorkers=3/5, Completed=0/1454 (0.0%)
2026-02-25 12:49:28,277 - Knowledge - INFO - knowledge worker kw6 start
2026-02-25 12:49:28,277 - Knowledge - INFO - Worker kw7 created using shared MongoDB connection pool
2026-02-25 12:49:28,369 - Knowledge - INFO - Fast-tracked /app/data/T0015/326202/b9060hi/Rufesi/simulator/simulator/framework.h (ext=.h, size=312)
2026-02-25 12:49:28,459 - Knowledge - INFO - Worker kw2 processing /app/data/T0015/326202/b9060hi/Rufesi/simulator/halconf.h
2026-02-25 12:49:28,544 - Knowledge - INFO - Worker kw3 processing /app/data/T0015/326202/b9060hi/Rufesi/java_console/io/src/com/rusefi/io/serial/SerialIoStream.java
2026-02-25 12:49:28,635 - Knowledge - INFO - Worker kw4 processing /app/data/T0015/326202/b9060hi/Rufesi/java_console/io/src/com/rusefi/io/InvocationConfirmationListener.java
2026-02-25 12:49:28,723 - Knowledge - INFO - Batch sizing: calculated=10, max_allowed=10, queue=1424, active_workers=4/6
2026-02-25 12:49:28,825 - Knowledge - INFO - [kw6] Queue=1414, InProgress=0, PendingWorkers=4/6, Completed=0/1454 (0.0%)
2026-02-25 12:49:28,876 - Knowledge - INFO - knowledge worker kw7 start
2026-02-25 12:49:28,877 - Knowledge - INFO - Worker kw8 created using shared MongoDB connection pool
2026-02-25 12:49:28,984 - Knowledge - INFO - Worker kw1 processing /app/data/T0015/326202/b9060hi/Rufesi/simulator/simulator/boards.cpp
2026-02-25 12:49:29,065 - Knowledge - INFO - Worker kw2 processing /app/data/T0015/326202/b9060hi/Rufesi/simulator/chconf.h
2026-02-25 12:49:29,186 - Knowledge - INFO - Fast-tracked /app/data/T0015/326202/b9060hi/Rufesi/java_console/io/src/com/rusefi/io/serial/SerialIoStream.java (ext=.java, size=1992)
2026-02-25 12:49:29,283 - Knowledge - INFO - Fast-tracked /app/data/T0015/326202/b9060hi/Rufesi/java_console/io/src/com/rusefi/io/InvocationConfirmationListener.java (ext=.java, size=317)
2026-02-25 12:49:29,369 - Knowledge - INFO - Worker kw5 processing /app/data/T0015/326202/b9060hi/Rufesi/java_console/io/src/com/rusefi/binaryprotocol/IoHelper.java
2026-02-25 12:49:29,459 - Knowledge - INFO - Batch sizing: calculated=10, max_allowed=10, queue=1414, active_workers=5/7
2026-02-25 12:49:29,558 - Knowledge - INFO - [kw7] Queue=1404, InProgress=0, PendingWorkers=5/7, Completed=0/1454 (0.0%)
2026-02-25 12:49:29,632 - Knowledge - INFO - knowledge worker kw8 start
2026-02-25 12:49:29,632 - Knowledge - INFO - Worker kw9 created using shared MongoDB connection pool
2026-02-25 12:49:29,745 - Knowledge - INFO - Fast-tracked /app/data/T0015/326202/b9060hi/Rufesi/simulator/simulator/boards.cpp (ext=.cpp, size=459)
2026-02-25 12:49:29,830 - Knowledge - INFO - Worker kw2 processing /app/data/T0015/326202/b9060hi/Rufesi/java_console/io/src/etch/util/ByteBuffer.java
2026-02-25 12:49:29,917 - Knowledge - INFO - Worker kw3 processing /app/data/T0015/326202/b9060hi/Rufesi/java_console/io/src/com/rusefi/io/serial/PortHolder.java
2026-02-25 12:49:30,004 - Knowledge - INFO - Worker kw4 processing /app/data/T0015/326202/b9060hi/Rufesi/java_console/io/src/com/rusefi/io/LinkManager.java
2026-02-25 12:49:30,103 - Knowledge - INFO - Fast-tracked /app/data/T0015/326202/b9060hi/Rufesi/java_console/io/src/com/rusefi/binaryprotocol/IoHelper.java (ext=.java, size=1894)
2026-02-25 12:49:30,217 - Knowledge - INFO - Worker kw6 processing /app/data/T0015/326202/b9060hi/Rufesi/java_console/models/src/org/apache/commons/math3/distribution/BetaDistribution.java
2026-02-25 12:49:30,295 - Knowledge - INFO - Batch sizing: calculated=10, max_allowed=10, queue=1404, active_workers=6/8
2026-02-25 12:49:30,383 - Knowledge - INFO - [kw8] Queue=1394, InProgress=0, PendingWorkers=6/8, Completed=0/1454 (0.0%)
2026-02-25 12:49:30,468 - Knowledge - INFO - knowledge worker kw9 start
2026-02-25 12:49:30,468 - Knowledge - INFO - Worker kw10 created using shared MongoDB connection pool
2026-02-25 12:49:30,551 - Knowledge - INFO - Worker kw1 processing /app/data/T0015/326202/b9060hi/Rufesi/simulator/simulator/rusEfiFunctionalTest.cpp
2026-02-25 12:49:30,627 - Knowledge - INFO - Worker kw2 processing /app/data/T0015/326202/b9060hi/Rufesi/java_console/io/src/etch/util/CircularByteBuffer.java
2026-02-25 12:49:30,699 - Knowledge - INFO - Worker kw3 processing /app/data/T0015/326202/b9060hi/Rufesi/java_console/io/src/com/rusefi/io/serial/SerialManager.java
2026-02-25 12:49:30,781 - Knowledge - INFO - Worker kw4 processing /app/data/T0015/326202/b9060hi/Rufesi/java_console/io/src/com/rusefi/io/ConnectionStateListener.java
2026-02-25 12:49:30,847 - Knowledge - INFO - Worker kw5 processing /app/data/T0015/326202/b9060hi/Rufesi/java_console/io/src/com/rusefi/binaryprotocol/IncomingDataBuffer.java
2026-02-25 12:49:30,931 - Knowledge - INFO - Worker kw6 processing /app/data/T0015/326202/b9060hi/Rufesi/java_console/models/src/org/apache/commons/math3/distribution/SaddlePointExpansion.java
2026-02-25 12:49:31,018 - Knowledge - INFO - Worker kw7 processing /app/data/T0015/326202/b9060hi/Rufesi/java_console/models/src/org/apache/commons/math3/distribution/GammaDistribution.java
2026-02-25 12:49:31,106 - Knowledge - INFO - Batch sizing: calculated=10, max_allowed=10, queue=1394, active_workers=7/9
2026-02-25 12:49:31,196 - Knowledge - INFO - [kw9] Queue=1384, InProgress=0, PendingWorkers=7/9, Completed=0/1454 (0.0%)
2026-02-25 12:49:31,297 - Knowledge - INFO - knowledge worker kw10 start
2026-02-25 12:49:31,297 - Knowledge - INFO - Worker kw11 created using shared MongoDB connection pool
2026-02-25 12:49:31,373 - Knowledge - INFO - Worker kw1 processing /app/data/T0015/326202/b9060hi/Rufesi/simulator/simulator/boards.h
2026-02-25 12:49:31,447 - Knowledge - INFO - Fast-tracked /app/data/T0015/326202/b9060hi/Rufesi/java_console/io/src/etch/util/CircularByteBuffer.java (ext=.java, size=1941)
2026-02-25 12:49:31,550 - Knowledge - INFO - Fast-tracked /app/data/T0015/326202/b9060hi/Rufesi/java_console/io/src/com/rusefi/io/serial/SerialManager.java (ext=.java, size=1931)
2026-02-25 12:49:31,658 - Knowledge - INFO - Fast-tracked /app/data/T0015/326202/b9060hi/Rufesi/java_console/io/src/com/rusefi/io/ConnectionStateListener.java (ext=.java, size=520)
2026-02-25 12:49:31,772 - Knowledge - INFO - Worker kw5 processing /app/data/T0015/326202/b9060hi/Rufesi/java_console/io/src/com/rusefi/binaryprotocol/BinaryProtocolCommands.java
2026-02-25 12:49:31,880 - Knowledge - INFO - Worker kw6 processing /app/data/T0015/326202/b9060hi/Rufesi/java_console/models/src/org/apache/commons/math3/distribution/AbstractIntegerDistribution.java
2026-02-25 12:49:31,958 - Knowledge - INFO - Worker kw7 processing /app/data/T0015/326202/b9060hi/Rufesi/java_console/models/src/org/apache/commons/math3/distribution/BinomialDistribution.java
2026-02-25 12:49:32,047 - Knowledge - INFO - Worker kw8 processing /app/data/T0015/326202/b9060hi/Rufesi/java_console/models/src/org/apache/commons/math3/analysis/solvers/BaseUnivariateSolver.java
2026-02-25 12:49:32,152 - Knowledge - INFO - Batch sizing: calculated=10, max_allowed=10, queue=1384, active_workers=8/10
2026-02-25 12:49:32,256 - Knowledge - INFO - [kw10] Queue=1374, InProgress=0, PendingWorkers=8/10, Completed=0/1454 (0.0%)
2026-02-25 12:49:32,329 - Knowledge - INFO - knowledge worker kw11 start
2026-02-25 12:49:32,330 - Knowledge - INFO - Worker kw12 created using shared MongoDB connection pool
2026-02-25 12:49:32,418 - Knowledge - INFO - Fast-tracked /app/data/T0015/326202/b9060hi/Rufesi/simulator/simulator/boards.h (ext=.h, size=1091)
2026-02-25 12:49:32,507 - Knowledge - INFO - Worker kw2 processing /app/data/T0015/326202/b9060hi/Rufesi/java_console/io/src/com/rusefi/file/FileUtils.java
2026-02-25 12:49:32,610 - Knowledge - INFO - Worker kw3 processing /app/data/T0015/326202/b9060hi/Rufesi/java_console/io/src/com/rusefi/io/serial/SerialConnector.java
2026-02-25 12:49:32,690 - Knowledge - INFO - Worker kw4 processing /app/data/T0015/326202/b9060hi/Rufesi/java_console/io/src/com/rusefi/io/tcp/test/BinaryProtocolServerSandbox.java
2026-02-25 12:49:32,766 - Knowledge - INFO - Fast-tracked /app/data/T0015/326202/b9060hi/Rufesi/java_console/io/src/com/rusefi/binaryprotocol/BinaryProtocolCommands.java (ext=.java, size=948)
2026-02-25 12:49:32,847 - Knowledge - INFO - Worker kw6 processing /app/data/T0015/326202/b9060hi/Rufesi/java_console/models/src/org/apache/commons/math3/distribution/FDistribution.java
2026-02-25 12:49:32,938 - Knowledge - INFO - Worker kw7 processing /app/data/T0015/326202/b9060hi/Rufesi/java_console/models/src/org/apache/commons/math3/distribution/PoissonDistribution.java
2026-02-25 12:49:33,057 - Knowledge - INFO - Worker kw8 processing /app/data/T0015/326202/b9060hi/Rufesi/java_console/models/src/org/apache/commons/math3/analysis/solvers/AllowedSolution.java
2026-02-25 12:49:33,164 - Knowledge - INFO - Worker kw9 processing /app/data/T0015/326202/b9060hi/Rufesi/java_console/models/src/org/apache/commons/math3/stat/descriptive/moment/Variance.java
2026-02-25 12:49:33,271 - Knowledge - INFO - Batch sizing: calculated=10, max_allowed=10, queue=1374, active_workers=9/11
2026-02-25 12:49:33,354 - Knowledge - INFO - [kw11] Queue=1364, InProgress=0, PendingWorkers=9/11, Completed=0/1454 (0.0%)
2026-02-25 12:49:33,433 - Knowledge - INFO - knowledge worker kw12 start
2026-02-25 12:49:33,434 - Knowledge - INFO - Worker kw13 created using shared MongoDB connection pool
2026-02-25 12:49:33,512 - Knowledge - INFO - Worker kw1 processing /app/data/T0015/326202/b9060hi/Rufesi/simulator/simulator/globalaccess.h
2026-02-25 12:49:33,586 - Knowledge - INFO - Fast-tracked /app/data/T0015/326202/b9060hi/Rufesi/java_console/io/src/com/rusefi/file/FileUtils.java (ext=.java, size=1321)
2026-02-25 12:49:33,666 - Knowledge - INFO - Fast-tracked /app/data/T0015/326202/b9060hi/Rufesi/java_console/io/src/com/rusefi/io/serial/SerialConnector.java (ext=.java, size=1857)
2026-02-25 12:49:33,754 - Knowledge - INFO - Fast-tracked /app/data/T0015/326202/b9060hi/Rufesi/java_console/io/src/com/rusefi/io/tcp/test/BinaryProtocolServerSandbox.java (ext=.java, size=851)
2026-02-25 12:49:33,850 - Knowledge - INFO - Worker kw5 processing /app/data/T0015/326202/b9060hi/Rufesi/java_console/io/src/com/rusefi/binaryprotocol/BinaryProtocolHolder.java
2026-02-25 12:49:33,940 - Knowledge - INFO - Worker kw6 processing /app/data/T0015/326202/b9060hi/Rufesi/java_console/models/src/org/apache/commons/math3/distribution/IntegerDistribution.java
2026-02-25 12:49:34,055 - Knowledge - INFO - Worker kw7 processing /app/data/T0015/326202/b9060hi/Rufesi/java_console/models/src/org/apache/commons/math3/distribution/ExponentialDistribution.java
2026-02-25 12:49:34,178 - Knowledge - INFO - Worker kw8 processing /app/data/T0015/326202/b9060hi/Rufesi/java_console/models/src/org/apache/commons/math3/analysis/solvers/UnivariateSolver.java
2026-02-25 12:49:34,263 - Knowledge - INFO - Worker kw9 processing /app/data/T0015/326202/b9060hi/Rufesi/java_console/models/src/org/apache/commons/math3/stat/descriptive/AbstractStorelessUnivariateStatistic.java
2026-02-25 12:49:34,360 - Knowledge - INFO - Worker kw10 processing /app/data/T0015/326202/b9060hi/Rufesi/java_console/models/src/org/apache/commons/math3/util/MathArrays.java
2026-02-25 12:49:34,456 - Knowledge - INFO - Batch sizing: calculated=10, max_allowed=10, queue=1364, active_workers=10/12
2026-02-25 12:49:34,527 - Knowledge - INFO - [kw12] Queue=1354, InProgress=0, PendingWorkers=10/12, Completed=0/1454 (0.0%)
2026-02-25 12:49:34,616 - Knowledge - INFO - knowledge worker kw13 start
2026-02-25 12:49:34,617 - Knowledge - INFO - Worker kw14 created using shared MongoDB connection pool
2026-02-25 12:49:34,708 - Knowledge - INFO - Fast-tracked /app/data/T0015/326202/b9060hi/Rufesi/simulator/simulator/globalaccess.h (ext=.h, size=238)
2026-02-25 12:49:34,828 - Knowledge - INFO - Worker kw2 processing /app/data/T0015/326202/b9060hi/Rufesi/java_console/io/src/com/rusefi/file/BaseMap.java
2026-02-25 12:49:34,944 - Knowledge - INFO - Worker kw3 processing /app/data/T0015/326202/b9060hi/Rufesi/java_console/io/src/com/rusefi/io/CommandQueue.java
2026-02-25 12:49:35,050 - Knowledge - INFO - Worker kw4 processing /app/data/T0015/326202/b9060hi/Rufesi/java_console/io/src/com/rusefi/io/tcp/TcpConnector.java
2026-02-25 12:49:35,138 - Knowledge - INFO - Fast-tracked /app/data/T0015/326202/b9060hi/Rufesi/java_console/io/src/com/rusefi/binaryprotocol/BinaryProtocolHolder.java (ext=.java, size=658)
2026-02-25 12:49:35,232 - Knowledge - INFO - Worker kw6 processing /app/data/T0015/326202/b9060hi/Rufesi/java_console/models/src/org/apache/commons/math3/distribution/UniformIntegerDistribution.java
2026-02-25 12:49:35,304 - Knowledge - INFO - Worker kw7 processing /app/data/T0015/326202/b9060hi/Rufesi/java_console/models/src/org/apache/commons/math3/distribution/HypergeometricDistribution.java
2026-02-25 12:49:35,408 - Knowledge - INFO - Fast-tracked /app/data/T0015/326202/b9060hi/Rufesi/java_console/models/src/org/apache/commons/math3/analysis/solvers/UnivariateSolver.java (ext=.java, size=1151)
2026-02-25 12:49:35,504 - Knowledge - INFO - Worker kw9 processing /app/data/T0015/326202/b9060hi/Rufesi/java_console/models/src/org/apache/commons/math3/stat/descriptive/AbstractUnivariateStatistic.java
2026-02-25 12:49:35,595 - Knowledge - INFO - Worker kw10 processing /app/data/T0015/326202/b9060hi/Rufesi/java_console/models/src/org/apache/commons/math3/util/DoubleArray.java
2026-02-25 12:49:35,684 - Knowledge - INFO - Worker kw11 processing /app/data/T0015/326202/b9060hi/Rufesi/java_console/models/src/org/apache/commons/math3/util/ContinuedFraction.java
2026-02-25 12:49:35,768 - Knowledge - INFO - Batch sizing: calculated=10, max_allowed=10, queue=1354, active_workers=11/13
2026-02-25 12:49:35,850 - Knowledge - INFO - [kw13] Queue=1344, InProgress=0, PendingWorkers=11/13, Completed=0/1454 (0.0%)
2026-02-25 12:49:35,942 - Knowledge - INFO - knowledge worker kw14 start
2026-02-25 12:49:35,942 - Knowledge - INFO - Worker kw15 created using shared MongoDB connection pool
2026-02-25 12:49:36,021 - Knowledge - INFO - Worker kw1 processing /app/data/T0015/326202/b9060hi/Rufesi/simulator/simulator/efifeatures.h
2026-02-25 12:49:36,120 - Knowledge - INFO - Worker kw2 processing /app/data/T0015/326202/b9060hi/Rufesi/java_console/io/src/com/rusefi/file/TableGenerator.java
2026-02-25 12:49:36,224 - Knowledge - INFO - Worker kw3 processing /app/data/T0015/326202/b9060hi/Rufesi/java_console/io/src/com/rusefi/io/ConnectionStatus.java
2026-02-25 12:49:36,316 - Knowledge - INFO - Worker kw4 processing /app/data/T0015/326202/b9060hi/Rufesi/java_console/io/src/com/rusefi/io/tcp/BinaryProtocolServer.java
2026-02-25 12:49:36,392 - Knowledge - INFO - Worker kw5 processing /app/data/T0015/326202/b9060hi/Rufesi/java_console/io/src/com/rusefi/binaryprotocol/BinaryProtocol.java
2026-02-25 12:49:36,513 - Knowledge - INFO - Worker kw6 processing /app/data/T0015/326202/b9060hi/Rufesi/java_console/models/src/org/apache/commons/math3/distribution/NormalDistribution.java
2026-02-25 12:49:36,582 - Knowledge - INFO - Worker kw7 processing /app/data/T0015/326202/b9060hi/Rufesi/java_console/models/src/org/apache/commons/math3/analysis/UnivariateFunction.java
2026-02-25 12:49:36,655 - Knowledge - INFO - Worker kw8 processing /app/data/T0015/326202/b9060hi/Rufesi/java_console/models/src/org/apache/commons/math3/analysis/solvers/AbstractUnivariateSolver.java
2026-02-25 12:49:36,770 - Knowledge - INFO - Worker kw9 processing /app/data/T0015/326202/b9060hi/Rufesi/java_console/models/src/org/apache/commons/math3/stat/descriptive/StorelessUnivariateStatistic.java
2026-02-25 12:49:36,852 - Knowledge - INFO - Worker kw10 processing /app/data/T0015/326202/b9060hi/Rufesi/java_console/models/src/org/apache/commons/math3/util/Combinations.java
2026-02-25 12:49:36,960 - Knowledge - INFO - Worker kw11 processing /app/data/T0015/326202/b9060hi/Rufesi/java_console/models/src/org/apache/commons/math3/special/Beta.java
2026-02-25 12:49:37,037 - Knowledge - INFO - Worker kw12 processing /app/data/T0015/326202/b9060hi/Rufesi/java_console/models/src/org/apache/commons/math3/random/RandomDataImpl.java
2026-02-25 12:49:37,119 - Knowledge - INFO - Batch sizing: calculated=10, max_allowed=10, queue=1344, active_workers=12/14
2026-02-25 12:49:37,216 - Knowledge - INFO - [kw14] Queue=1334, InProgress=0, PendingWorkers=12/14, Completed=0/1454 (0.0%)
2026-02-25 12:49:37,292 - Knowledge - INFO - knowledge worker kw15 start
2026-02-25 12:49:37,293 - Knowledge - INFO - Worker kw16 created using shared MongoDB connection pool
2026-02-25 12:49:37,395 - Knowledge - INFO - Worker kw1 processing /app/data/T0015/326202/b9060hi/Rufesi/simulator/simulator/svnversion.h
2026-02-25 12:49:37,505 - Knowledge - INFO - Worker kw2 processing /app/data/T0015/326202/b9060hi/Rufesi/java_console/io/src/com/rusefi/test/ConfigurationImageDiffTest.java
2026-02-25 12:49:37,589 - Knowledge - INFO - Worker kw3 processing /app/data/T0015/326202/b9060hi/Rufesi/java_console/io/src/com/rusefi/io/IoStream.java
2026-02-25 12:49:37,687 - Knowledge - INFO - Worker kw4 processing /app/data/T0015/326202/b9060hi/Rufesi/java_console/io/src/com/rusefi/io/tcp/TcpIoStream.java
2026-02-25 12:49:37,772 - Knowledge - INFO - Worker kw5 processing /app/data/T0015/326202/b9060hi/Rufesi/java_console/models/src/org/apache/commons/math3/distribution/AbstractRealDistribution.java
2026-02-25 12:49:37,854 - Knowledge - INFO - Worker kw6 processing /app/data/T0015/326202/b9060hi/Rufesi/java_console/models/src/org/apache/commons/math3/distribution/ZipfDistribution.java
2026-02-25 12:49:37,976 - Knowledge - INFO - Worker kw7 processing /app/data/T0015/326202/b9060hi/Rufesi/java_console/models/src/org/apache/commons/math3/analysis/solvers/BracketedUnivariateSolver.java
2026-02-25 12:49:38,075 - Knowledge - INFO - Worker kw8 processing /app/data/T0015/326202/b9060hi/Rufesi/java_console/models/src/org/apache/commons/math3/Field.java
2026-02-25 12:49:38,173 - Knowledge - INFO - Worker kw9 processing /app/data/T0015/326202/b9060hi/Rufesi/java_console/models/src/org/apache/commons/math3/stat/descriptive/summary/Sum.java
2026-02-25 12:49:38,280 - Knowledge - INFO - Worker kw10 processing /app/data/T0015/326202/b9060hi/Rufesi/java_console/models/src/org/apache/commons/math3/util/Incrementor.java
2026-02-25 12:49:38,371 - Knowledge - INFO - Worker kw11 processing /app/data/T0015/326202/b9060hi/Rufesi/java_console/models/src/org/apache/commons/math3/special/Erf.java
2026-02-25 12:49:38,436 - Knowledge - INFO - Worker kw12 processing /app/data/T0015/326202/b9060hi/Rufesi/java_console/models/src/org/apache/commons/math3/random/RandomData.java
2026-02-25 12:49:38,525 - Knowledge - INFO - Worker kw13 processing /app/data/T0015/326202/b9060hi/Rufesi/java_console/models/src/org/apache/commons/math3/exception/util/ExceptionContext.java
2026-02-25 12:49:38,613 - Knowledge - INFO - Batch sizing: calculated=10, max_allowed=10, queue=1334, active_workers=13/15
2026-02-25 12:49:38,681 - Knowledge - INFO - [kw15] Queue=1324, InProgress=0, PendingWorkers=13/15, Completed=0/1454 (0.0%)
2026-02-25 12:49:38,769 - Knowledge - INFO - knowledge worker kw16 start
2026-02-25 12:49:38,770 - Knowledge - INFO - Worker kw17 created using shared MongoDB connection pool
2026-02-25 12:49:38,864 - Knowledge - INFO - Fast-tracked /app/data/T0015/326202/b9060hi/Rufesi/simulator/simulator/svnversion.h (ext=.h, size=101)
2026-02-25 12:49:38,971 - Knowledge - INFO - Fast-tracked /app/data/T0015/326202/b9060hi/Rufesi/java_console/io/src/com/rusefi/test/ConfigurationImageDiffTest.java (ext=.java, size=1833)
2026-02-25 12:49:39,059 - Knowledge - INFO - Fast-tracked /app/data/T0015/326202/b9060hi/Rufesi/java_console/io/src/com/rusefi/io/IoStream.java (ext=.java, size=556)
2026-02-25 12:49:39,149 - Knowledge - INFO - Worker kw4 processing /app/data/T0015/326202/b9060hi/Rufesi/java_console/io/src/com/rusefi/ConfigurationImageDiff.java
2026-02-25 12:49:39,228 - Knowledge - INFO - Worker kw5 processing /app/data/T0015/326202/b9060hi/Rufesi/java_console/models/src/org/apache/commons/math3/distribution/PascalDistribution.java
2026-02-25 12:49:39,306 - Knowledge - INFO - Worker kw6 processing /app/data/T0015/326202/b9060hi/Rufesi/java_console/models/src/org/apache/commons/math3/distribution/ChiSquaredDistribution.java
2026-02-25 12:49:39,413 - Knowledge - INFO - Worker kw7 processing /app/data/T0015/326202/b9060hi/Rufesi/java_console/models/src/org/apache/commons/math3/analysis/solvers/UnivariateSolverUtils.java
2026-02-25 12:49:39,500 - Knowledge - INFO - Worker kw8 processing /app/data/T0015/326202/b9060hi/Rufesi/java_console/models/src/org/apache/commons/math3/stat/descriptive/UnivariateStatistic.java
2026-02-25 12:49:39,605 - Knowledge - INFO - Worker kw9 processing /app/data/T0015/326202/b9060hi/Rufesi/java_console/models/src/org/apache/commons/math3/stat/descriptive/WeightedEvaluation.java
2026-02-25 12:49:39,706 - Knowledge - INFO - Worker kw10 processing /app/data/T0015/326202/b9060hi/Rufesi/java_console/models/src/org/apache/commons/math3/util/CombinatoricsUtils.java
2026-02-25 12:49:39,797 - Knowledge - INFO - Worker kw11 processing /app/data/T0015/326202/b9060hi/Rufesi/java_console/models/src/org/apache/commons/math3/special/Gamma.java
2026-02-25 12:49:39,885 - Knowledge - INFO - Worker kw12 processing /app/data/T0015/326202/b9060hi/Rufesi/java_console/models/src/org/apache/commons/math3/exception/NotFiniteNumberException.java
2026-02-25 12:49:39,979 - Knowledge - INFO - Worker kw13 processing /app/data/T0015/326202/b9060hi/Rufesi/java_console/models/src/org/apache/commons/math3/exception/util/Localizable.java
2026-02-25 12:49:40,063 - Knowledge - INFO - Worker kw14 processing /app/data/T0015/326202/b9060hi/Rufesi/java_console/models/src/org/apache/commons/math3/exception/OutOfRangeException.java
2026-02-25 12:49:40,147 - Knowledge - INFO - Batch sizing: calculated=10, max_allowed=10, queue=1324, active_workers=14/16
2026-02-25 12:49:40,246 - Knowledge - INFO - [kw16] Queue=1314, InProgress=0, PendingWorkers=14/16, Completed=0/1454 (0.0%)
2026-02-25 12:49:40,324 - Knowledge - INFO - knowledge worker kw17 start
2026-02-25 12:49:40,324 - Knowledge - INFO - Worker kw18 created using shared MongoDB connection pool
2026-02-25 12:49:40,393 - Knowledge - INFO - Worker kw1 processing /app/data/T0015/326202/b9060hi/Rufesi/simulator/simulator/global.h
2026-02-25 12:49:40,513 - Knowledge - INFO - Fast-tracked /app/data/T0015/326202/b9060hi/Rufesi/simulator/simulator/framework.cpp (small file (2154 bytes))
2026-02-25 12:49:40,615 - Knowledge - INFO - Worker kw3 processing /app/data/T0015/326202/b9060hi/Rufesi/java_console/io/src/com/rusefi/io/ConnectionWatchdog.java
2026-02-25 12:49:40,729 - Knowledge - INFO - Fast-tracked /app/data/T0015/326202/b9060hi/Rufesi/java_console/io/src/com/rusefi/ConfigurationImageDiff.java (ext=.java, size=1288)
2026-02-25 12:49:40,823 - Knowledge - INFO - Worker kw5 processing /app/data/T0015/326202/b9060hi/Rufesi/java_console/models/src/org/apache/commons/math3/distribution/RealDistribution.java
2026-02-25 12:49:40,932 - Knowledge - INFO - Worker kw6 processing /app/data/T0015/326202/b9060hi/Rufesi/java_console/models/src/org/apache/commons/math3/distribution/CauchyDistribution.java
2026-02-25 12:49:41,014 - Knowledge - INFO - Worker kw7 processing /app/data/T0015/326202/b9060hi/Rufesi/java_console/models/src/org/apache/commons/math3/analysis/solvers/BaseAbstractUnivariateSolver.java
2026-02-25 12:49:41,139 - Knowledge - INFO - Worker kw8 processing /app/data/T0015/326202/b9060hi/Rufesi/java_console/models/src/org/apache/commons/math3/stat/descriptive/moment/FirstMoment.java
2026-02-25 12:49:41,234 - Knowledge - INFO - Worker kw9 processing /app/data/T0015/326202/b9060hi/Rufesi/java_console/models/src/org/apache/commons/math3/FieldElement.java
2026-02-25 12:49:41,317 - Knowledge - INFO - Worker kw10 processing /app/data/T0015/326202/b9060hi/Rufesi/java_console/models/src/org/apache/commons/math3/util/MathUtils.java
2026-02-25 12:49:41,388 - Knowledge - INFO - Worker kw11 processing /app/data/T0015/326202/b9060hi/Rufesi/java_console/models/src/org/apache/commons/math3/random/RandomGeneratorFactory.java
2026-02-25 12:49:41,462 - Knowledge - INFO - Fast-tracked /app/data/T0015/326202/b9060hi/Rufesi/java_console/models/src/org/apache/commons/math3/exception/NotFiniteNumberException.java (ext=.java, size=1985)
2026-02-25 12:49:41,542 - Knowledge - INFO - Fast-tracked /app/data/T0015/326202/b9060hi/Rufesi/java_console/models/src/org/apache/commons/math3/exception/util/Localizable.java (ext=.java, size=1423)
2026-02-25 12:49:41,634 - Knowledge - INFO - Worker kw14 processing /app/data/T0015/326202/b9060hi/Rufesi/java_console/models/src/org/apache/commons/math3/exception/MaxCountExceededException.java
2026-02-25 12:49:41,727 - Knowledge - INFO - Worker kw15 processing /app/data/T0015/326202/b9060hi/Rufesi/java_console/models/src/com/fathzer/soft/javaluator/Constant.java
2026-02-25 12:49:41,843 - Knowledge - INFO - Batch sizing: calculated=10, max_allowed=10, queue=1314, active_workers=15/17
2026-02-25 12:49:41,934 - Knowledge - INFO - [kw17] Queue=1304, InProgress=0, PendingWorkers=15/17, Completed=0/1454 (0.0%)
2026-02-25 12:49:42,021 - Knowledge - INFO - knowledge worker kw18 start
2026-02-25 12:49:42,021 - Knowledge - INFO - Worker kw19 created using shared MongoDB connection pool
2026-02-25 12:49:42,108 - Knowledge - INFO - Fast-tracked /app/data/T0015/326202/b9060hi/Rufesi/simulator/simulator/global.h (ext=.h, size=1510)
2026-02-25 12:49:42,474 - Knowledge - INFO - Fast-tracked /app/data/T0015/326202/b9060hi/Rufesi/java_console/io/src/com/rusefi/io/ConnectionWatchdog.java (ext=.java, size=1094)
2026-02-25 12:49:42,549 - Knowledge - INFO - Worker kw4 processing /app/data/T0015/326202/b9060hi/Rufesi/java_console/io/src/com/rusefi/Timeouts.java
2026-02-25 12:49:42,620 - Knowledge - INFO - Worker kw5 processing /app/data/T0015/326202/b9060hi/Rufesi/java_console/models/src/org/apache/commons/math3/distribution/TDistribution.java
2026-02-25 12:49:42,786 - Knowledge - INFO - Worker kw7 processing /app/data/T0015/326202/b9060hi/Rufesi/java_console/models/src/org/apache/commons/math3/analysis/solvers/BrentSolver.java
2026-02-25 12:49:42,883 - Knowledge - INFO - Worker kw8 processing /app/data/T0015/326202/b9060hi/Rufesi/java_console/models/src/org/apache/commons/math3/stat/descriptive/moment/StandardDeviation.java
2026-02-25 12:49:42,970 - Knowledge - INFO - Worker kw9 processing /app/data/T0015/326202/b9060hi/Rufesi/java_console/models/src/org/apache/commons/math3/util/FastMath.java
2026-02-25 12:49:43,077 - Knowledge - INFO - Worker kw10 processing /app/data/T0015/326202/b9060hi/Rufesi/java_console/models/src/org/apache/commons/math3/util/ResizableDoubleArray.java
2026-02-25 12:49:43,163 - Knowledge - INFO - Worker kw11 processing /app/data/T0015/326202/b9060hi/Rufesi/java_console/models/src/org/apache/commons/math3/random/RandomGenerator.java
2026-02-25 12:49:43,237 - Knowledge - INFO - Worker kw12 processing /app/data/T0015/326202/b9060hi/Rufesi/java_console/models/src/org/apache/commons/math3/exception/MathIllegalStateException.java
2026-02-25 12:49:43,347 - Knowledge - INFO - Worker kw13 processing /app/data/T0015/326202/b9060hi/Rufesi/java_console/models/src/org/apache/commons/math3/exception/util/LocalizedFormats.java
2026-02-25 12:49:43,460 - Knowledge - INFO - Worker kw14 processing /app/data/T0015/326202/b9060hi/Rufesi/java_console/models/src/org/apache/commons/math3/exception/NullArgumentException.java
2026-02-25 12:49:43,552 - Knowledge - INFO - Fast-tracked /app/data/T0015/326202/b9060hi/Rufesi/java_console/models/src/com/fathzer/soft/javaluator/Constant.java (ext=.java, size=1005)
2026-02-25 12:49:43,638 - Knowledge - INFO - Worker kw16 processing /app/data/T0015/326202/b9060hi/Rufesi/java_console/models/src/com/rusefi/test/CyclicBufferTest.java
2026-02-25 12:49:43,720 - Knowledge - INFO - Batch sizing: calculated=10, max_allowed=10, queue=1304, active_workers=16/18
2026-02-25 12:49:43,811 - Knowledge - INFO - [kw18] Queue=1294, InProgress=0, PendingWorkers=16/18, Completed=0/1454 (0.0%)
2026-02-25 12:49:43,905 - Knowledge - INFO - knowledge worker kw19 start
2026-02-25 12:49:43,905 - Knowledge - INFO - Worker kw20 created using shared MongoDB connection pool
2026-02-25 12:49:44,001 - Knowledge - INFO - Worker kw1 processing /app/data/T0015/326202/b9060hi/Rufesi/simulator/simulator/rusEfiFunctionalTest.h
2026-02-25 12:49:44,095 - Knowledge - INFO - Worker kw3 processing /app/data/T0015/326202/b9060hi/Rufesi/java_console/io/src/com/rusefi/io/LinkConnector.java
2026-02-25 12:49:44,223 - Knowledge - INFO - Fast-tracked /app/data/T0015/326202/b9060hi/Rufesi/java_console/io/src/com/rusefi/Timeouts.java (ext=.java, size=345)
2026-02-25 12:49:44,309 - Knowledge - INFO - Worker kw5 processing /app/data/T0015/326202/b9060hi/Rufesi/java_console/models/src/org/apache/commons/math3/distribution/WeibullDistribution.java
2026-02-25 12:49:44,497 - Knowledge - INFO - Worker kw8 processing /app/data/T0015/326202/b9060hi/Rufesi/java_console/models/src/org/apache/commons/math3/stat/descriptive/moment/SecondMoment.java
2026-02-25 12:49:44,584 - Knowledge - INFO - Fast-tracked /app/data/T0015/326202/b9060hi/Rufesi/java_console/models/src/org/apache/commons/math3/util/FastMath.java (ext=.java, size=133164)
2026-02-25 12:49:44,654 - Knowledge - INFO - Worker kw10 processing /app/data/T0015/326202/b9060hi/Rufesi/java_console/models/src/org/apache/commons/math3/util/FastMathCalc.java
2026-02-25 12:49:44,753 - Knowledge - INFO - Worker kw11 processing /app/data/T0015/326202/b9060hi/Rufesi/java_console/models/src/org/apache/commons/math3/random/AbstractWell.java
2026-02-25 12:49:44,856 - Knowledge - INFO - Worker kw12 processing /app/data/T0015/326202/b9060hi/Rufesi/java_console/models/src/org/apache/commons/math3/exception/MathIllegalNumberException.java
2026-02-25 12:49:44,945 - Knowledge - INFO - Worker kw13 processing /app/data/T0015/326202/b9060hi/Rufesi/java_console/models/src/org/apache/commons/math3/exception/util/ArgUtils.java
2026-02-25 12:49:45,019 - Knowledge - INFO - Worker kw14 processing /app/data/T0015/326202/b9060hi/Rufesi/java_console/models/src/org/apache/commons/math3/exception/NotPositiveException.java
2026-02-25 12:49:45,086 - Knowledge - INFO - Worker kw15 processing /app/data/T0015/326202/b9060hi/Rufesi/java_console/models/src/com/fathzer/soft/javaluator/AbstractVariableSet.java
2026-02-25 12:49:45,186 - Knowledge - INFO - Fast-tracked /app/data/T0015/326202/b9060hi/Rufesi/java_console/models/src/com/rusefi/test/CyclicBufferTest.java (ext=.java, size=600)
2026-02-25 12:49:45,276 - Knowledge - INFO - Worker kw17 processing /app/data/T0015/326202/b9060hi/Rufesi/java_console/models/src/com/rusefi/trigger/TriggerShapeHolder.java
2026-02-25 12:49:45,345 - Knowledge - INFO - Batch sizing: calculated=10, max_allowed=10, queue=1294, active_workers=17/19
2026-02-25 12:49:45,417 - Knowledge - INFO - [kw19] Queue=1284, InProgress=0, PendingWorkers=17/19, Completed=0/1454 (0.0%)
2026-02-25 12:49:45,493 - Knowledge - INFO - knowledge worker kw20 start
2026-02-25 12:49:45,563 - Knowledge - INFO - Fast-tracked /app/data/T0015/326202/b9060hi/Rufesi/simulator/simulator/rusEfiFunctionalTest.h (ext=.h, size=419)
2026-02-25 12:49:45,641 - Knowledge - INFO - Fast-tracked /app/data/T0015/326202/b9060hi/Rufesi/java_console/io/src/com/rusefi/io/LinkConnector.java (ext=.java, size=874)
2026-02-25 12:49:45,742 - Knowledge - INFO - Worker kw4 processing /app/data/T0015/326202/b9060hi/Rufesi/java_console/io/src/com/rusefi/binaryprotocol/test/CRCTest.java
2026-02-25 12:49:45,831 - Knowledge - INFO - Fast-tracked /app/data/T0015/326202/b9060hi/Rufesi/java_console/io/src/com/rusefi/binaryprotocol/IncomingDataBuffer.java (small file (2761 bytes))
2026-02-25 12:49:45,947 - Knowledge - INFO - Worker kw8 processing /app/data/T0015/326202/b9060hi/Rufesi/java_console/models/src/org/apache/commons/math3/stat/descriptive/moment/Mean.java
2026-02-25 12:49:46,018 - Knowledge - INFO - Worker kw9 processing /app/data/T0015/326202/b9060hi/Rufesi/java_console/models/src/org/apache/commons/math3/util/Pair.java
2026-02-25 12:49:46,091 - Knowledge - INFO - Worker kw10 processing /app/data/T0015/326202/b9060hi/Rufesi/java_console/models/src/org/apache/commons/math3/util/ArithmeticUtils.java
2026-02-25 12:49:46,187 - Knowledge - INFO - Worker kw11 processing /app/data/T0015/326202/b9060hi/Rufesi/java_console/models/src/org/apache/commons/math3/random/Well19937c.java
2026-02-25 12:49:46,280 - Knowledge - INFO - Worker kw12 processing /app/data/T0015/326202/b9060hi/Rufesi/java_console/models/src/org/apache/commons/math3/exception/NotANumberException.java
2026-02-25 12:49:46,396 - Knowledge - INFO - Fast-tracked /app/data/T0015/326202/b9060hi/Rufesi/java_console/models/src/org/apache/commons/math3/exception/util/ArgUtils.java (ext=.java, size=1849)
2026-02-25 12:49:46,503 - Knowledge - INFO - Fast-tracked /app/data/T0015/326202/b9060hi/Rufesi/java_console/models/src/org/apache/commons/math3/exception/NotPositiveException.java (ext=.java, size=1688)
2026-02-25 12:49:46,619 - Knowledge - INFO - Fast-tracked /app/data/T0015/326202/b9060hi/Rufesi/java_console/models/src/com/fathzer/soft/javaluator/AbstractVariableSet.java (ext=.java, size=683)
2026-02-25 12:49:46,719 - Knowledge - INFO - Worker kw16 processing /app/data/T0015/326202/b9060hi/Rufesi/java_console/models/src/com/rusefi/test/ParserTest.java
2026-02-25 12:49:46,829 - Knowledge - INFO - Fast-tracked /app/data/T0015/326202/b9060hi/Rufesi/java_console/models/src/com/rusefi/trigger/TriggerShapeHolder.java (ext=.java, size=168)
2026-02-25 12:49:46,912 - Knowledge - INFO - Worker kw18 processing /app/data/T0015/326202/b9060hi/Rufesi/java_console/models/src/com/rusefi/models/EngineLoad.java
2026-02-25 12:49:47,034 - Knowledge - INFO - Batch sizing: calculated=10, max_allowed=10, queue=1284, active_workers=18/20
2026-02-25 12:49:47,140 - Knowledge - INFO - [kw20] Queue=1274, InProgress=0, PendingWorkers=18/20, Completed=0/1454 (0.0%)
2026-02-25 12:49:47,447 - Knowledge - INFO - Fast-tracked /app/data/T0015/326202/b9060hi/Rufesi/java_console/io/src/com/rusefi/binaryprotocol/test/CRCTest.java (ext=.java, size=894)
2026-02-25 12:49:47,752 - Knowledge - INFO - Worker kw9 processing /app/data/T0015/326202/b9060hi/Rufesi/java_console/models/src/org/apache/commons/math3/util/Precision.java
2026-02-25 12:49:47,860 - Knowledge - INFO - Worker kw10 processing /app/data/T0015/326202/b9060hi/Rufesi/java_console/models/src/org/apache/commons/math3/util/FastMathLiteralArrays.java
2026-02-25 12:49:47,960 - Knowledge - INFO - Worker kw11 processing /app/data/T0015/326202/b9060hi/Rufesi/java_console/models/src/org/apache/commons/math3/random/RandomDataGenerator.java
2026-02-25 12:49:48,084 - Knowledge - INFO - Fast-tracked /app/data/T0015/326202/b9060hi/Rufesi/java_console/models/src/org/apache/commons/math3/exception/NotANumberException.java (ext=.java, size=1332)
2026-02-25 12:49:48,159 - Knowledge - INFO - Worker kw13 processing /app/data/T0015/326202/b9060hi/Rufesi/java_console/models/src/org/apache/commons/math3/exception/util/ExceptionContextProvider.java
2026-02-25 12:49:48,250 - Knowledge - INFO - Worker kw14 processing /app/data/T0015/326202/b9060hi/Rufesi/java_console/models/src/org/apache/commons/math3/exception/MathArithmeticException.java
2026-02-25 12:49:48,331 - Knowledge - INFO - Worker kw15 processing /app/data/T0015/326202/b9060hi/Rufesi/java_console/models/src/com/fathzer/soft/javaluator/Function.java
2026-02-25 12:49:48,421 - Knowledge - INFO - Fast-tracked /app/data/T0015/326202/b9060hi/Rufesi/java_console/models/src/com/rusefi/test/ParserTest.java (ext=.java, size=6083)
2026-02-25 12:49:48,537 - Knowledge - INFO - Worker kw17 processing /app/data/T0015/326202/b9060hi/Rufesi/java_console/models/src/com/rusefi/trigger/MiataNA.java
2026-02-25 12:49:48,620 - Knowledge - INFO - Fast-tracked /app/data/T0015/326202/b9060hi/Rufesi/java_console/models/src/com/rusefi/models/EngineLoad.java (ext=.java, size=314)
2026-02-25 12:49:48,715 - Knowledge - INFO - Worker kw19 processing /app/data/T0015/326202/b9060hi/Rufesi/java_console/models/src/com/rusefi/waves/ZoomProvider.java
2026-02-25 12:49:48,802 - Knowledge - INFO - Batch sizing: calculated=10, max_allowed=10, queue=1274, active_workers=19/20
2026-02-25 12:49:49,076 - Knowledge - INFO - Fast-tracked /app/data/T0015/326202/b9060hi/Rufesi/java_console/models/src/org/apache/commons/math3/util/FastMathLiteralArrays.java (ext=.java, size=228977)
2026-02-25 12:49:49,169 - Knowledge - INFO - Worker kw11 processing /app/data/T0015/326202/b9060hi/Rufesi/java_console/models/src/org/apache/commons/math3/random/BitsStreamGenerator.java
2026-02-25 12:49:49,260 - Knowledge - INFO - Worker kw12 processing /app/data/T0015/326202/b9060hi/Rufesi/java_console/models/src/org/apache/commons/math3/exception/NoBracketingException.java
2026-02-25 12:49:49,343 - Knowledge - INFO - Fast-tracked /app/data/T0015/326202/b9060hi/Rufesi/java_console/models/src/org/apache/commons/math3/exception/util/ExceptionContextProvider.java (ext=.java, size=1264)
2026-02-25 12:49:49,430 - Knowledge - INFO - Worker kw14 processing /app/data/T0015/326202/b9060hi/Rufesi/java_console/models/src/org/apache/commons/math3/exception/DimensionMismatchException.java
2026-02-25 12:49:49,545 - Knowledge - INFO - Fast-tracked /app/data/T0015/326202/b9060hi/Rufesi/java_console/models/src/com/fathzer/soft/javaluator/Function.java (ext=.java, size=1784)
2026-02-25 12:49:49,629 - Knowledge - INFO - Worker kw16 processing /app/data/T0015/326202/b9060hi/Rufesi/java_console/models/src/com/rusefi/test/BinarySearchTest.java
2026-02-25 12:49:49,717 - Knowledge - INFO - Fast-tracked /app/data/T0015/326202/b9060hi/Rufesi/java_console/models/src/com/rusefi/trigger/MiataNA.java (ext=.java, size=201)
2026-02-25 12:49:49,822 - Knowledge - INFO - Worker kw18 processing /app/data/T0015/326202/b9060hi/Rufesi/java_console/models/src/com/rusefi/models/XYDataReader.java
2026-02-25 12:49:49,932 - Knowledge - INFO - Fast-tracked /app/data/T0015/326202/b9060hi/Rufesi/java_console/models/src/com/rusefi/waves/ZoomProvider.java (ext=.java, size=353)
2026-02-25 12:49:50,003 - Knowledge - INFO - Worker kw20 processing /app/data/T0015/326202/b9060hi/Rufesi/java_console/models/src/com/rusefi/config/Field.java
2026-02-25 12:49:50,096 - Knowledge - INFO - Split /app/data/T0015/326202/b9060hi/Rufesi/java_console/models/src/org/apache/commons/math3/util/MathArrays.java (69429 bytes) into 3 chunks of ~32KB
2026-02-25 12:49:50,285 - Knowledge - INFO - Worker kw12 processing /app/data/T0015/326202/b9060hi/Rufesi/java_console/models/src/org/apache/commons/math3/exception/NoDataException.java
2026-02-25 12:49:50,405 - Knowledge - INFO - Worker kw13 processing /app/data/T0015/326202/b9060hi/Rufesi/java_console/models/src/org/apache/commons/math3/exception/MathInternalError.java
2026-02-25 12:49:50,502 - Knowledge - INFO - Worker kw14 processing /app/data/T0015/326202/b9060hi/Rufesi/java_console/models/src/org/apache/commons/math3/exception/NumberIsTooSmallException.java
2026-02-25 12:49:50,582 - Knowledge - INFO - Worker kw15 processing /app/data/T0015/326202/b9060hi/Rufesi/java_console/models/src/com/fathzer/soft/javaluator/DoubleEvaluator.java
2026-02-25 12:49:50,689 - Knowledge - INFO - Fast-tracked /app/data/T0015/326202/b9060hi/Rufesi/java_console/models/src/com/rusefi/test/BinarySearchTest.java (ext=.java, size=890)
2026-02-25 12:49:50,797 - Knowledge - INFO - Worker kw17 processing /app/data/T0015/326202/b9060hi/Rufesi/java_console/models/src/com/rusefi/DataBuffer.java
2026-02-25 12:49:50,894 - Knowledge - INFO - Fast-tracked /app/data/T0015/326202/b9060hi/Rufesi/java_console/models/src/com/rusefi/models/XYDataReader.java (ext=.java, size=1182)
2026-02-25 12:49:51,000 - Knowledge - INFO - Worker kw19 processing /app/data/T0015/326202/b9060hi/Rufesi/java_console/models/src/com/rusefi/waves/test/EngineReportTest.java
2026-02-25 12:49:51,112 - Knowledge - INFO - Worker kw20 processing /app/data/T0015/326202/b9060hi/Rufesi/java_console/models/src/com/rusefi/config/FieldType.java
2026-02-25 12:49:51,317 - Knowledge - INFO - Fast-tracked /app/data/T0015/326202/b9060hi/Rufesi/java_console/models/src/org/apache/commons/math3/exception/NoDataException.java (ext=.java, size=1602)
2026-02-25 12:49:51,393 - Knowledge - INFO - Worker kw13 processing /app/data/T0015/326202/b9060hi/Rufesi/java_console/models/src/org/apache/commons/math3/exception/NumberIsTooLargeException.java
2026-02-25 12:49:51,472 - Knowledge - INFO - Worker kw14 processing /app/data/T0015/326202/b9060hi/Rufesi/java_console/models/src/com/fathzer/soft/javaluator/BracketPair.java
2026-02-25 12:49:51,566 - Knowledge - INFO - Worker kw15 processing /app/data/T0015/326202/b9060hi/Rufesi/java_console/models/src/com/fathzer/soft/javaluator/Token.java
2026-02-25 12:49:51,654 - Knowledge - INFO - Worker kw16 processing /app/data/T0015/326202/b9060hi/Rufesi/java_console/models/src/com/rusefi/SensorConversion.java
2026-02-25 12:49:51,773 - Knowledge - INFO - Fast-tracked /app/data/T0015/326202/b9060hi/Rufesi/java_console/models/src/com/rusefi/DataBuffer.java (ext=.java, size=747)
2026-02-25 12:49:51,846 - Knowledge - INFO - Worker kw18 processing /app/data/T0015/326202/b9060hi/Rufesi/java_console/models/src/com/rusefi/models/MafValue.java
2026-02-25 12:49:51,945 - Knowledge - INFO - Fast-tracked /app/data/T0015/326202/b9060hi/Rufesi/java_console/models/src/com/rusefi/waves/test/EngineReportTest.java (ext=.java, size=794)
2026-02-25 12:49:52,044 - Knowledge - INFO - Fast-tracked /app/data/T0015/326202/b9060hi/Rufesi/java_console/models/src/com/rusefi/config/FieldType.java (ext=.java, size=483)
2026-02-25 12:49:52,119 - Knowledge - INFO - Worker kw12 processing /app/data/T0015/326202/b9060hi/Rufesi/java_console/models/src/org/apache/commons/math3/exception/MathIllegalArgumentException.java
2026-02-25 12:49:52,216 - Knowledge - INFO - Worker kw13 processing /app/data/T0015/326202/b9060hi/Rufesi/java_console/models/src/org/apache/commons/math3/exception/TooManyEvaluationsException.java
2026-02-25 12:49:52,305 - Knowledge - INFO - Fast-tracked /app/data/T0015/326202/b9060hi/Rufesi/java_console/models/src/com/fathzer/soft/javaluator/BracketPair.java (ext=.java, size=1288)
2026-02-25 12:49:52,394 - Knowledge - INFO - Worker kw15 processing /app/data/T0015/326202/b9060hi/Rufesi/java_console/models/src/com/fathzer/soft/javaluator/Tokenizer.java
2026-02-25 12:49:52,474 - Knowledge - INFO - Fast-tracked /app/data/T0015/326202/b9060hi/Rufesi/java_console/models/src/com/rusefi/SensorConversion.java (ext=.java, size=176)
2026-02-25 12:49:52,561 - Knowledge - INFO - Worker kw17 processing /app/data/T0015/326202/b9060hi/Rufesi/java_console/models/src/com/rusefi/models/test/Array1DTest.java
2026-02-25 12:49:52,646 - Knowledge - INFO - Fast-tracked /app/data/T0015/326202/b9060hi/Rufesi/java_console/models/src/com/rusefi/models/MafValue.java (ext=.java, size=520)
2026-02-25 12:49:52,739 - Knowledge - INFO - Worker kw19 processing /app/data/T0015/326202/b9060hi/Rufesi/java_console/models/src/com/rusefi/waves/test/RevolutionLogTest.java
2026-02-25 12:49:52,828 - Knowledge - INFO - Worker kw20 processing /app/data/T0015/326202/b9060hi/Rufesi/java_console/models/src/com/rusefi/config/Fields.java
2026-02-25 12:49:52,933 - Knowledge - INFO - Worker kw12 processing /app/data/T0015/326202/b9060hi/Rufesi/java_console/models/src/org/apache/commons/math3/exception/ConvergenceException.java
2026-02-25 12:49:53,042 - Knowledge - INFO - Fast-tracked /app/data/T0015/326202/b9060hi/Rufesi/java_console/models/src/org/apache/commons/math3/exception/TooManyEvaluationsException.java (ext=.java, size=1450)
2026-02-25 12:49:53,160 - Knowledge - INFO - Worker kw14 processing /app/data/T0015/326202/b9060hi/Rufesi/java_console/models/src/com/fathzer/soft/javaluator/Parameters.java
2026-02-25 12:49:53,278 - Knowledge - INFO - Worker kw15 processing /app/data/T0015/326202/b9060hi/Rufesi/java_console/models/src/com/fathzer/soft/javaluator/AbstractEvaluator.java
2026-02-25 12:49:53,367 - Knowledge - INFO - Worker kw16 processing /app/data/T0015/326202/b9060hi/Rufesi/java_console/models/src/com/rusefi/TimeBasedBuffer.java
2026-02-25 12:49:53,479 - Knowledge - INFO - Fast-tracked /app/data/T0015/326202/b9060hi/Rufesi/java_console/models/src/com/rusefi/models/test/Array1DTest.java (ext=.java, size=754)
2026-02-25 12:49:53,593 - Knowledge - INFO - Worker kw18 processing /app/data/T0015/326202/b9060hi/Rufesi/java_console/models/src/com/rusefi/models/Point3D.java
2026-02-25 12:49:53,671 - Knowledge - INFO - Fast-tracked /app/data/T0015/326202/b9060hi/Rufesi/simulator/simulator/efifeatures.h (small file (2644 bytes))
2026-02-25 12:49:53,687 - Knowledge - INFO - Fast-tracked /app/data/T0015/326202/b9060hi/Rufesi/java_console/models/src/com/rusefi/waves/test/RevolutionLogTest.java (ext=.java, size=547)
2026-02-25 12:49:53,793 - Knowledge - INFO - Fast-tracked /app/data/T0015/326202/b9060hi/Rufesi/java_console/models/src/com/rusefi/config/Fields.java (ext=.java, size=152980)
2026-02-25 12:49:53,901 - Knowledge - INFO - Fast-tracked /app/data/T0015/326202/b9060hi/Rufesi/java_console/models/src/org/apache/commons/math3/exception/ConvergenceException.java (ext=.java, size=1828)
2026-02-25 12:49:53,989 - Knowledge - INFO - Worker kw13 processing /app/data/T0015/326202/b9060hi/Rufesi/java_console/models/src/org/apache/commons/math3/exception/NotStrictlyPositiveException.java
2026-02-25 12:49:54,072 - Knowledge - INFO - Worker kw14 processing /app/data/T0015/326202/b9060hi/Rufesi/java_console/models/src/com/fathzer/soft/javaluator/Operator.java
2026-02-25 12:49:54,184 - Knowledge - INFO - Worker kw15 processing /app/data/T0015/326202/b9060hi/Rufesi/java_console/models/src/com/rusefi/FiringOrderTSLogic.java
2026-02-25 12:49:54,295 - Knowledge - INFO - Fast-tracked /app/data/T0015/326202/b9060hi/Rufesi/java_console/models/src/com/rusefi/TimeBasedBuffer.java (ext=.java, size=1291)
2026-02-25 12:49:54,377 - Knowledge - INFO - Worker kw17 processing /app/data/T0015/326202/b9060hi/Rufesi/java_console/models/src/com/rusefi/models/test/XYDataSandbox.java
2026-02-25 12:49:54,479 - Knowledge - INFO - Fast-tracked /app/data/T0015/326202/b9060hi/Rufesi/java_console/models/src/com/rusefi/models/Point3D.java (ext=.java, size=1032)
2026-02-25 12:49:54,647 - Knowledge - INFO - Worker kw19 processing /app/data/T0015/326202/b9060hi/Rufesi/java_console/models/src/com/rusefi/waves/test/EngineChartParserTest.java
2026-02-25 12:49:54,733 - Knowledge - INFO - Worker kw20 processing /app/data/T0015/326202/b9060hi/Rufesi/java_console/models/src/com/rusefi/CyclicBuffer.java
2026-02-25 12:49:54,892 - Knowledge - INFO - Fast-tracked /app/data/T0015/326202/b9060hi/Rufesi/java_console/models/src/org/apache/commons/math3/exception/NotStrictlyPositiveException.java (ext=.java, size=1733)
2026-02-25 12:49:54,984 - Knowledge - INFO - Fast-tracked /app/data/T0015/326202/b9060hi/Rufesi/java_console/models/src/org/apache/commons/math3/exception/OutOfRangeException.java (small file (2483 bytes))
2026-02-25 12:49:55,095 - Knowledge - INFO - Worker kw15 processing /app/data/T0015/326202/b9060hi/Rufesi/java_console/models/src/com/rusefi/test/TimeBasedBufferTest.java
2026-02-25 12:49:55,183 - Knowledge - INFO - Worker kw16 processing /app/data/T0015/326202/b9060hi/Rufesi/java_console/models/src/com/rusefi/io/LinkDecoder.java
2026-02-25 12:49:55,264 - Knowledge - INFO - Fast-tracked /app/data/T0015/326202/b9060hi/Rufesi/java_console/models/src/com/rusefi/models/test/XYDataSandbox.java (ext=.java, size=366)
2026-02-25 12:49:55,346 - Knowledge - INFO - Worker kw18 processing /app/data/T0015/326202/b9060hi/Rufesi/java_console/models/src/com/rusefi/models/Utils.java
2026-02-25 12:49:55,436 - Knowledge - INFO - Fast-tracked /app/data/T0015/326202/b9060hi/Rufesi/java_console/models/src/com/rusefi/waves/test/EngineChartParserTest.java (ext=.java, size=4153)
2026-02-25 12:49:55,521 - Knowledge - INFO - Fast-tracked /app/data/T0015/326202/b9060hi/Rufesi/java_console/models/src/com/rusefi/CyclicBuffer.java (ext=.java, size=909)
2026-02-25 12:49:55,641 - Knowledge - INFO - Worker kw13 processing /app/data/T0015/326202/b9060hi/Rufesi/java_console/models/src/org/apache/commons/math3/exception/NonMonotonicSequenceException.java
2026-02-25 12:49:55,713 - Knowledge - INFO - Fast-tracked /app/data/T0015/326202/b9060hi/Rufesi/java_console/models/src/org/apache/commons/math3/exception/MaxCountExceededException.java (small file (2100 bytes))
2026-02-25 12:49:55,812 - Knowledge - INFO - Fast-tracked /app/data/T0015/326202/b9060hi/Rufesi/java_console/models/src/com/rusefi/test/TimeBasedBufferTest.java (ext=.java, size=1570)
2026-02-25 12:49:55,932 - Knowledge - INFO - Fast-tracked /app/data/T0015/326202/b9060hi/Rufesi/java_console/models/src/com/rusefi/io/LinkDecoder.java (ext=.java, size=523)
2026-02-25 12:49:56,013 - Knowledge - INFO - Worker kw17 processing /app/data/T0015/326202/b9060hi/Rufesi/java_console/models/src/com/rusefi/models/test/UtilTest.java
2026-02-25 12:49:56,148 - Knowledge - INFO - Fast-tracked /app/data/T0015/326202/b9060hi/Rufesi/java_console/models/src/com/rusefi/models/Utils.java (ext=.java, size=1686)
2026-02-25 12:49:56,253 - Knowledge - INFO - Worker kw19 processing /app/data/T0015/326202/b9060hi/Rufesi/java_console/models/src/com/rusefi/waves/EngineChart.java
2026-02-25 12:49:56,359 - Knowledge - INFO - Worker kw20 processing /app/data/T0015/326202/b9060hi/Rufesi/java_console/models/src/com/rusefi/Histograms.java
2026-02-25 12:49:56,526 - Knowledge - INFO - Fast-tracked /app/data/T0015/326202/b9060hi/Rufesi/java_console/models/src/org/apache/commons/math3/exception/NullArgumentException.java (small file (2016 bytes))
2026-02-25 12:49:56,613 - Knowledge - INFO - Worker kw15 processing /app/data/T0015/326202/b9060hi/Rufesi/java_console/models/src/com/rusefi/test/HistogramsTest.java
2026-02-25 12:49:56,699 - Knowledge - INFO - Worker kw16 processing /app/data/T0015/326202/b9060hi/Rufesi/java_console/models/src/com/rusefi/io/CommunicationLoggingListener.java
2026-02-25 12:49:56,779 - Knowledge - INFO - Fast-tracked /app/data/T0015/326202/b9060hi/Rufesi/java_console/models/src/com/rusefi/models/test/UtilTest.java (ext=.java, size=712)
2026-02-25 12:49:56,893 - Knowledge - INFO - Worker kw18 processing /app/data/T0015/326202/b9060hi/Rufesi/java_console/models/src/com/rusefi/models/AverageData.java
2026-02-25 12:49:56,975 - Knowledge - INFO - Fast-tracked /app/data/T0015/326202/b9060hi/Rufesi/java_console/models/src/com/rusefi/waves/EngineChart.java (ext=.java, size=1579)
2026-02-25 12:49:57,059 - Knowledge - INFO - Worker kw20 processing /app/data/T0015/326202/b9060hi/Rufesi/java_console/models/src/com/rusefi/core/test/ResponseBufferTest.java
2026-02-25 12:49:57,181 - Knowledge - INFO - Fast-tracked /app/data/T0015/326202/b9060hi/Rufesi/java_console/models/src/org/apache/commons/math3/exception/MathArithmeticException.java (small file (2559 bytes))
2026-02-25 12:49:57,243 - Knowledge - INFO - Fast-tracked /app/data/T0015/326202/b9060hi/Rufesi/java_console/models/src/com/rusefi/test/HistogramsTest.java (ext=.java, size=1029)
2026-02-25 12:49:57,353 - Knowledge - INFO - Fast-tracked /app/data/T0015/326202/b9060hi/Rufesi/java_console/models/src/com/rusefi/io/CommunicationLoggingListener.java (ext=.java, size=373)
2026-02-25 12:49:57,436 - Knowledge - INFO - Worker kw17 processing /app/data/T0015/326202/b9060hi/Rufesi/java_console/models/src/com/rusefi/models/Factory.java
2026-02-25 12:49:57,528 - Knowledge - INFO - Fast-tracked /app/data/T0015/326202/b9060hi/Rufesi/java_console/models/src/com/rusefi/models/AverageData.java (ext=.java, size=1987)
2026-02-25 12:49:57,612 - Knowledge - INFO - Worker kw19 processing /app/data/T0015/326202/b9060hi/Rufesi/java_console/models/src/com/rusefi/waves/EngineReport.java
2026-02-25 12:49:57,688 - Knowledge - INFO - Fast-tracked /app/data/T0015/326202/b9060hi/Rufesi/java_console/models/src/com/rusefi/core/test/ResponseBufferTest.java (ext=.java, size=1070)
2026-02-25 12:49:57,784 - Knowledge - INFO - Fast-tracked /app/data/T0015/326202/b9060hi/Rufesi/java_console/models/src/org/apache/commons/math3/exception/DimensionMismatchException.java (small file (2276 bytes))
2026-02-25 12:49:57,973 - Knowledge - INFO - Worker kw16 processing /app/data/T0015/326202/b9060hi/Rufesi/java_console/models/src/com/rusefi/io/CommunicationLoggingHolder.java
2026-02-25 12:49:58,070 - Knowledge - INFO - Fast-tracked /app/data/T0015/326202/b9060hi/Rufesi/java_console/models/src/com/rusefi/models/Factory.java (ext=.java, size=141)
2026-02-25 12:49:58,187 - Knowledge - INFO - Worker kw18 processing /app/data/T0015/326202/b9060hi/Rufesi/java_console/models/src/com/rusefi/models/Range.java
2026-02-25 12:49:58,298 - Knowledge - INFO - Worker kw19 processing /app/data/T0015/326202/b9060hi/Rufesi/java_console/models/src/com/rusefi/waves/TimeAxisTranslator.java
2026-02-25 12:49:58,391 - Knowledge - INFO - Worker kw20 processing /app/data/T0015/326202/b9060hi/Rufesi/java_console/models/src/com/rusefi/core/test/EngineStateTest.java
2026-02-25 12:49:58,509 - Knowledge - INFO - Fast-tracked /app/data/T0015/326202/b9060hi/Rufesi/java_console/models/src/org/apache/commons/math3/exception/NumberIsTooSmallException.java (small file (2911 bytes))
2026-02-25 12:49:58,599 - Knowledge - INFO - Fast-tracked /app/data/T0015/326202/b9060hi/Rufesi/java_console/models/src/com/rusefi/io/CommunicationLoggingHolder.java (ext=.java, size=230)
2026-02-25 12:49:58,677 - Knowledge - INFO - Worker kw17 processing /app/data/T0015/326202/b9060hi/Rufesi/java_console/models/src/com/rusefi/models/YAxisData.java
2026-02-25 12:49:58,757 - Knowledge - INFO - Fast-tracked /app/data/T0015/326202/b9060hi/Rufesi/java_console/models/src/com/rusefi/models/Range.java (ext=.java, size=519)
2026-02-25 12:49:58,867 - Knowledge - INFO - Fast-tracked /app/data/T0015/326202/b9060hi/Rufesi/java_console/models/src/com/rusefi/waves/TimeAxisTranslator.java (ext=.java, size=263)
2026-02-25 12:49:58,966 - Knowledge - INFO - Fast-tracked /app/data/T0015/326202/b9060hi/Rufesi/java_console/models/src/com/rusefi/core/test/EngineStateTest.java (ext=.java, size=1628)
2026-02-25 12:49:59,176 - Knowledge - INFO - Worker kw16 processing /app/data/T0015/326202/b9060hi/Rufesi/java_console/models/src/com/rusefi/ReportLine.java
2026-02-25 12:49:59,260 - Knowledge - INFO - Worker kw17 processing /app/data/T0015/326202/b9060hi/Rufesi/java_console/models/src/com/rusefi/models/Array1D.java
2026-02-25 12:49:59,355 - Knowledge - INFO - Worker kw18 processing /app/data/T0015/326202/b9060hi/Rufesi/java_console/models/src/com/rusefi/models/XYData.java
2026-02-25 12:49:59,432 - Knowledge - INFO - Worker kw19 processing /app/data/T0015/326202/b9060hi/Rufesi/java_console/models/src/com/rusefi/waves/RevolutionLog.java
2026-02-25 12:49:59,540 - Knowledge - INFO - Worker kw20 processing /app/data/T0015/326202/b9060hi/Rufesi/java_console/models/src/com/rusefi/core/SensorCategory.java
2026-02-25 12:49:59,628 - Knowledge - INFO - Fast-tracked /app/data/T0015/326202/b9060hi/Rufesi/java_console/models/src/com/rusefi/ReportLine.java (ext=.java, size=940)
2026-02-25 12:49:59,633 - Knowledge - INFO - Fast-tracked /app/data/T0015/326202/b9060hi/Rufesi/java_console/io/src/com/rusefi/file/BaseMap.java (small file (2131 bytes))
2026-02-25 12:49:59,705 - Knowledge - INFO - Fast-tracked /app/data/T0015/326202/b9060hi/Rufesi/java_console/models/src/com/rusefi/models/Array1D.java (ext=.java, size=856)
2026-02-25 12:49:59,804 - Knowledge - INFO - Worker kw18 processing /app/data/T0015/326202/b9060hi/Rufesi/java_console/models/src/com/rusefi/TS2C.java
2026-02-25 12:49:59,872 - Knowledge - INFO - Worker kw19 processing /app/data/T0015/326202/b9060hi/Rufesi/java_console/models/src/com/rusefi/waves/EngineChartParser.java
2026-02-25 12:49:59,948 - Knowledge - INFO - Fast-tracked /app/data/T0015/326202/b9060hi/Rufesi/java_console/models/src/com/rusefi/core/SensorCategory.java (ext=.java, size=354)
2026-02-25 12:49:59,994 - Knowledge - INFO - Fast-tracked /app/data/T0015/326202/b9060hi/Rufesi/java_console/models/src/org/apache/commons/math3/analysis/solvers/AbstractUnivariateSolver.java (small file (2285 bytes))
2026-02-25 12:50:00,061 - Knowledge - INFO - Worker kw16 processing /app/data/T0015/326202/b9060hi/Rufesi/java_console/models/src/com/rusefi/trigger/TriggerShape.java
2026-02-25 12:50:00,180 - Knowledge - INFO - Fast-tracked /app/data/T0015/326202/b9060hi/Rufesi/java_console/io/src/com/rusefi/file/TableGenerator.java (small file (2773 bytes))
2026-02-25 12:50:00,280 - Knowledge - INFO - Worker kw17 processing /app/data/T0015/326202/b9060hi/Rufesi/java_console/models/src/com/rusefi/models/RpmValue.java
2026-02-25 12:50:00,353 - Knowledge - INFO - Worker kw18 processing /app/data/T0015/326202/b9060hi/Rufesi/java_console/models/src/com/rusefi/OutputChannel.java
2026-02-25 12:50:00,438 - Knowledge - INFO - Fast-tracked /app/data/T0015/326202/b9060hi/Rufesi/java_console/models/src/com/rusefi/waves/EngineChartParser.java (ext=.java, size=1129)
2026-02-25 12:50:00,524 - Knowledge - INFO - Worker kw20 processing /app/data/T0015/326202/b9060hi/Rufesi/java_console/models/src/com/rusefi/core/ISensorCentral.java
2026-02-25 12:50:00,617 - Knowledge - INFO - Fast-tracked /app/data/T0015/326202/b9060hi/Rufesi/java_console/models/src/org/apache/commons/math3/Field.java (small file (2062 bytes))
2026-02-25 12:50:00,718 - Knowledge - INFO - Fast-tracked /app/data/T0015/326202/b9060hi/Rufesi/java_console/models/src/com/rusefi/trigger/TriggerShape.java (ext=.java, size=209)
2026-02-25 12:50:00,974 - Knowledge - INFO - Fast-tracked /app/data/T0015/326202/b9060hi/Rufesi/java_console/models/src/com/rusefi/models/RpmValue.java (ext=.java, size=533)
2026-02-25 12:50:01,058 - Knowledge - INFO - Fast-tracked /app/data/T0015/326202/b9060hi/Rufesi/java_console/models/src/com/rusefi/OutputChannel.java (ext=.java, size=356)
2026-02-25 12:50:01,184 - Knowledge - INFO - Worker kw19 processing /app/data/T0015/326202/b9060hi/Rufesi/java_console/models/src/com/rusefi/config/test/FieldTest.java
2026-02-25 12:50:01,249 - Knowledge - INFO - Fast-tracked /app/data/T0015/326202/b9060hi/Rufesi/java_console/models/src/com/rusefi/core/ISensorCentral.java (ext=.java, size=519)
2026-02-25 12:50:01,335 - Knowledge - INFO - Fast-tracked /app/data/T0015/326202/b9060hi/Rufesi/java_console/models/src/org/apache/commons/math3/stat/descriptive/UnivariateStatistic.java (small file (2161 bytes))
2026-02-25 12:50:01,425 - Knowledge - INFO - Processing batch of 10 files
2026-02-25 12:50:01,531 - Knowledge - INFO - Fast-tracked /app/data/T0015/326202/b9060hi/Rufesi/java_console/models/src/com/rusefi/models/YAxisData.java (small file (2708 bytes))
2026-02-25 12:50:01,794 - Knowledge - INFO - Fast-tracked /app/data/T0015/326202/b9060hi/Rufesi/java_console/models/src/com/rusefi/config/test/FieldTest.java (ext=.java, size=876)
2026-02-25 12:50:02,004 - Knowledge - INFO - Worker kw20 processing /app/data/T0015/326202/b9060hi/Rufesi/java_console/models/src/com/rusefi/core/Pair.java
2026-02-25 12:50:02,211 - Knowledge - INFO - process ingested knowledge for /app/data/T0015/326202/b9060hi/Rufesi/java_console/models/src/com/rusefi/test/CyclicBufferTest.java
2026-02-25 12:50:02,335 - Knowledge - INFO - Processing batch of 10 files
2026-02-25 12:50:02,509 - Knowledge - INFO - Fast-tracked /app/data/T0015/326202/b9060hi/Rufesi/java_console/models/src/com/rusefi/core/Pair.java (ext=.java, size=439)
2026-02-25 12:50:02,598 - Knowledge - INFO - process ingested knowledge for /app/data/T0015/326202/b9060hi/Rufesi/java_console/models/src/com/rusefi/test/ParserTest.java
2026-02-25 12:50:02,718 - Knowledge - INFO - process ingested knowledge for /app/data/T0015/326202/b9060hi/Rufesi/java_console/models/src/com/rusefi/trigger/TriggerShapeHolder.java
2026-02-25 12:50:02,940 - Knowledge - INFO - process ingested knowledge for /app/data/T0015/326202/b9060hi/Rufesi/java_console/models/src/com/rusefi/test/BinarySearchTest.java
2026-02-25 12:50:03,014 - Knowledge - INFO - process ingested knowledge for /app/data/T0015/326202/b9060hi/Rufesi/java_console/models/src/com/rusefi/trigger/MiataNA.java
2026-02-25 12:50:03,122 - Knowledge - INFO - process ingested knowledge for /app/data/T0015/326202/b9060hi/Rufesi/java_console/models/src/com/rusefi/SensorConversion.java
2026-02-25 12:50:03,206 - Knowledge - INFO - process ingested knowledge for /app/data/T0015/326202/b9060hi/Rufesi/java_console/models/src/com/rusefi/DataBuffer.java
2026-02-25 12:50:03,409 - Knowledge - INFO - process ingested knowledge for /app/data/T0015/326202/b9060hi/Rufesi/java_console/models/src/com/rusefi/TimeBasedBuffer.java
2026-02-25 12:50:03,494 - Knowledge - INFO - process ingested knowledge for /app/data/T0015/326202/b9060hi/Rufesi/java_console/models/src/com/rusefi/models/test/Array1DTest.java
2026-02-25 12:50:03,580 - Knowledge - INFO - process ingested knowledge for /app/data/T0015/326202/b9060hi/Rufesi/java_console/models/src/com/rusefi/io/LinkDecoder.java
2026-02-25 12:50:03,666 - Knowledge - INFO - process ingested knowledge for /app/data/T0015/326202/b9060hi/Rufesi/java_console/models/src/com/rusefi/models/test/XYDataSandbox.java
2026-02-25 12:50:03,787 - Knowledge - INFO - process ingested knowledge for /app/data/T0015/326202/b9060hi/Rufesi/java_console/models/src/com/rusefi/io/CommunicationLoggingListener.java
2026-02-25 12:50:03,900 - Knowledge - INFO - process ingested knowledge for /app/data/T0015/326202/b9060hi/Rufesi/java_console/models/src/com/rusefi/models/test/UtilTest.java
2026-02-25 12:50:04,000 - Knowledge - INFO - process ingested knowledge for /app/data/T0015/326202/b9060hi/Rufesi/java_console/models/src/com/rusefi/io/CommunicationLoggingHolder.java
2026-02-25 12:50:04,103 - Knowledge - INFO - process ingested knowledge for /app/data/T0015/326202/b9060hi/Rufesi/java_console/models/src/com/rusefi/models/Factory.java
2026-02-25 12:50:04,176 - Knowledge - INFO - process ingested knowledge for /app/data/T0015/326202/b9060hi/Rufesi/java_console/models/src/com/rusefi/ReportLine.java
2026-02-25 12:50:04,289 - Knowledge - INFO - process ingested knowledge for /app/data/T0015/326202/b9060hi/Rufesi/java_console/models/src/com/rusefi/models/YAxisData.java
2026-02-25 12:50:04,388 - Knowledge - INFO - process ingested knowledge for /app/data/T0015/326202/b9060hi/Rufesi/java_console/models/src/com/rusefi/trigger/TriggerShape.java
2026-02-25 12:50:04,451 - Knowledge - INFO - process ingested knowledge for /app/data/T0015/326202/b9060hi/Rufesi/java_console/models/src/com/rusefi/models/Array1D.java
2026-02-25 12:50:04,833 - Knowledge - INFO - process ingested knowledge for /app/data/T0015/326202/b9060hi/Rufesi/java_console/models/src/com/rusefi/models/RpmValue.java
2026-02-25 12:50:07,199 - Knowledge - INFO - [LLM_CALL] Completed: rusEfiFunctionalTest.cpp:chunk1, Duration: 19964ms, PromptTokens: 2936, CompletionTokens: 936, Cost: $0.00067
2026-02-25 12:50:07,377 - Knowledge - INFO - done ingest for /app/data/T0015/326202/b9060hi/Rufesi/simulator/simulator/rusEfiFunctionalTest.cpp
2026-02-25 12:50:09,019 - Knowledge - INFO - [WEBSOCKET] Sent: Type=progress_update, Size: 292, Duration: 0ms
2026-02-25 12:50:09,200 - Knowledge - INFO - [WEBSOCKET] Sent: Type=unknown, Size: ?, Duration: 181ms
2026-02-25 12:50:09,401 - Knowledge - INFO - Progress: 1.9% | Files: 27/1454 | Rate: 0.42 files/sec | Queue: 1254
2026-02-25 12:50:09,406 - Knowledge - INFO - [kw17] Queue=1254, InProgress=0, PendingWorkers=20/20, Completed=28/1454 (1.9%)
2026-02-25 12:50:09,443 - Knowledge - INFO - Processing batch of 10 files
2026-02-25 12:50:09,634 - Knowledge - INFO - [kw16] Queue=1254, InProgress=0, PendingWorkers=20/20, Completed=30/1454 (2.1%)
2026-02-25 12:50:09,802 - Knowledge - INFO - Batch sizing: calculated=10, max_allowed=10, queue=1254, active_workers=20/20
2026-02-25 12:50:09,910 - Knowledge - INFO - process ingested knowledge for /app/data/T0015/326202/b9060hi/Rufesi/simulator/simulator/adc_inputs.h
2026-02-25 12:50:10,061 - Knowledge - INFO - Batch sizing: calculated=10, max_allowed=10, queue=1254, active_workers=20/20
2026-02-25 12:50:10,178 - Knowledge - INFO - Async storing batch of 10 embeddings
2026-02-25 12:50:10,325 - Knowledge - INFO - process ingested knowledge for /app/data/T0015/326202/b9060hi/Rufesi/simulator/simulator/framework.h
2026-02-25 12:50:10,473 - Knowledge - INFO - Async storing batch of 10 embeddings
2026-02-25 12:50:10,602 - Knowledge - INFO - Worker kw17 processing /app/data/T0015/326202/b9060hi/Rufesi/java_console/models/src/com/rusefi/core/Sensor.java
2026-02-25 12:50:10,715 - Knowledge - INFO - process ingested knowledge for /app/data/T0015/326202/b9060hi/Rufesi/simulator/simulator/boards.cpp
2026-02-25 12:50:10,877 - Knowledge - INFO - Worker kw16 processing /app/data/T0015/326202/b9060hi/Rufesi/java_console/models/src/com/rusefi/autotune/MathUtil.java
2026-02-25 12:50:11,028 - Knowledge - INFO - Worker kw17 processing /app/data/T0015/326202/b9060hi/Rufesi/java_console/models/src/com/rusefi/core/ValueSource.java
2026-02-25 12:50:11,179 - Knowledge - INFO - process ingested knowledge for /app/data/T0015/326202/b9060hi/Rufesi/simulator/simulator/rusEfiFunctionalTest.cpp
2026-02-25 12:50:11,304 - Knowledge - INFO - Fast-tracked /app/data/T0015/326202/b9060hi/Rufesi/java_console/models/src/com/rusefi/autotune/MathUtil.java (ext=.java, size=922)
2026-02-25 12:50:11,417 - Knowledge - INFO - Fast-tracked /app/data/T0015/326202/b9060hi/Rufesi/java_console/models/src/com/rusefi/core/ValueSource.java (ext=.java, size=130)
2026-02-25 12:50:11,553 - Knowledge - INFO - process ingested knowledge for /app/data/T0015/326202/b9060hi/Rufesi/simulator/simulator/boards.h
2026-02-25 12:50:11,698 - Knowledge - INFO - Worker kw16 processing /app/data/T0015/326202/b9060hi/Rufesi/java_console/models/src/com/rusefi/autotune/FuelAutoTune.java
2026-02-25 12:50:11,848 - Knowledge - INFO - Worker kw17 processing /app/data/T0015/326202/b9060hi/Rufesi/java_console/models/src/com/rusefi/core/MessagesCentral.java
2026-02-25 12:50:11,969 - Knowledge - INFO - process ingested knowledge for /app/data/T0015/326202/b9060hi/Rufesi/simulator/simulator/globalaccess.h
2026-02-25 12:50:12,084 - Knowledge - INFO - Worker kw16 processing /app/data/T0015/326202/b9060hi/Rufesi/java_console/models/src/com/rusefi/autotune/AfrDataPoint.java
2026-02-25 12:50:12,211 - Knowledge - INFO - Fast-tracked /app/data/T0015/326202/b9060hi/Rufesi/java_console/models/src/com/rusefi/core/MessagesCentral.java (ext=.java, size=1670)
2026-02-25 12:50:12,343 - Knowledge - INFO - process ingested knowledge for /app/data/T0015/326202/b9060hi/Rufesi/simulator/simulator/efifeatures.h
2026-02-25 12:50:12,566 - Knowledge - INFO - Fast-tracked /app/data/T0015/326202/b9060hi/Rufesi/java_console/models/src/com/rusefi/autotune/AfrDataPoint.java (ext=.java, size=1999)
2026-02-25 12:50:12,671 - Knowledge - INFO - Worker kw17 processing /app/data/T0015/326202/b9060hi/Rufesi/java_console/models/src/com/rusefi/core/ResponseBuffer.java
2026-02-25 12:50:12,780 - Knowledge - INFO - [LLM_CALL] Completed: main.c:chunk1, Duration: 30596ms, PromptTokens: 3136, CompletionTokens: 560, Cost: $0.00054
2026-02-25 12:50:12,787 - Knowledge - INFO - process ingested knowledge for /app/data/T0015/326202/b9060hi/Rufesi/simulator/simulator/svnversion.h
2026-02-25 12:50:12,871 - Knowledge - INFO - Worker kw16 processing /app/data/T0015/326202/b9060hi/Rufesi/java_console/models/src/com/rusefi/autotune/FuelAutoTune2.java
2026-02-25 12:50:12,963 - Knowledge - INFO - Fast-tracked /app/data/T0015/326202/b9060hi/Rufesi/java_console/models/src/com/rusefi/core/ResponseBuffer.java (ext=.java, size=1806)
2026-02-25 12:50:13,047 - Knowledge - INFO - done ingest for /app/data/T0015/326202/b9060hi/Rufesi/simulator/main.c
2026-02-25 12:50:13,128 - Knowledge - INFO - process ingested knowledge for /app/data/T0015/326202/b9060hi/Rufesi/simulator/simulator/global.h
2026-02-25 12:50:13,211 - Knowledge - INFO - Fast-tracked /app/data/T0015/326202/b9060hi/Rufesi/java_console/models/src/com/rusefi/autotune/FuelAutoTune2.java (ext=.java, size=1383)
2026-02-25 12:50:13,290 - Knowledge - INFO - Worker kw17 processing /app/data/T0015/326202/b9060hi/Rufesi/java_console/models/src/com/rusefi/core/SensorStats.java
2026-02-25 12:50:13,576 - Knowledge - INFO - process ingested knowledge for /app/data/T0015/326202/b9060hi/Rufesi/simulator/simulator/rusEfiFunctionalTest.h
2026-02-25 12:50:13,711 - Knowledge - INFO - Worker kw16 processing /app/data/T0015/326202/b9060hi/Rufesi/java_console/models/src/com/rusefi/autotune/FuelAutoLogic.java
2026-02-25 12:50:13,887 - Knowledge - INFO - Worker kw17 processing /app/data/T0015/326202/b9060hi/Rufesi/java_console/models/src/com/rusefi/core/SensorCentral.java
2026-02-25 12:50:14,130 - Knowledge - INFO - Fast-tracked /app/data/T0015/326202/b9060hi/Rufesi/java_console/models/src/com/rusefi/autotune/FuelAutoLogic.java (ext=.java, size=321)
2026-02-25 12:50:14,199 - Knowledge - INFO - Worker kw17 processing /app/data/T0015/326202/b9060hi/Rufesi/java_console/models/src/com/rusefi/core/EngineTimeListener.java
2026-02-25 12:50:14,392 - Knowledge - INFO - Worker kw16 processing /app/data/T0015/326202/b9060hi/Rufesi/java_console/models/src/com/rusefi/autotune/Result.java
2026-02-25 12:50:14,512 - Knowledge - INFO - Fast-tracked /app/data/T0015/326202/b9060hi/Rufesi/java_console/models/src/com/rusefi/core/EngineTimeListener.java (ext=.java, size=147)
2026-02-25 12:50:14,660 - Knowledge - INFO - Fast-tracked /app/data/T0015/326202/b9060hi/Rufesi/java_console/models/src/com/rusefi/autotune/Result.java (ext=.java, size=297)
2026-02-25 12:50:14,757 - Knowledge - INFO - Worker kw17 processing /app/data/T0015/326202/b9060hi/Rufesi/java_console/models/src/com/rusefi/core/EngineState.java
2026-02-25 12:50:14,841 - Knowledge - INFO - [LLM_CALL] Completed: halconf.h:chunk1, Duration: 31039ms, PromptTokens: 5140, CompletionTokens: 429, Cost: $0.00069
2026-02-25 12:50:14,886 - Knowledge - INFO - Worker kw16 processing /app/data/T0015/326202/b9060hi/Rufesi/java_console/models/src/com/rusefi/AverageAngles.java
2026-02-25 12:50:14,984 - Knowledge - INFO - Worker kw17 processing /app/data/T0015/326202/b9060hi/Rufesi/java_console/models/src/com/rusefi/autotune/test/FuelAutoTuneTest.java
2026-02-25 12:50:15,061 - Knowledge - INFO - done ingest for /app/data/T0015/326202/b9060hi/Rufesi/simulator/halconf.h
2026-02-25 12:50:15,154 - Knowledge - INFO - Worker kw16 processing /app/data/T0015/326202/b9060hi/Rufesi/java_console/models/src/com/rusefi/AverageAnglesUtil.java
2026-02-25 12:50:15,259 - Knowledge - INFO - Fast-tracked /app/data/T0015/326202/b9060hi/Rufesi/java_console/models/src/com/rusefi/autotune/test/FuelAutoTuneTest.java (ext=.java, size=3642)
2026-02-25 12:50:15,510 - Knowledge - INFO - Fast-tracked /app/data/T0015/326202/b9060hi/Rufesi/java_console/models/src/com/rusefi/AverageAnglesUtil.java (ext=.java, size=1988)
2026-02-25 12:50:15,742 - Knowledge - INFO - Worker kw17 processing /app/data/T0015/326202/b9060hi/Rufesi/java_console/models/src/com/rusefi/autotune/test/FuelAutoTune2Test.java
2026-02-25 12:50:15,876 - Knowledge - INFO - Worker kw16 processing /app/data/T0015/326202/b9060hi/Rufesi/java_console/models/src/com/rusefi/BinarySearch.java
2026-02-25 12:50:16,015 - Knowledge - INFO - Fast-tracked /app/data/T0015/326202/b9060hi/Rufesi/java_console/models/src/com/rusefi/autotune/test/FuelAutoTune2Test.java (ext=.java, size=1831)
2026-02-25 12:50:16,135 - Knowledge - INFO - Fast-tracked /app/data/T0015/326202/b9060hi/Rufesi/java_console/models/src/com/rusefi/BinarySearch.java (ext=.java, size=979)
2026-02-25 12:50:16,235 - Knowledge - INFO - Async storage completed for 10 embeddings
2026-02-25 12:50:16,331 - Knowledge - INFO - Worker kw16 processing /app/data/T0015/326202/b9060hi/Rufesi/java_console/models/src/com/rusefi/ReportReader.java
2026-02-25 12:50:16,596 - Knowledge - INFO - Fast-tracked /app/data/T0015/326202/b9060hi/Rufesi/java_console/models/src/org/apache/commons/math3/exception/MathInternalError.java (small file (2024 bytes))
2026-02-25 12:50:16,598 - Knowledge - INFO - Async storage completed for 10 embeddings
2026-02-25 12:50:16,605 - Knowledge - INFO - [LLM_CALL] Completed: ByteBuffer.java:chunk1, Duration: 28515ms, PromptTokens: 3130, CompletionTokens: 611, Cost: $0.00056
2026-02-25 12:50:16,830 - Knowledge - INFO - Fast-tracked /app/data/T0015/326202/b9060hi/Rufesi/java_console/models/src/org/apache/commons/math3/exception/NumberIsTooLargeException.java (small file (2907 bytes))
2026-02-25 12:50:16,993 - Knowledge - INFO - done ingest for /app/data/T0015/326202/b9060hi/Rufesi/java_console/io/src/etch/util/ByteBuffer.java
2026-02-25 12:50:16,994 - Knowledge - INFO - [kw1] Queue=1234, InProgress=0, PendingWorkers=20/20, Completed=30/1454 (2.1%)
2026-02-25 12:50:17,349 - Knowledge - INFO - Batch sizing: calculated=10, max_allowed=10, queue=1234, active_workers=20/20
2026-02-25 12:50:17,482 - Knowledge - INFO - [LLM_CALL] Completed: chconf.h:chunk1, Duration: 31462ms, PromptTokens: 8184, CompletionTokens: 610, Cost: $0.00106
2026-02-25 12:50:17,665 - Knowledge - INFO - done ingest for /app/data/T0015/326202/b9060hi/Rufesi/simulator/chconf.h
2026-02-25 12:50:17,666 - Knowledge - INFO - Async storing batch of 10 embeddings
2026-02-25 12:50:17,911 - Knowledge - INFO - Processing batch of 10 files
2026-02-25 12:50:17,956 - Knowledge - INFO - Worker kw1 processing /app/data/T0015/326202/b9060hi/Rufesi/java_console/opensr5/src/com/opensr5/Logger.java
2026-02-25 12:50:18,084 - Knowledge - INFO - process ingested knowledge for /app/data/T0015/326202/b9060hi/Rufesi/simulator/simulator/framework.cpp
2026-02-25 12:50:18,178 - Knowledge - INFO - Fast-tracked /app/data/T0015/326202/b9060hi/Rufesi/java_console/opensr5/src/com/opensr5/Logger.java (ext=.java, size=622)
2026-02-25 12:50:18,244 - Knowledge - INFO - process ingested knowledge for /app/data/T0015/326202/b9060hi/Rufesi/simulator/main.c
2026-02-25 12:50:18,350 - Knowledge - INFO - Worker kw1 processing /app/data/T0015/326202/b9060hi/Rufesi/java_console/opensr5/src/com/opensr5/io/DataListener.java
2026-02-25 12:50:18,451 - Knowledge - INFO - process ingested knowledge for /app/data/T0015/326202/b9060hi/Rufesi/simulator/halconf.h
2026-02-25 12:50:18,527 - Knowledge - INFO - Fast-tracked /app/data/T0015/326202/b9060hi/Rufesi/java_console/opensr5/src/com/opensr5/io/DataListener.java (ext=.java, size=154)
2026-02-25 12:50:18,661 - Knowledge - INFO - process ingested knowledge for /app/data/T0015/326202/b9060hi/Rufesi/simulator/chconf.h
2026-02-25 12:50:18,731 - Knowledge - INFO - Worker kw1 processing /app/data/T0015/326202/b9060hi/Rufesi/java_console/opensr5/src/com/opensr5/io/test/IniFileReaderTest.java
2026-02-25 12:50:18,821 - Knowledge - INFO - process ingested knowledge for /app/data/T0015/326202/b9060hi/Rufesi/java_console/io/src/etch/util/ByteBuffer.java
2026-02-25 12:50:18,939 - Knowledge - INFO - Fast-tracked /app/data/T0015/326202/b9060hi/Rufesi/java_console/opensr5/src/com/opensr5/io/test/IniFileReaderTest.java (ext=.java, size=2460)
2026-02-25 12:50:19,042 - Knowledge - INFO - process ingested knowledge for /app/data/T0015/326202/b9060hi/Rufesi/java_console/io/src/etch/util/CircularByteBuffer.java
2026-02-25 12:50:19,142 - Knowledge - INFO - Worker kw1 processing /app/data/T0015/326202/b9060hi/Rufesi/java_console/opensr5/src/com/opensr5/io/RawIniFile.java
2026-02-25 12:50:19,225 - Knowledge - INFO - process ingested knowledge for /app/data/T0015/326202/b9060hi/Rufesi/java_console/io/src/com/rusefi/file/FileUtils.java
2026-02-25 12:50:19,335 - Knowledge - INFO - Worker kw1 processing /app/data/T0015/326202/b9060hi/Rufesi/java_console/opensr5/src/com/opensr5/io/BasicBinaryProtocol.java
2026-02-25 12:50:19,439 - Knowledge - INFO - process ingested knowledge for /app/data/T0015/326202/b9060hi/Rufesi/java_console/io/src/com/rusefi/file/BaseMap.java
2026-02-25 12:50:19,518 - Knowledge - INFO - Fast-tracked /app/data/T0015/326202/b9060hi/Rufesi/java_console/opensr5/src/com/opensr5/io/BasicBinaryProtocol.java (ext=.java, size=108)
2026-02-25 12:50:19,607 - Knowledge - INFO - process ingested knowledge for /app/data/T0015/326202/b9060hi/Rufesi/java_console/io/src/com/rusefi/file/TableGenerator.java
2026-02-25 12:50:19,740 - Knowledge - INFO - Worker kw1 processing /app/data/T0015/326202/b9060hi/Rufesi/java_console/opensr5/src/com/opensr5/io/IniFileMetaInfo.java
2026-02-25 12:50:19,826 - Knowledge - INFO - process ingested knowledge for /app/data/T0015/326202/b9060hi/Rufesi/java_console/io/src/com/rusefi/test/ConfigurationImageDiffTest.java
2026-02-25 12:50:19,914 - Knowledge - INFO - Fast-tracked /app/data/T0015/326202/b9060hi/Rufesi/java_console/opensr5/src/com/opensr5/io/IniFileMetaInfo.java (ext=.java, size=1779)
2026-02-25 12:50:20,100 - Knowledge - INFO - Worker kw1 processing /app/data/T0015/326202/b9060hi/Rufesi/java_console/opensr5/src/com/opensr5/io/IniFileReader.java
2026-02-25 12:50:20,316 - Knowledge - INFO - Worker kw1 processing /app/data/T0015/326202/b9060hi/Rufesi/java_console/opensr5/src/com/opensr5/io/ConfigurationImageFile.java
2026-02-25 12:50:20,499 - Knowledge - INFO - Worker kw1 processing /app/data/T0015/326202/b9060hi/Rufesi/java_console/opensr5/src/com/opensr5/io/WriteStream.java
2026-02-25 12:50:20,652 - Knowledge - INFO - Fast-tracked /app/data/T0015/326202/b9060hi/Rufesi/java_console/opensr5/src/com/opensr5/io/WriteStream.java (ext=.java, size=260)
2026-02-25 12:50:20,843 - Knowledge - INFO - Worker kw1 processing /app/data/T0015/326202/b9060hi/Rufesi/java_console/opensr5/src/com/opensr5/Main.java
2026-02-25 12:50:21,005 - Knowledge - INFO - Fast-tracked /app/data/T0015/326202/b9060hi/Rufesi/java_console/opensr5/src/com/opensr5/Main.java (ext=.java, size=981)
2026-02-25 12:50:21,226 - Knowledge - INFO - Fast-tracked /app/data/T0015/326202/b9060hi/Rufesi/java_console/opensr5/src/com/opensr5/io/RawIniFile.java (small file (2445 bytes))
2026-02-25 12:50:21,403 - Knowledge - INFO - Fast-tracked /app/data/T0015/326202/b9060hi/Rufesi/java_console/opensr5/src/com/opensr5/io/IniFileReader.java (small file (2434 bytes))
2026-02-25 12:50:21,586 - Knowledge - INFO - Fast-tracked /app/data/T0015/326202/b9060hi/Rufesi/java_console/opensr5/src/com/opensr5/io/ConfigurationImageFile.java (small file (2406 bytes))
2026-02-25 12:50:21,734 - Knowledge - INFO - [kw2] Queue=1224, InProgress=0, PendingWorkers=20/20, Completed=40/1454 (2.8%)
2026-02-25 12:50:21,759 - Knowledge - INFO - Async storage completed for 10 embeddings
2026-02-25 12:50:21,909 - Knowledge - INFO - Batch sizing: calculated=10, max_allowed=10, queue=1224, active_workers=20/20
2026-02-25 12:50:22,030 - Knowledge - INFO - Processing batch of 10 files
2026-02-25 12:50:22,113 - Knowledge - INFO - Async storing batch of 10 embeddings
2026-02-25 12:50:22,182 - Knowledge - INFO - process ingested knowledge for /app/data/T0015/326202/b9060hi/Rufesi/java_console/opensr5/src/com/opensr5/Logger.java
2026-02-25 12:50:22,323 - Knowledge - INFO - Worker kw2 processing /app/data/T0015/326202/b9060hi/Rufesi/java_console/opensr5/src/com/opensr5/ConfigurationImage.java
2026-02-25 12:50:22,435 - Knowledge - INFO - process ingested knowledge for /app/data/T0015/326202/b9060hi/Rufesi/java_console/opensr5/src/com/opensr5/io/DataListener.java
2026-02-25 12:50:22,531 - Knowledge - INFO - Fast-tracked /app/data/T0015/326202/b9060hi/Rufesi/java_console/opensr5/src/com/opensr5/ConfigurationImage.java (ext=.java, size=1311)
2026-02-25 12:50:22,552 - Knowledge - INFO - Fast-tracked /app/data/T0015/326202/b9060hi/Rufesi/java_console/models/src/com/rusefi/waves/RevolutionLog.java (small file (2604 bytes))
2026-02-25 12:50:22,636 - Knowledge - INFO - process ingested knowledge for /app/data/T0015/326202/b9060hi/Rufesi/java_console/opensr5/src/com/opensr5/io/test/IniFileReaderTest.java
2026-02-25 12:50:22,731 - Knowledge - INFO - Worker kw2 processing /app/data/T0015/326202/b9060hi/Rufesi/java_console/readme.txt
2026-02-25 12:50:22,973 - Knowledge - INFO - process ingested knowledge for /app/data/T0015/326202/b9060hi/Rufesi/java_console/opensr5/src/com/opensr5/io/RawIniFile.java
2026-02-25 12:50:23,100 - Knowledge - INFO - Fast-tracked /app/data/T0015/326202/b9060hi/Rufesi/java_console/readme.txt (ext=.txt, size=114)
2026-02-25 12:50:23,173 - Knowledge - INFO - process ingested knowledge for /app/data/T0015/326202/b9060hi/Rufesi/java_console/opensr5/src/com/opensr5/io/BasicBinaryProtocol.java
2026-02-25 12:50:23,246 - Knowledge - INFO - Worker kw2 processing /app/data/T0015/326202/b9060hi/Rufesi/java_console/ui/src/org/putgemin/VerticalFlowLayout.java
2026-02-25 12:50:23,327 - Knowledge - INFO - process ingested knowledge for /app/data/T0015/326202/b9060hi/Rufesi/java_console/opensr5/src/com/opensr5/io/IniFileMetaInfo.java
2026-02-25 12:50:23,469 - Knowledge - INFO - Worker kw2 processing /app/data/T0015/326202/b9060hi/Rufesi/java_console/ui/src/com/rusefi/SensorSnifferCentral.java
2026-02-25 12:50:23,544 - Knowledge - INFO - process ingested knowledge for /app/data/T0015/326202/b9060hi/Rufesi/java_console/opensr5/src/com/opensr5/io/IniFileReader.java
2026-02-25 12:50:23,640 - Knowledge - INFO - Fast-tracked /app/data/T0015/326202/b9060hi/Rufesi/java_console/ui/src/com/rusefi/SensorSnifferCentral.java (ext=.java, size=904)
2026-02-25 12:50:23,737 - Knowledge - INFO - process ingested knowledge for /app/data/T0015/326202/b9060hi/Rufesi/java_console/opensr5/src/com/opensr5/io/ConfigurationImageFile.java
2026-02-25 12:50:23,823 - Knowledge - INFO - Worker kw2 processing /app/data/T0015/326202/b9060hi/Rufesi/java_console/ui/src/com/rusefi/CommandControl.java
2026-02-25 12:50:23,931 - Knowledge - INFO - process ingested knowledge for /app/data/T0015/326202/b9060hi/Rufesi/java_console/opensr5/src/com/opensr5/io/WriteStream.java
2026-02-25 12:50:24,052 - Knowledge - INFO - Fast-tracked /app/data/T0015/326202/b9060hi/Rufesi/java_console/ui/src/com/rusefi/CommandControl.java (ext=.java, size=1593)
2026-02-25 12:50:24,163 - Knowledge - INFO - process ingested knowledge for /app/data/T0015/326202/b9060hi/Rufesi/java_console/opensr5/src/com/opensr5/Main.java
2026-02-25 12:50:24,245 - Knowledge - INFO - Worker kw2 processing /app/data/T0015/326202/b9060hi/Rufesi/java_console/ui/src/com/rusefi/SimulatorHelper.java
2026-02-25 12:50:24,325 - Knowledge - INFO - Fast-tracked /app/data/T0015/326202/b9060hi/Rufesi/java_console/models/src/org/apache/commons/math3/exception/MathIllegalStateException.java (small file (2922 bytes))
2026-02-25 12:50:24,506 - Knowledge - INFO - Worker kw2 processing /app/data/T0015/326202/b9060hi/Rufesi/java_console/ui/src/com/rusefi/FixedCommandControl.java
2026-02-25 12:50:24,607 - Knowledge - INFO - Fast-tracked /app/data/T0015/326202/b9060hi/Rufesi/java_console/models/src/org/apache/commons/math3/exception/MathIllegalNumberException.java (small file (2106 bytes))
2026-02-25 12:50:24,699 - Knowledge - INFO - Fast-tracked /app/data/T0015/326202/b9060hi/Rufesi/java_console/ui/src/com/rusefi/FixedCommandControl.java (ext=.java, size=394)
2026-02-25 12:50:24,880 - Knowledge - INFO - Worker kw2 processing /app/data/T0015/326202/b9060hi/Rufesi/java_console/ui/src/com/rusefi/test/EcuStimulatorSandbox.java
2026-02-25 12:50:25,049 - Knowledge - INFO - Fast-tracked /app/data/T0015/326202/b9060hi/Rufesi/java_console/ui/src/com/rusefi/test/EcuStimulatorSandbox.java (ext=.java, size=339)
2026-02-25 12:50:25,224 - Knowledge - INFO - Worker kw2 processing /app/data/T0015/326202/b9060hi/Rufesi/java_console/ui/src/com/rusefi/test/SensorSnifferPaneSandbox.java
2026-02-25 12:50:25,454 - Knowledge - INFO - Fast-tracked /app/data/T0015/326202/b9060hi/Rufesi/java_console/ui/src/com/rusefi/test/SensorSnifferPaneSandbox.java (ext=.java, size=463)
2026-02-25 12:50:25,609 - Knowledge - INFO - Worker kw2 processing /app/data/T0015/326202/b9060hi/Rufesi/java_console/ui/src/com/rusefi/test/MsgPanelSandbox.java
2026-02-25 12:50:25,810 - Knowledge - INFO - Fast-tracked /app/data/T0015/326202/b9060hi/Rufesi/java_console/ui/src/com/rusefi/test/MsgPanelSandbox.java (ext=.java, size=425)
2026-02-25 12:50:26,191 - Knowledge - INFO - [kw1] Queue=1214, InProgress=0, PendingWorkers=20/20, Completed=50/1454 (3.4%)
2026-02-25 12:50:26,382 - Knowledge - INFO - Batch sizing: calculated=10, max_allowed=10, queue=1214, active_workers=20/20
2026-02-25 12:50:26,641 - Knowledge - INFO - Async storing batch of 10 embeddings
2026-02-25 12:50:26,879 - Knowledge - INFO - Worker kw1 processing /app/data/T0015/326202/b9060hi/Rufesi/java_console/ui/src/com/rusefi/test/VoltageDividerTest.java
2026-02-25 12:50:27,135 - Knowledge - INFO - Fast-tracked /app/data/T0015/326202/b9060hi/Rufesi/java_console/ui/src/com/rusefi/test/VoltageDividerTest.java (ext=.java, size=427)
2026-02-25 12:50:27,313 - Knowledge - INFO - Worker kw1 processing /app/data/T0015/326202/b9060hi/Rufesi/java_console/ui/src/com/rusefi/BenchTestPane.java
2026-02-25 12:50:27,507 - Knowledge - INFO - Worker kw1 processing /app/data/T0015/326202/b9060hi/Rufesi/java_console/ui/src/com/rusefi/trigger/WaveState.java
2026-02-25 12:50:27,672 - Knowledge - INFO - Fast-tracked /app/data/T0015/326202/b9060hi/Rufesi/java_console/ui/src/com/rusefi/trigger/WaveState.java (ext=.java, size=1450)
2026-02-25 12:50:27,875 - Knowledge - INFO - Worker kw1 processing /app/data/T0015/326202/b9060hi/Rufesi/java_console/ui/src/com/rusefi/StimulationInputs.java
2026-02-25 12:50:28,019 - Knowledge - INFO - Worker kw1 processing /app/data/T0015/326202/b9060hi/Rufesi/java_console/ui/src/com/rusefi/CmdLine.java
2026-02-25 12:50:28,206 - Knowledge - INFO - Fast-tracked /app/data/T0015/326202/b9060hi/Rufesi/java_console/ui/src/com/rusefi/CmdLine.java (ext=.java, size=940)
2026-02-25 12:50:28,407 - Knowledge - INFO - Worker kw1 processing /app/data/T0015/326202/b9060hi/Rufesi/java_console/ui/src/com/rusefi/AverageAnglePanel.java
2026-02-25 12:50:28,582 - Knowledge - INFO - Fast-tracked /app/data/T0015/326202/b9060hi/Rufesi/java_console/ui/src/com/rusefi/AverageAnglePanel.java (ext=.java, size=1830)
2026-02-25 12:50:28,782 - Knowledge - INFO - Worker kw1 processing /app/data/T0015/326202/b9060hi/Rufesi/java_console/ui/src/com/rusefi/Launcher.java
2026-02-25 12:50:28,925 - Knowledge - INFO - Worker kw1 processing /app/data/T0015/326202/b9060hi/Rufesi/java_console/ui/src/com/rusefi/PresetsPane.java
2026-02-25 12:50:29,135 - Knowledge - INFO - Fast-tracked /app/data/T0015/326202/b9060hi/Rufesi/java_console/ui/src/com/rusefi/PresetsPane.java (ext=.java, size=1832)
2026-02-25 12:50:29,314 - Knowledge - INFO - Worker kw1 processing /app/data/T0015/326202/b9060hi/Rufesi/java_console/ui/src/com/rusefi/SensorLogger.java
2026-02-25 12:50:29,430 - Knowledge - INFO - Fast-tracked /app/data/T0015/326202/b9060hi/Rufesi/java_console/models/src/com/rusefi/core/SensorStats.java (small file (2971 bytes))
2026-02-25 12:50:29,482 - Knowledge - INFO - Worker kw1 processing /app/data/T0015/326202/b9060hi/Rufesi/java_console/ui/src/com/rusefi/RomRaiderWrapper.java
2026-02-25 12:50:29,691 - Knowledge - INFO - Fast-tracked /app/data/T0015/326202/b9060hi/Rufesi/java_console/ui/src/com/rusefi/RomRaiderWrapper.java (ext=.java, size=1192)
2026-02-25 12:50:29,808 - Knowledge - INFO - Fast-tracked /app/data/T0015/326202/b9060hi/Rufesi/java_console/io/src/com/rusefi/io/tcp/TcpIoStream.java (small file (2035 bytes))
2026-02-25 12:50:33,064 - Knowledge - INFO - [LLM_CALL] Completed: EngineReport.java:chunk1, Duration: 30640ms, PromptTokens: 3476, CompletionTokens: 656, Cost: $0.00061
2026-02-25 12:50:33,318 - Knowledge - INFO - done ingest for /app/data/T0015/326202/b9060hi/Rufesi/java_console/models/src/com/rusefi/waves/EngineReport.java
2026-02-25 12:50:33,593 - Knowledge - INFO - Processing batch of 10 files
2026-02-25 12:50:33,907 - Knowledge - INFO - process ingested knowledge for /app/data/T0015/326202/b9060hi/Rufesi/java_console/models/src/com/rusefi/waves/ZoomProvider.java
2026-02-25 12:50:34,122 - Knowledge - INFO - process ingested knowledge for /app/data/T0015/326202/b9060hi/Rufesi/java_console/models/src/com/rusefi/waves/test/EngineReportTest.java
2026-02-25 12:50:34,381 - Knowledge - INFO - process ingested knowledge for /app/data/T0015/326202/b9060hi/Rufesi/java_console/models/src/com/rusefi/waves/test/RevolutionLogTest.java
2026-02-25 12:50:34,589 - Knowledge - INFO - process ingested knowledge for /app/data/T0015/326202/b9060hi/Rufesi/java_console/models/src/com/rusefi/waves/test/EngineChartParserTest.java
2026-02-25 12:50:34,848 - Knowledge - INFO - process ingested knowledge for /app/data/T0015/326202/b9060hi/Rufesi/java_console/models/src/com/rusefi/waves/EngineChart.java
2026-02-25 12:50:35,193 - Knowledge - INFO - process ingested knowledge for /app/data/T0015/326202/b9060hi/Rufesi/java_console/models/src/com/rusefi/waves/EngineReport.java
2026-02-25 12:50:35,425 - Knowledge - INFO - process ingested knowledge for /app/data/T0015/326202/b9060hi/Rufesi/java_console/models/src/com/rusefi/waves/TimeAxisTranslator.java
2026-02-25 12:50:35,646 - Knowledge - INFO - process ingested knowledge for /app/data/T0015/326202/b9060hi/Rufesi/java_console/models/src/com/rusefi/waves/RevolutionLog.java
2026-02-25 12:50:36,002 - Knowledge - INFO - process ingested knowledge for /app/data/T0015/326202/b9060hi/Rufesi/java_console/models/src/com/rusefi/waves/EngineChartParser.java
2026-02-25 12:50:36,307 - Knowledge - INFO - process ingested knowledge for /app/data/T0015/326202/b9060hi/Rufesi/java_console/models/src/com/rusefi/config/test/FieldTest.java
2026-02-25 12:50:38,154 - Knowledge - INFO - [LLM_CALL] Completed: Operator.java:chunk1, Duration: 28444ms, PromptTokens: 3354, CompletionTokens: 442, Cost: $0.00051
2026-02-25 12:50:38,232 - Knowledge - INFO - Fast-tracked /app/data/T0015/326202/b9060hi/Rufesi/java_console/ui/src/com/rusefi/StimulationInputs.java (small file (2423 bytes))
2026-02-25 12:50:38,372 - Knowledge - INFO - done ingest for /app/data/T0015/326202/b9060hi/Rufesi/java_console/models/src/com/fathzer/soft/javaluator/Operator.java
2026-02-25 12:50:41,167 - Knowledge - INFO - [LLM_CALL] Completed: Parameters.java:chunk1, Duration: 42094ms, PromptTokens: 3302, CompletionTokens: 831, Cost: $0.00066
2026-02-25 12:50:41,487 - Knowledge - INFO - done ingest for /app/data/T0015/326202/b9060hi/Rufesi/java_console/models/src/com/fathzer/soft/javaluator/Parameters.java
2026-02-25 12:50:41,938 - Knowledge - INFO - Processing batch of 10 files
2026-02-25 12:50:41,994 - Knowledge - INFO - [LLM_CALL] Completed: Field.java:chunk1, Duration: 39157ms, PromptTokens: 2596, CompletionTokens: 374, Cost: $0.00041
2026-02-25 12:50:42,177 - Knowledge - INFO - process ingested knowledge for /app/data/T0015/326202/b9060hi/Rufesi/java_console/models/src/org/apache/commons/math3/exception/OutOfRangeException.java
2026-02-25 12:50:42,288 - Knowledge - INFO - done ingest for /app/data/T0015/326202/b9060hi/Rufesi/java_console/models/src/com/rusefi/config/Field.java
2026-02-25 12:50:42,581 - Knowledge - INFO - process ingested knowledge for /app/data/T0015/326202/b9060hi/Rufesi/java_console/models/src/org/apache/commons/math3/exception/MaxCountExceededException.java
2026-02-25 12:50:43,262 - Knowledge - INFO - process ingested knowledge for /app/data/T0015/326202/b9060hi/Rufesi/java_console/models/src/org/apache/commons/math3/exception/NullArgumentException.java
2026-02-25 12:50:43,392 - Knowledge - INFO - [WEBSOCKET] Sent: Type=progress_update, Size: 292, Duration: 0ms
2026-02-25 12:50:43,455 - Knowledge - INFO - process ingested knowledge for /app/data/T0015/326202/b9060hi/Rufesi/java_console/models/src/org/apache/commons/math3/exception/NotPositiveException.java
2026-02-25 12:50:43,817 - Knowledge - INFO - [WEBSOCKET] Sent: Type=unknown, Size: ?, Duration: 425ms
2026-02-25 12:50:43,933 - Knowledge - INFO - process ingested knowledge for /app/data/T0015/326202/b9060hi/Rufesi/java_console/models/src/org/apache/commons/math3/exception/MathArithmeticException.java
2026-02-25 12:50:44,109 - Knowledge - INFO - Progress: 4.8% | Files: 70/1454 | Rate: 0.71 files/sec | Queue: 1204
2026-02-25 12:50:44,311 - Knowledge - INFO - process ingested knowledge for /app/data/T0015/326202/b9060hi/Rufesi/java_console/models/src/org/apache/commons/math3/exception/DimensionMismatchException.java
2026-02-25 12:50:44,452 - Knowledge - INFO - [kw19] Queue=1204, InProgress=0, PendingWorkers=20/20, Completed=70/1454 (4.8%)
2026-02-25 12:50:44,674 - Knowledge - INFO - process ingested knowledge for /app/data/T0015/326202/b9060hi/Rufesi/java_console/models/src/org/apache/commons/math3/exception/NumberIsTooSmallException.java
2026-02-25 12:50:44,803 - Knowledge - INFO - Batch sizing: calculated=10, max_allowed=10, queue=1204, active_workers=20/20
2026-02-25 12:50:44,999 - Knowledge - INFO - process ingested knowledge for /app/data/T0015/326202/b9060hi/Rufesi/java_console/models/src/com/fathzer/soft/javaluator/BracketPair.java
2026-02-25 12:50:45,162 - Knowledge - INFO - Async storing batch of 10 embeddings
2026-02-25 12:50:45,401 - Knowledge - INFO - process ingested knowledge for /app/data/T0015/326202/b9060hi/Rufesi/java_console/models/src/com/fathzer/soft/javaluator/Parameters.java
2026-02-25 12:50:46,032 - Knowledge - INFO - Worker kw19 processing /app/data/T0015/326202/b9060hi/Rufesi/java_console/ui/src/com/rusefi/logic/test/IgnitionMapBuilderTest.java
2026-02-25 12:50:46,223 - Knowledge - INFO - process ingested knowledge for /app/data/T0015/326202/b9060hi/Rufesi/java_console/models/src/com/fathzer/soft/javaluator/Operator.java
2026-02-25 12:50:46,415 - Knowledge - INFO - Fast-tracked /app/data/T0015/326202/b9060hi/Rufesi/java_console/ui/src/com/rusefi/logic/test/IgnitionMapBuilderTest.java (ext=.java, size=1756)
2026-02-25 12:50:46,745 - Knowledge - INFO - Worker kw19 processing /app/data/T0015/326202/b9060hi/Rufesi/java_console/ui/src/com/rusefi/logic/IgnitionMapBuilder.java
2026-02-25 12:50:47,007 - Knowledge - INFO - Fast-tracked /app/data/T0015/326202/b9060hi/Rufesi/java_console/models/src/org/apache/commons/math3/exception/MathIllegalArgumentException.java (small file (2312 bytes))
2026-02-25 12:50:47,047 - Knowledge - INFO - Worker kw19 processing /app/data/T0015/326202/b9060hi/Rufesi/java_console/ui/src/com/rusefi/UploadChanges.java
2026-02-25 12:50:47,488 - Knowledge - INFO - Worker kw19 processing /app/data/T0015/326202/b9060hi/Rufesi/java_console/ui/src/com/rusefi/ui/RpmModel.java
2026-02-25 12:50:47,892 - Knowledge - INFO - Fast-tracked /app/data/T0015/326202/b9060hi/Rufesi/java_console/ui/src/com/rusefi/ui/RpmModel.java (ext=.java, size=1866)
2026-02-25 12:50:48,244 - Knowledge - INFO - Worker kw19 processing /app/data/T0015/326202/b9060hi/Rufesi/java_console/ui/src/com/rusefi/ui/test/RpmModelTest.java
2026-02-25 12:50:48,400 - Knowledge - INFO - [LLM_CALL] Completed: XYData.java:chunk1, Duration: 46722ms, PromptTokens: 2800, CompletionTokens: 824, Cost: $0.00061
2026-02-25 12:50:48,547 - Knowledge - INFO - Fast-tracked /app/data/T0015/326202/b9060hi/Rufesi/java_console/ui/src/com/rusefi/ui/test/RpmModelTest.java (ext=.java, size=616)
2026-02-25 12:50:48,764 - Knowledge - INFO - done ingest for /app/data/T0015/326202/b9060hi/Rufesi/java_console/models/src/com/rusefi/models/XYData.java
2026-02-25 12:50:48,899 - Knowledge - INFO - Worker kw19 processing /app/data/T0015/326202/b9060hi/Rufesi/java_console/ui/src/com/rusefi/ui/test/WavePanelSandbox.java
2026-02-25 12:50:49,204 - Knowledge - INFO - Fast-tracked /app/data/T0015/326202/b9060hi/Rufesi/java_console/ui/src/com/rusefi/ui/test/WavePanelSandbox.java (ext=.java, size=4286)
2026-02-25 12:50:49,424 - Knowledge - INFO - Worker kw19 processing /app/data/T0015/326202/b9060hi/Rufesi/java_console/ui/src/com/rusefi/ui/test/FlexibleControlsSandbox.java
2026-02-25 12:50:49,701 - Knowledge - INFO - Fast-tracked /app/data/T0015/326202/b9060hi/Rufesi/java_console/ui/src/com/rusefi/ui/test/FlexibleControlsSandbox.java (ext=.java, size=354)
2026-02-25 12:50:49,984 - Knowledge - INFO - Worker kw19 processing /app/data/T0015/326202/b9060hi/Rufesi/java_console/ui/src/com/rusefi/ui/test/EngineSnifferPanelTest.java
2026-02-25 12:50:50,232 - Knowledge - INFO - Fast-tracked /app/data/T0015/326202/b9060hi/Rufesi/java_console/ui/src/com/rusefi/ui/test/EngineSnifferPanelTest.java (ext=.java, size=804)
2026-02-25 12:50:50,478 - Knowledge - INFO - Worker kw19 processing /app/data/T0015/326202/b9060hi/Rufesi/java_console/ui/src/com/rusefi/ui/SettingsTab.java
2026-02-25 12:50:50,805 - Knowledge - INFO - Worker kw19 processing /app/data/T0015/326202/b9060hi/Rufesi/java_console/ui/src/com/rusefi/ui/MessagesPanel.java
2026-02-25 12:50:51,161 - Knowledge - INFO - Fast-tracked /app/data/T0015/326202/b9060hi/Rufesi/java_console/ui/src/com/rusefi/logic/IgnitionMapBuilder.java (small file (2173 bytes))
2026-02-25 12:50:51,797 - Knowledge - INFO - Fast-tracked /app/data/T0015/326202/b9060hi/Rufesi/java_console/models/src/org/apache/commons/math3/analysis/UnivariateFunction.java (small file (2830 bytes))
2026-02-25 12:50:51,928 - Knowledge - INFO - Fast-tracked /app/data/T0015/326202/b9060hi/Rufesi/java_console/ui/src/com/rusefi/SimulatorHelper.java (small file (2791 bytes))
2026-02-25 12:50:52,398 - Knowledge - INFO - Async storage completed for 10 embeddings
2026-02-25 12:50:54,214 - Knowledge - INFO - [kw14] Queue=1194, InProgress=0, PendingWorkers=20/20, Completed=70/1454 (4.8%)
2026-02-25 12:50:54,525 - Knowledge - INFO - Batch sizing: calculated=10, max_allowed=10, queue=1194, active_workers=20/20
2026-02-25 12:50:54,885 - Knowledge - INFO - Async storing batch of 10 embeddings
2026-02-25 12:50:55,395 - Knowledge - INFO - Worker kw14 processing /app/data/T0015/326202/b9060hi/Rufesi/java_console/ui/src/com/rusefi/ui/BooleanInputsModel.java
2026-02-25 12:50:55,818 - Knowledge - INFO - Fast-tracked /app/data/T0015/326202/b9060hi/Rufesi/java_console/ui/src/com/rusefi/ui/BooleanInputsModel.java (ext=.java, size=1376)
2026-02-25 12:50:55,852 - Knowledge - INFO - [LLM_CALL] Completed: Histograms.java:chunk1, Duration: 37284ms, PromptTokens: 8354, CompletionTokens: 857, Cost: $0.00118
2026-02-25 12:50:56,088 - Knowledge - INFO - Worker kw14 processing /app/data/T0015/326202/b9060hi/Rufesi/java_console/ui/src/com/rusefi/ui/GaugesPanel.java
2026-02-25 12:50:56,259 - Knowledge - INFO - done ingest for /app/data/T0015/326202/b9060hi/Rufesi/java_console/models/src/com/rusefi/Histograms.java
2026-02-25 12:50:56,391 - Knowledge - INFO - [LLM_CALL] Completed: TS2C.java:chunk1, Duration: 42261ms, PromptTokens: 3588, CompletionTokens: 611, Cost: $0.00060
2026-02-25 12:50:56,427 - Knowledge - INFO - Worker kw14 processing /app/data/T0015/326202/b9060hi/Rufesi/java_console/ui/src/com/rusefi/ui/MessagesPane.java
2026-02-25 12:50:56,743 - Knowledge - INFO - done ingest for /app/data/T0015/326202/b9060hi/Rufesi/java_console/models/src/com/rusefi/TS2C.java
2026-02-25 12:50:56,751 - Knowledge - INFO - Processing batch of 10 files
2026-02-25 12:50:56,927 - Knowledge - INFO - Worker kw14 processing /app/data/T0015/326202/b9060hi/Rufesi/java_console/ui/src/com/rusefi/ui/SensorLiveGraph.java
2026-02-25 12:50:57,100 - Knowledge - INFO - Processing batch of 10 files
2026-02-25 12:50:57,129 - Knowledge - INFO - process ingested knowledge for /app/data/T0015/326202/b9060hi/Rufesi/java_console/models/src/com/rusefi/config/Field.java
2026-02-25 12:50:57,276 - Knowledge - INFO - Worker kw14 processing /app/data/T0015/326202/b9060hi/Rufesi/java_console/ui/src/com/rusefi/ui/FuelTunePane.java
2026-02-25 12:50:57,393 - Knowledge - INFO - [LLM_CALL] Completed: LocalizedFormats.java:chunk1, Duration: 53796ms, PromptTokens: 15620, CompletionTokens: 321, Cost: $0.00169
2026-02-25 12:50:57,394 - Knowledge - INFO - process ingested knowledge for /app/data/T0015/326202/b9060hi/Rufesi/java_console/models/src/com/rusefi/models/EngineLoad.java
2026-02-25 12:50:57,632 - Knowledge - INFO - process ingested knowledge for /app/data/T0015/326202/b9060hi/Rufesi/java_console/models/src/com/rusefi/config/FieldType.java
2026-02-25 12:50:57,744 - Knowledge - INFO - Worker kw14 processing /app/data/T0015/326202/b9060hi/Rufesi/java_console/ui/src/com/rusefi/ui/StatusWindow.java
2026-02-25 12:50:57,958 - Knowledge - INFO - done ingest for /app/data/T0015/326202/b9060hi/Rufesi/java_console/models/src/org/apache/commons/math3/exception/util/LocalizedFormats.java
2026-02-25 12:50:58,035 - Knowledge - INFO - process ingested knowledge for /app/data/T0015/326202/b9060hi/Rufesi/java_console/models/src/com/rusefi/models/XYDataReader.java
2026-02-25 12:50:58,195 - Knowledge - INFO - process ingested knowledge for /app/data/T0015/326202/b9060hi/Rufesi/java_console/models/src/com/rusefi/config/Fields.java
2026-02-25 12:50:58,353 - Knowledge - INFO - Worker kw14 processing /app/data/T0015/326202/b9060hi/Rufesi/java_console/ui/src/com/rusefi/ui/SizeSelectorPanel.java
2026-02-25 12:50:58,661 - Knowledge - INFO - process ingested knowledge for /app/data/T0015/326202/b9060hi/Rufesi/java_console/models/src/com/rusefi/models/MafValue.java
2026-02-25 12:50:58,953 - Knowledge - INFO - [LLM_CALL] Completed: CommandQueue.java:chunk1, Duration: 54067ms, PromptTokens: 3812, CompletionTokens: 510, Cost: $0.00059
2026-02-25 12:50:58,989 - Knowledge - INFO - process ingested knowledge for /app/data/T0015/326202/b9060hi/Rufesi/java_console/models/src/com/rusefi/CyclicBuffer.java
2026-02-25 12:50:59,102 - Knowledge - INFO - Worker kw14 processing /app/data/T0015/326202/b9060hi/Rufesi/java_console/ui/src/com/rusefi/ui/GaugesGridElement.java
2026-02-25 12:50:59,170 - Knowledge - INFO - process ingested knowledge for /app/data/T0015/326202/b9060hi/Rufesi/java_console/models/src/com/rusefi/models/Point3D.java
2026-02-25 12:50:59,304 - Knowledge - INFO - done ingest for /app/data/T0015/326202/b9060hi/Rufesi/java_console/io/src/com/rusefi/io/CommandQueue.java
2026-02-25 12:50:59,474 - Knowledge - INFO - process ingested knowledge for /app/data/T0015/326202/b9060hi/Rufesi/java_console/models/src/com/rusefi/Histograms.java
2026-02-25 12:50:59,649 - Knowledge - INFO - Worker kw14 processing /app/data/T0015/326202/b9060hi/Rufesi/java_console/ui/src/com/rusefi/ui/GaugesGrid.java
2026-02-25 12:50:59,817 - Knowledge - INFO - process ingested knowledge for /app/data/T0015/326202/b9060hi/Rufesi/java_console/models/src/com/rusefi/models/Utils.java
2026-02-25 12:51:00,111 - Knowledge - INFO - process ingested knowledge for /app/data/T0015/326202/b9060hi/Rufesi/java_console/models/src/com/rusefi/core/test/ResponseBufferTest.java
2026-02-25 12:51:00,273 - Knowledge - INFO - Fast-tracked /app/data/T0015/326202/b9060hi/Rufesi/java_console/ui/src/com/rusefi/ui/GaugesGrid.java (ext=.java, size=418)
2026-02-25 12:51:00,371 - Knowledge - INFO - process ingested knowledge for /app/data/T0015/326202/b9060hi/Rufesi/java_console/models/src/com/rusefi/models/AverageData.java
2026-02-25 12:51:00,540 - Knowledge - INFO - process ingested knowledge for /app/data/T0015/326202/b9060hi/Rufesi/java_console/models/src/com/rusefi/core/test/EngineStateTest.java
2026-02-25 12:51:00,706 - Knowledge - INFO - Worker kw14 processing /app/data/T0015/326202/b9060hi/Rufesi/java_console/ui/src/com/rusefi/ui/ChartHelper.java
2026-02-25 12:51:00,940 - Knowledge - INFO - process ingested knowledge for /app/data/T0015/326202/b9060hi/Rufesi/java_console/models/src/com/rusefi/models/Range.java
2026-02-25 12:51:01,153 - Knowledge - INFO - process ingested knowledge for /app/data/T0015/326202/b9060hi/Rufesi/java_console/models/src/com/rusefi/core/SensorCategory.java
2026-02-25 12:51:01,485 - Knowledge - INFO - process ingested knowledge for /app/data/T0015/326202/b9060hi/Rufesi/java_console/models/src/com/rusefi/models/XYData.java
2026-02-25 12:51:01,658 - Knowledge - INFO - process ingested knowledge for /app/data/T0015/326202/b9060hi/Rufesi/java_console/models/src/com/rusefi/core/ISensorCentral.java
2026-02-25 12:51:02,004 - Knowledge - INFO - process ingested knowledge for /app/data/T0015/326202/b9060hi/Rufesi/java_console/models/src/com/rusefi/TS2C.java
2026-02-25 12:51:02,170 - Knowledge - INFO - process ingested knowledge for /app/data/T0015/326202/b9060hi/Rufesi/java_console/models/src/com/rusefi/core/Pair.java
2026-02-25 12:51:02,276 - Knowledge - INFO - process ingested knowledge for /app/data/T0015/326202/b9060hi/Rufesi/java_console/models/src/com/rusefi/OutputChannel.java
2026-02-25 12:51:03,293 - Knowledge - WARNING - Timeout processing /app/data/T0015/326202/b9060hi/Rufesi/java_console/models/src/org/apache/commons/math3/analysis/solvers/BaseUnivariateSolver.java after 90s - using fallback metadata
2026-02-25 12:51:04,512 - Knowledge - INFO - [LLM_CALL] Completed: ExceptionContext.java:chunk1, Duration: 68065ms, PromptTokens: 5196, CompletionTokens: 730, Cost: $0.00081
2026-02-25 12:51:04,726 - Knowledge - INFO - done ingest for /app/data/T0015/326202/b9060hi/Rufesi/java_console/models/src/org/apache/commons/math3/exception/util/ExceptionContext.java
2026-02-25 12:51:04,741 - Knowledge - INFO - [LLM_CALL] Completed: LinkManager.java:chunk1, Duration: 75824ms, PromptTokens: 3236, CompletionTokens: 843, Cost: $0.00066
2026-02-25 12:51:05,512 - Knowledge - INFO - done ingest for /app/data/T0015/326202/b9060hi/Rufesi/java_console/io/src/com/rusefi/io/LinkManager.java
2026-02-25 12:51:06,633 - Knowledge - INFO - [LLM_CALL] Completed: BinaryProtocolServer.java:chunk1, Duration: 54872ms, PromptTokens: 3516, CompletionTokens: 429, Cost: $0.00052
2026-02-25 12:51:06,869 - Knowledge - INFO - done ingest for /app/data/T0015/326202/b9060hi/Rufesi/java_console/io/src/com/rusefi/io/tcp/BinaryProtocolServer.java
2026-02-25 12:51:07,018 - Knowledge - INFO - [LLM_CALL] Completed: NonMonotonicSequenceException.java:chunk1, Duration: 49893ms, PromptTokens: 2506, CompletionTokens: 491, Cost: $0.00045
2026-02-25 12:51:07,335 - Knowledge - INFO - done ingest for /app/data/T0015/326202/b9060hi/Rufesi/java_console/models/src/org/apache/commons/math3/exception/NonMonotonicSequenceException.java
2026-02-25 12:51:07,385 - Knowledge - INFO - Fast-tracked /app/data/T0015/326202/b9060hi/Rufesi/java_console/models/src/com/rusefi/FiringOrderTSLogic.java (small file (2519 bytes))
2026-02-25 12:51:07,904 - Knowledge - INFO - Processing batch of 10 files
2026-02-25 12:51:08,208 - Knowledge - INFO - process ingested knowledge for /app/data/T0015/326202/b9060hi/Rufesi/java_console/models/src/org/apache/commons/math3/exception/util/ExceptionContext.java
2026-02-25 12:51:09,459 - Knowledge - INFO - process ingested knowledge for /app/data/T0015/326202/b9060hi/Rufesi/java_console/models/src/org/apache/commons/math3/exception/util/Localizable.java
2026-02-25 12:51:10,530 - Knowledge - INFO - [LLM_CALL] Completed: NoBracketingException.java:chunk1, Duration: 45741ms, PromptTokens: 2384, CompletionTokens: 490, Cost: $0.00043
2026-02-25 12:51:10,600 - Knowledge - INFO - process ingested knowledge for /app/data/T0015/326202/b9060hi/Rufesi/java_console/models/src/org/apache/commons/math3/exception/util/LocalizedFormats.java
2026-02-25 12:51:10,917 - Knowledge - INFO - done ingest for /app/data/T0015/326202/b9060hi/Rufesi/java_console/models/src/org/apache/commons/math3/exception/NoBracketingException.java
2026-02-25 12:51:11,667 - Knowledge - INFO - process ingested knowledge for /app/data/T0015/326202/b9060hi/Rufesi/java_console/models/src/org/apache/commons/math3/exception/util/ArgUtils.java
2026-02-25 12:51:13,692 - Knowledge - INFO - process ingested knowledge for /app/data/T0015/326202/b9060hi/Rufesi/java_console/models/src/org/apache/commons/math3/exception/util/ExceptionContextProvider.java
2026-02-25 12:51:13,926 - Knowledge - INFO - [LLM_CALL] Completed: TcpConnector.java:chunk1, Duration: 76816ms, PromptTokens: 3132, CompletionTokens: 901, Cost: $0.00067
2026-02-25 12:51:14,145 - Knowledge - INFO - done ingest for /app/data/T0015/326202/b9060hi/Rufesi/java_console/io/src/com/rusefi/io/tcp/TcpConnector.java
2026-02-25 12:51:14,159 - Knowledge - INFO - [LLM_CALL] Completed: PortHolder.java:chunk1, Duration: 78980ms, PromptTokens: 2454, CompletionTokens: 652, Cost: $0.00051
2026-02-25 12:51:14,430 - Knowledge - INFO - process ingested knowledge for /app/data/T0015/326202/b9060hi/Rufesi/java_console/models/src/org/apache/commons/math3/exception/MathInternalError.java
2026-02-25 12:51:14,561 - Knowledge - INFO - done ingest for /app/data/T0015/326202/b9060hi/Rufesi/java_console/io/src/com/rusefi/io/serial/PortHolder.java
2026-02-25 12:51:14,599 - Knowledge - INFO - [WEBSOCKET] Sent: Type=progress_update, Size: 293, Duration: 0ms
2026-02-25 12:51:14,822 - Knowledge - INFO - process ingested knowledge for /app/data/T0015/326202/b9060hi/Rufesi/java_console/models/src/org/apache/commons/math3/exception/NumberIsTooLargeException.java
2026-02-25 12:51:15,275 - Knowledge - INFO - [kw18] Queue=1184, InProgress=0, PendingWorkers=20/20, Completed=110/1454 (7.6%)
2026-02-25 12:51:15,283 - Knowledge - INFO - [WEBSOCKET] Sent: Type=unknown, Size: ?, Duration: 685ms
2026-02-25 12:51:15,334 - Knowledge - INFO - process ingested knowledge for /app/data/T0015/326202/b9060hi/Rufesi/java_console/models/src/org/apache/commons/math3/exception/TooManyEvaluationsException.java
2026-02-25 12:51:15,516 - Knowledge - INFO - Batch sizing: calculated=10, max_allowed=10, queue=1184, active_workers=20/20
2026-02-25 12:51:15,558 - Knowledge - INFO - Fast-tracked /app/data/T0015/326202/b9060hi/Rufesi/java_console/models/src/org/apache/commons/math3/stat/descriptive/WeightedEvaluation.java (small file (2443 bytes))
2026-02-25 12:51:15,627 - Knowledge - INFO - Async storage completed for 10 embeddings
2026-02-25 12:51:15,702 - Knowledge - INFO - Progress: 6.9% | Files: 110/1454 | Rate: 0.85 files/sec | Queue: 1184
2026-02-25 12:51:15,754 - Knowledge - INFO - Processing batch of 10 files
2026-02-25 12:51:15,758 - Knowledge - INFO - [LLM_CALL] Completed: VerticalFlowLayout.java:chunk1, Duration: 49776ms, PromptTokens: 9824, CompletionTokens: 987, Cost: $0.00138
2026-02-25 12:51:15,912 - Knowledge - INFO - process ingested knowledge for /app/data/T0015/326202/b9060hi/Rufesi/java_console/models/src/org/apache/commons/math3/exception/NotStrictlyPositiveException.java
2026-02-25 12:51:16,476 - Knowledge - INFO - [kw20] Queue=1174, InProgress=0, PendingWorkers=20/20, Completed=110/1454 (7.6%)
2026-02-25 12:51:16,481 - Knowledge - INFO - Fast-tracked /app/data/T0015/326202/b9060hi/Rufesi/java_console/ui/src/com/rusefi/ui/MessagesPane.java (small file (2880 bytes))
2026-02-25 12:51:16,583 - Knowledge - INFO - process ingested knowledge for /app/data/T0015/326202/b9060hi/Rufesi/java_console/io/src/com/rusefi/io/InvocationConfirmationListener.java
2026-02-25 12:51:16,733 - Knowledge - INFO - done ingest for /app/data/T0015/326202/b9060hi/Rufesi/java_console/ui/src/org/putgemin/VerticalFlowLayout.java
2026-02-25 12:51:16,741 - Knowledge - INFO - Async storing batch of 10 embeddings
2026-02-25 12:51:16,757 - Knowledge - INFO - [LLM_CALL] Completed: SerialPortReader.java:chunk1, Duration: 89419ms, PromptTokens: 2274, CompletionTokens: 589, Cost: $0.00046
2026-02-25 12:51:16,858 - Knowledge - INFO - process ingested knowledge for /app/data/T0015/326202/b9060hi/Rufesi/java_console/models/src/org/apache/commons/math3/exception/NonMonotonicSequenceException.java
2026-02-25 12:51:16,996 - Knowledge - INFO - Batch sizing: calculated=10, max_allowed=10, queue=1174, active_workers=20/20
2026-02-25 12:51:17,223 - Knowledge - INFO - process ingested knowledge for /app/data/T0015/326202/b9060hi/Rufesi/java_console/io/src/com/rusefi/io/LinkManager.java
2026-02-25 12:51:17,522 - Knowledge - INFO - Worker kw18 processing /app/data/T0015/326202/b9060hi/Rufesi/java_console/ui/src/com/rusefi/ui/ChartScrollControl.java
2026-02-25 12:51:17,691 - Knowledge - INFO - done ingest for /app/data/T0015/326202/b9060hi/Rufesi/java_console/io/src/com/rusefi/io/serial/SerialPortReader.java
2026-02-25 12:51:17,750 - Knowledge - INFO - Processing batch of 10 files
2026-02-25 12:51:18,295 - Knowledge - INFO - Worker kw18 processing /app/data/T0015/326202/b9060hi/Rufesi/java_console/ui/src/com/rusefi/ui/ChartRepository.java
2026-02-25 12:51:18,322 - Knowledge - INFO - Async storing batch of 10 embeddings
2026-02-25 12:51:18,325 - Knowledge - INFO - process ingested knowledge for /app/data/T0015/326202/b9060hi/Rufesi/java_console/io/src/com/rusefi/io/ConnectionStateListener.java
2026-02-25 12:51:18,607 - Knowledge - INFO - process ingested knowledge for /app/data/T0015/326202/b9060hi/Rufesi/java_console/opensr5/src/com/opensr5/ConfigurationImage.java
2026-02-25 12:51:18,916 - Knowledge - INFO - Fast-tracked /app/data/T0015/326202/b9060hi/Rufesi/java_console/ui/src/com/rusefi/ui/ChartRepository.java (ext=.java, size=1061)
2026-02-25 12:51:19,129 - Knowledge - INFO - Worker kw20 processing /app/data/T0015/326202/b9060hi/Rufesi/java_console/ui/src/com/rusefi/ui/engine/test/UpDownSandbox.java
2026-02-25 12:51:19,351 - Knowledge - INFO - process ingested knowledge for /app/data/T0015/326202/b9060hi/Rufesi/java_console/io/src/com/rusefi/io/tcp/test/BinaryProtocolServerSandbox.java
2026-02-25 12:51:19,384 - Knowledge - INFO - process ingested knowledge for /app/data/T0015/326202/b9060hi/Rufesi/java_console/readme.txt
2026-02-25 12:51:19,632 - Knowledge - INFO - Worker kw18 processing /app/data/T0015/326202/b9060hi/Rufesi/java_console/ui/src/com/rusefi/ui/WarningPanel.java
2026-02-25 12:51:19,857 - Knowledge - INFO - Fast-tracked /app/data/T0015/326202/b9060hi/Rufesi/java_console/ui/src/com/rusefi/ui/engine/test/UpDownSandbox.java (ext=.java, size=6226)
2026-02-25 12:51:19,965 - Knowledge - INFO - process ingested knowledge for /app/data/T0015/326202/b9060hi/Rufesi/java_console/io/src/com/rusefi/io/tcp/TcpConnector.java
2026-02-25 12:51:20,108 - Knowledge - INFO - process ingested knowledge for /app/data/T0015/326202/b9060hi/Rufesi/java_console/ui/src/org/putgemin/VerticalFlowLayout.java
2026-02-25 12:51:20,268 - Knowledge - INFO - [LLM_CALL] Completed: RandomData.java:chunk1, Duration: 77567ms, PromptTokens: 6386, CompletionTokens: 730, Cost: $0.00093
2026-02-25 12:51:20,283 - Knowledge - INFO - Worker kw18 processing /app/data/T0015/326202/b9060hi/Rufesi/java_console/ui/src/com/rusefi/ui/config/ConfigField.java
2026-02-25 12:51:20,396 - Knowledge - WARNING - Timeout processing /app/data/T0015/326202/b9060hi/Rufesi/java_console/io/src/com/rusefi/binaryprotocol/BinaryProtocol.java after 90s - using fallback metadata
2026-02-25 12:51:20,483 - Knowledge - INFO - Worker kw20 processing /app/data/T0015/326202/b9060hi/Rufesi/java_console/ui/src/com/rusefi/ui/engine/ZoomControl.java
2026-02-25 12:51:20,740 - Knowledge - INFO - process ingested knowledge for /app/data/T0015/326202/b9060hi/Rufesi/java_console/io/src/com/rusefi/io/tcp/BinaryProtocolServer.java
2026-02-25 12:51:20,784 - Knowledge - INFO - Fast-tracked /app/data/T0015/326202/b9060hi/Rufesi/java_console/ui/src/com/rusefi/ui/MessagesPanel.java (small file (2672 bytes))
2026-02-25 12:51:20,897 - Knowledge - INFO - process ingested knowledge for /app/data/T0015/326202/b9060hi/Rufesi/java_console/ui/src/com/rusefi/SensorSnifferCentral.java
2026-02-25 12:51:21,025 - Knowledge - INFO - done ingest for /app/data/T0015/326202/b9060hi/Rufesi/java_console/models/src/org/apache/commons/math3/random/RandomData.java
2026-02-25 12:51:21,026 - Knowledge - INFO - [LLM_CALL] Completed: ConnectionStatus.java:chunk1, Duration: 66255ms, PromptTokens: 2042, CompletionTokens: 641, Cost: $0.00046
2026-02-25 12:51:21,198 - Knowledge - INFO - Worker kw18 processing /app/data/T0015/326202/b9060hi/Rufesi/java_console/ui/src/com/rusefi/ui/config/DialogModel.java
2026-02-25 12:51:21,317 - Knowledge - WARNING - Timeout processing /app/data/T0015/326202/b9060hi/Rufesi/java_console/models/src/org/apache/commons/math3/distribution/AbstractRealDistribution.java after 90s - using fallback metadata
2026-02-25 12:51:21,456 - Knowledge - INFO - Worker kw20 processing /app/data/T0015/326202/b9060hi/Rufesi/java_console/ui/src/com/rusefi/ui/engine/EngineSnifferPanel.java
2026-02-25 12:51:21,718 - Knowledge - INFO - Async storage completed for 10 embeddings
2026-02-25 12:51:21,810 - Knowledge - INFO - process ingested knowledge for /app/data/T0015/326202/b9060hi/Rufesi/java_console/io/src/com/rusefi/io/tcp/TcpIoStream.java
2026-02-25 12:51:21,878 - Knowledge - INFO - process ingested knowledge for /app/data/T0015/326202/b9060hi/Rufesi/java_console/ui/src/com/rusefi/CommandControl.java
2026-02-25 12:51:22,374 - Knowledge - INFO - Fast-tracked /app/data/T0015/326202/b9060hi/Rufesi/java_console/ui/src/com/rusefi/ui/config/DialogModel.java (ext=.java, size=1333)
2026-02-25 12:51:22,531 - Knowledge - WARNING - Timeout processing /app/data/T0015/326202/b9060hi/Rufesi/java_console/models/src/org/apache/commons/math3/distribution/PascalDistribution.java after 90s - using fallback metadata
2026-02-25 12:51:22,675 - Knowledge - INFO - process ingested knowledge for /app/data/T0015/326202/b9060hi/Rufesi/java_console/io/src/com/rusefi/ConfigurationImageDiff.java
2026-02-25 12:51:22,694 - Knowledge - INFO - Worker kw20 processing /app/data/T0015/326202/b9060hi/Rufesi/java_console/ui/src/com/rusefi/ui/engine/EngineSnifferStatusPanel.java
2026-02-25 12:51:22,934 - Knowledge - INFO - done ingest for /app/data/T0015/326202/b9060hi/Rufesi/java_console/io/src/com/rusefi/io/ConnectionStatus.java
2026-02-25 12:51:23,313 - Knowledge - INFO - Worker kw18 processing /app/data/T0015/326202/b9060hi/Rufesi/java_console/ui/src/com/rusefi/ui/config/IniFileModel.java
2026-02-25 12:51:23,635 - Knowledge - WARNING - Timeout processing /app/data/T0015/326202/b9060hi/Rufesi/java_console/models/src/org/apache/commons/math3/distribution/RealDistribution.java after 90s - using fallback metadata
2026-02-25 12:51:23,963 - Knowledge - INFO - process ingested knowledge for /app/data/T0015/326202/b9060hi/Rufesi/java_console/ui/src/com/rusefi/SimulatorHelper.java
2026-02-25 12:51:23,987 - Knowledge - INFO - process ingested knowledge for /app/data/T0015/326202/b9060hi/Rufesi/java_console/io/src/com/rusefi/Timeouts.java
2026-02-25 12:51:24,137 - Knowledge - INFO - Worker kw20 processing /app/data/T0015/326202/b9060hi/Rufesi/java_console/ui/src/com/rusefi/ui/engine/NameUtil.java
2026-02-25 12:51:24,626 - Knowledge - INFO - Worker kw18 processing /app/data/T0015/326202/b9060hi/Rufesi/java_console/ui/src/com/rusefi/ui/config/BitConfigField.java
2026-02-25 12:51:24,794 - Knowledge - WARNING - Timeout processing /app/data/T0015/326202/b9060hi/Rufesi/java_console/models/src/org/apache/commons/math3/distribution/TDistribution.java after 90s - using fallback metadata
2026-02-25 12:51:24,974 - Knowledge - INFO - process ingested knowledge for /app/data/T0015/326202/b9060hi/Rufesi/java_console/ui/src/com/rusefi/FixedCommandControl.java
2026-02-25 12:51:25,057 - Knowledge - INFO - Processing batch of 10 files
2026-02-25 12:51:25,475 - Knowledge - INFO - Fast-tracked /app/data/T0015/326202/b9060hi/Rufesi/java_console/ui/src/com/rusefi/ui/engine/NameUtil.java (ext=.java, size=1052)
2026-02-25 12:51:25,573 - Knowledge - INFO - Fast-tracked /app/data/T0015/326202/b9060hi/Rufesi/java_console/ui/src/com/rusefi/ui/config/BitConfigField.java (ext=.java, size=1985)
2026-02-25 12:51:25,733 - Knowledge - WARNING - Timeout processing /app/data/T0015/326202/b9060hi/Rufesi/java_console/models/src/org/apache/commons/math3/distribution/WeibullDistribution.java after 90s - using fallback metadata
2026-02-25 12:51:26,031 - Knowledge - INFO - process ingested knowledge for /app/data/T0015/326202/b9060hi/Rufesi/java_console/io/src/com/rusefi/binaryprotocol/test/CRCTest.java
2026-02-25 12:51:26,042 - Knowledge - INFO - process ingested knowledge for /app/data/T0015/326202/b9060hi/Rufesi/java_console/ui/src/com/rusefi/test/EcuStimulatorSandbox.java
2026-02-25 12:51:26,491 - Knowledge - INFO - process ingested knowledge for /app/data/T0015/326202/b9060hi/Rufesi/java_console/io/src/com/rusefi/io/serial/SerialPortReader.java
2026-02-25 12:51:26,675 - Knowledge - INFO - Worker kw20 processing /app/data/T0015/326202/b9060hi/Rufesi/java_console/ui/src/com/rusefi/ui/util/DefaultExceptionHandler.java
2026-02-25 12:51:26,711 - Knowledge - INFO - [WEBSOCKET] Sent: Type=progress_update, Size: 294, Duration: 0ms
2026-02-25 12:51:26,783 - Knowledge - INFO - Worker kw18 processing /app/data/T0015/326202/b9060hi/Rufesi/java_console/ui/src/com/rusefi/ui/config/BaseConfigField.java
2026-02-25 12:51:27,642 - Knowledge - INFO - Fast-tracked /app/data/T0015/326202/b9060hi/Rufesi/java_console/ui/src/com/rusefi/ui/util/DefaultExceptionHandler.java (ext=.java, size=1981)
2026-02-25 12:51:27,783 - Knowledge - INFO - Processing batch of 10 files
2026-02-25 12:51:27,797 - Knowledge - INFO - [WEBSOCKET] Sent: Type=unknown, Size: ?, Duration: 1086ms
2026-02-25 12:51:27,887 - Knowledge - INFO - process ingested knowledge for /app/data/T0015/326202/b9060hi/Rufesi/java_console/ui/src/com/rusefi/test/SensorSnifferPaneSandbox.java
2026-02-25 12:51:27,894 - Knowledge - INFO - process ingested knowledge for /app/data/T0015/326202/b9060hi/Rufesi/java_console/io/src/com/rusefi/io/serial/SerialIoStream.java
2026-02-25 12:51:28,005 - Knowledge - INFO - Worker kw18 processing /app/data/T0015/326202/b9060hi/Rufesi/java_console/ui/src/com/rusefi/ui/config/EnumConfigField.java
2026-02-25 12:51:28,085 - Knowledge - INFO - Worker kw20 processing /app/data/T0015/326202/b9060hi/Rufesi/java_console/ui/src/com/rusefi/ui/util/HorizontalLine.java
2026-02-25 12:51:28,230 - Knowledge - INFO - process ingested knowledge for /app/data/T0015/326202/b9060hi/Rufesi/java_console/io/src/com/rusefi/binaryprotocol/IoHelper.java
2026-02-25 12:51:28,440 - Knowledge - INFO - Progress: 8.9% | Files: 140/1454 | Rate: 0.99 files/sec | Queue: 1164
2026-02-25 12:51:28,890 - Knowledge - INFO - Worker kw18 processing /app/data/T0015/326202/b9060hi/Rufesi/java_console/ui/src/com/rusefi/ui/engine/UpDownImage.java
2026-02-25 12:51:28,974 - Knowledge - INFO - process ingested knowledge for /app/data/T0015/326202/b9060hi/Rufesi/java_console/ui/src/com/rusefi/test/MsgPanelSandbox.java
2026-02-25 12:51:28,981 - Knowledge - INFO - process ingested knowledge for /app/data/T0015/326202/b9060hi/Rufesi/java_console/io/src/com/rusefi/io/serial/PortHolder.java
2026-02-25 12:51:28,998 - Knowledge - INFO - Fast-tracked /app/data/T0015/326202/b9060hi/Rufesi/java_console/ui/src/com/rusefi/ui/util/HorizontalLine.java (ext=.java, size=617)
2026-02-25 12:51:29,365 - Knowledge - INFO - process ingested knowledge for /app/data/T0015/326202/b9060hi/Rufesi/java_console/io/src/com/rusefi/binaryprotocol/IncomingDataBuffer.java
2026-02-25 12:51:29,380 - Knowledge - INFO - [kw13] Queue=1164, InProgress=0, PendingWorkers=20/20, Completed=140/1454 (9.6%)
2026-02-25 12:51:29,852 - Knowledge - INFO - Worker kw20 processing /app/data/T0015/326202/b9060hi/Rufesi/java_console/ui/src/com/rusefi/ui/util/JustOneInstance.java
2026-02-25 12:51:30,147 - Knowledge - INFO - Batch sizing: calculated=10, max_allowed=10, queue=1164, active_workers=20/20
2026-02-25 12:51:30,358 - Knowledge - INFO - Fast-tracked /app/data/T0015/326202/b9060hi/Rufesi/java_console/ui/src/com/rusefi/ui/util/JustOneInstance.java (ext=.java, size=1318)
2026-02-25 12:51:30,765 - Knowledge - INFO - Worker kw20 processing /app/data/T0015/326202/b9060hi/Rufesi/java_console/ui/src/com/rusefi/ui/util/URLLabel.java
2026-02-25 12:51:30,867 - Knowledge - INFO - process ingested knowledge for /app/data/T0015/326202/b9060hi/Rufesi/java_console/io/src/com/rusefi/binaryprotocol/BinaryProtocolCommands.java
2026-02-25 12:51:31,210 - Knowledge - INFO - Worker kw20 processing /app/data/T0015/326202/b9060hi/Rufesi/java_console/ui/src/com/rusefi/ui/util/FrameHelper.java
2026-02-25 12:51:31,355 - Knowledge - INFO - process ingested knowledge for /app/data/T0015/326202/b9060hi/Rufesi/java_console/io/src/com/rusefi/io/serial/SerialManager.java
2026-02-25 12:51:31,410 - Knowledge - INFO - Async storing batch of 10 embeddings
2026-02-25 12:51:31,929 - Knowledge - INFO - Fast-tracked /app/data/T0015/326202/b9060hi/Rufesi/java_console/ui/src/com/rusefi/ui/util/FrameHelper.java (ext=.java, size=1814)
2026-02-25 12:51:32,354 - Knowledge - INFO - Worker kw13 processing /app/data/T0015/326202/b9060hi/Rufesi/java_console/ui/src/com/rusefi/ui/util/LocalizedMessages.java
2026-02-25 12:51:32,577 - Knowledge - INFO - Fast-tracked /app/data/T0015/326202/b9060hi/Rufesi/java_console/ui/src/com/rusefi/ui/engine/ZoomControl.java (small file (2990 bytes))
2026-02-25 12:51:32,666 - Knowledge - INFO - Fast-tracked /app/data/T0015/326202/b9060hi/Rufesi/java_console/ui/src/com/rusefi/ui/util/LocalizedMessages.java (ext=.java, size=327)
2026-02-25 12:51:32,672 - Knowledge - INFO - process ingested knowledge for /app/data/T0015/326202/b9060hi/Rufesi/java_console/io/src/com/rusefi/binaryprotocol/BinaryProtocolHolder.java
2026-02-25 12:51:33,020 - Knowledge - INFO - Worker kw13 processing /app/data/T0015/326202/b9060hi/Rufesi/java_console/ui/src/com/rusefi/ui/util/JTextFieldWithWidth.java
2026-02-25 12:51:33,138 - Knowledge - INFO - process ingested knowledge for /app/data/T0015/326202/b9060hi/Rufesi/java_console/io/src/com/rusefi/io/serial/SerialConnector.java
2026-02-25 12:51:33,345 - Knowledge - INFO - Fast-tracked /app/data/T0015/326202/b9060hi/Rufesi/java_console/ui/src/com/rusefi/ui/util/JTextFieldWithWidth.java (ext=.java, size=691)
2026-02-25 12:51:33,710 - Knowledge - INFO - process ingested knowledge for /app/data/T0015/326202/b9060hi/Rufesi/java_console/io/src/com/rusefi/binaryprotocol/BinaryProtocol.java
2026-02-25 12:51:33,713 - Knowledge - INFO - Worker kw13 processing /app/data/T0015/326202/b9060hi/Rufesi/java_console/ui/src/com/rusefi/ui/util/UiUtils.java
2026-02-25 12:51:34,188 - Knowledge - INFO - Worker kw13 processing /app/data/T0015/326202/b9060hi/Rufesi/java_console/ui/src/com/rusefi/ui/Wizard.java
2026-02-25 12:51:34,460 - Knowledge - INFO - process ingested knowledge for /app/data/T0015/326202/b9060hi/Rufesi/java_console/io/src/com/rusefi/io/CommandQueue.java
2026-02-25 12:51:34,582 - Knowledge - INFO - Worker kw13 processing /app/data/T0015/326202/b9060hi/Rufesi/java_console/ui/src/com/rusefi/ui/fsio/FlexibleControls.java
2026-02-25 12:51:35,053 - Knowledge - INFO - process ingested knowledge for /app/data/T0015/326202/b9060hi/Rufesi/java_console/models/src/org/apache/commons/math3/distribution/AbstractRealDistribution.java
2026-02-25 12:51:35,105 - Knowledge - INFO - Fast-tracked /app/data/T0015/326202/b9060hi/Rufesi/java_console/ui/src/com/rusefi/ui/fsio/FlexibleControls.java (ext=.java, size=1263)
2026-02-25 12:51:35,586 - Knowledge - INFO - Worker kw13 processing /app/data/T0015/326202/b9060hi/Rufesi/java_console/ui/src/com/rusefi/ui/LogDownloader.java
2026-02-25 12:51:35,623 - Knowledge - INFO - process ingested knowledge for /app/data/T0015/326202/b9060hi/Rufesi/java_console/io/src/com/rusefi/io/ConnectionStatus.java
2026-02-25 12:51:35,923 - Knowledge - INFO - Worker kw13 processing /app/data/T0015/326202/b9060hi/Rufesi/java_console/ui/src/com/rusefi/ui/storage/Node.java
2026-02-25 12:51:35,975 - Knowledge - INFO - [LLM_CALL] Completed: AverageAngles.java:chunk1, Duration: 67509ms, PromptTokens: 3200, CompletionTokens: 521, Cost: $0.00053
2026-02-25 12:51:36,329 - Knowledge - INFO - process ingested knowledge for /app/data/T0015/326202/b9060hi/Rufesi/java_console/models/src/org/apache/commons/math3/distribution/PascalDistribution.java
2026-02-25 12:51:36,500 - Knowledge - INFO - Worker kw13 processing /app/data/T0015/326202/b9060hi/Rufesi/java_console/ui/src/com/rusefi/ui/storage/PersistentConfiguration.java
2026-02-25 12:51:36,679 - Knowledge - INFO - done ingest for /app/data/T0015/326202/b9060hi/Rufesi/java_console/models/src/com/rusefi/AverageAngles.java
2026-02-25 12:51:36,682 - Knowledge - INFO - [LLM_CALL] Completed: SecondMoment.java:chunk1, Duration: 67327ms, PromptTokens: 2650, CompletionTokens: 439, Cost: $0.00044
2026-02-25 12:51:36,791 - Knowledge - INFO - process ingested knowledge for /app/data/T0015/326202/b9060hi/Rufesi/java_console/io/src/com/rusefi/io/IoStream.java
2026-02-25 12:51:36,865 - Knowledge - INFO - Fast-tracked /app/data/T0015/326202/b9060hi/Rufesi/java_console/ui/src/com/rusefi/ui/storage/PersistentConfiguration.java (ext=.java, size=1449)
2026-02-25 12:51:37,280 - Knowledge - INFO - done ingest for /app/data/T0015/326202/b9060hi/Rufesi/java_console/models/src/org/apache/commons/math3/stat/descriptive/moment/SecondMoment.java
2026-02-25 12:51:37,491 - Knowledge - INFO - process ingested knowledge for /app/data/T0015/326202/b9060hi/Rufesi/java_console/models/src/org/apache/commons/math3/distribution/RealDistribution.java
2026-02-25 12:51:37,509 - Knowledge - INFO - [kw4] Queue=1154, InProgress=0, PendingWorkers=20/20, Completed=140/1454 (9.6%)
2026-02-25 12:51:37,510 - Knowledge - INFO - process ingested knowledge for /app/data/T0015/326202/b9060hi/Rufesi/java_console/io/src/com/rusefi/io/ConnectionWatchdog.java
2026-02-25 12:51:37,779 - Knowledge - INFO - Worker kw13 processing /app/data/T0015/326202/b9060hi/Rufesi/java_console/ui/src/com/rusefi/ui/FormulasPane.java
2026-02-25 12:51:37,926 - Knowledge - WARNING - Timeout processing /app/data/T0015/326202/b9060hi/Rufesi/java_console/models/src/org/apache/commons/math3/random/RandomDataImpl.java after 90s - using fallback metadata
2026-02-25 12:51:38,262 - Knowledge - INFO - Batch sizing: calculated=10, max_allowed=10, queue=1154, active_workers=20/20
2026-02-25 12:51:38,382 - Knowledge - INFO - process ingested knowledge for /app/data/T0015/326202/b9060hi/Rufesi/java_console/models/src/org/apache/commons/math3/distribution/TDistribution.java
2026-02-25 12:51:38,441 - Knowledge - INFO - process ingested knowledge for /app/data/T0015/326202/b9060hi/Rufesi/java_console/io/src/com/rusefi/io/LinkConnector.java
2026-02-25 12:51:38,742 - Knowledge - INFO - Worker kw13 processing /app/data/T0015/326202/b9060hi/Rufesi/java_console/ui/src/com/rusefi/ui/logview/LogViewer.java
2026-02-25 12:51:39,135 - Knowledge - INFO - [LLM_CALL] Completed: UploadChanges.java:chunk1, Duration: 47300ms, PromptTokens: 2634, CompletionTokens: 673, Cost: $0.00053
2026-02-25 12:51:39,289 - Knowledge - INFO - process ingested knowledge for /app/data/T0015/326202/b9060hi/Rufesi/java_console/models/src/org/apache/commons/math3/distribution/WeibullDistribution.java
2026-02-25 12:51:39,666 - Knowledge - INFO - done ingest for /app/data/T0015/326202/b9060hi/Rufesi/java_console/ui/src/com/rusefi/UploadChanges.java
2026-02-25 12:51:39,680 - Knowledge - INFO - Processing batch of 10 files
2026-02-25 12:51:39,692 - Knowledge - INFO - [LLM_CALL] Completed: ReportReader.java:chunk1, Duration: 52261ms, PromptTokens: 3522, CompletionTokens: 540, Cost: $0.00057
2026-02-25 12:51:39,699 - Knowledge - INFO - Async storing batch of 10 embeddings
2026-02-25 12:51:40,072 - Knowledge - INFO - process ingested knowledge for /app/data/T0015/326202/b9060hi/Rufesi/java_console/models/src/org/apache/commons/math3/random/RandomDataImpl.java
2026-02-25 12:51:40,237 - Knowledge - INFO - done ingest for /app/data/T0015/326202/b9060hi/Rufesi/java_console/models/src/com/rusefi/ReportReader.java
2026-02-25 12:51:40,441 - Knowledge - INFO - Worker kw4 processing /app/data/T0015/326202/b9060hi/Rufesi/java_console/ui/src/com/rusefi/ui/logview/FileItem.java
2026-02-25 12:51:40,496 - Knowledge - INFO - [kw2] Queue=1144, InProgress=0, PendingWorkers=20/20, Completed=150/1454 (10.3%)
2026-02-25 12:51:40,937 - Knowledge - INFO - Fast-tracked /app/data/T0015/326202/b9060hi/Rufesi/java_console/ui/src/com/rusefi/ui/logview/FileItem.java (ext=.java, size=373)
2026-02-25 12:51:40,960 - Knowledge - INFO - process ingested knowledge for /app/data/T0015/326202/b9060hi/Rufesi/java_console/models/src/org/apache/commons/math3/random/RandomData.java
2026-02-25 12:51:41,120 - Knowledge - INFO - Batch sizing: calculated=10, max_allowed=10, queue=1144, active_workers=20/20
2026-02-25 12:51:41,721 - Knowledge - INFO - Worker kw4 processing /app/data/T0015/326202/b9060hi/Rufesi/java_console/ui/src/com/rusefi/ui/MessagesView.java
2026-02-25 12:51:42,083 - Knowledge - INFO - Fast-tracked /app/data/T0015/326202/b9060hi/Rufesi/java_console/ui/src/com/rusefi/ui/WarningPanel.java (small file (2338 bytes))
2026-02-25 12:51:42,285 - Knowledge - INFO - Worker kw4 processing /app/data/T0015/326202/b9060hi/Rufesi/java_console/ui/src/com/rusefi/ui/RecentCommands.java
2026-02-25 12:51:42,449 - Knowledge - INFO - process ingested knowledge for /app/data/T0015/326202/b9060hi/Rufesi/java_console/models/src/org/apache/commons/math3/exception/NotFiniteNumberException.java
2026-02-25 12:51:42,488 - Knowledge - INFO - Fast-tracked /app/data/T0015/326202/b9060hi/Rufesi/java_console/ui/src/com/rusefi/ui/config/ConfigField.java (small file (3030 bytes))
2026-02-25 12:51:42,617 - Knowledge - INFO - Worker kw4 processing /app/data/T0015/326202/b9060hi/Rufesi/java_console/ui/src/com/rusefi/ui/Live3DReport.java
2026-02-25 12:51:43,065 - Knowledge - INFO - Async storing batch of 10 embeddings
2026-02-25 12:51:43,146 - Knowledge - INFO - Fast-tracked /app/data/T0015/326202/b9060hi/Rufesi/java_console/ui/src/com/rusefi/ui/Live3DReport.java (ext=.java, size=1965)
2026-02-25 12:51:43,329 - Knowledge - INFO - Worker kw2 processing /app/data/T0015/326202/b9060hi/Rufesi/java_console/ui/src/com/rusefi/ui/widgets/DetachedSensor.java
2026-02-25 12:51:43,495 - Knowledge - INFO - Worker kw4 processing /app/data/T0015/326202/b9060hi/Rufesi/java_console/ui/src/com/rusefi/ui/widgets/test/AnyCommandTest.java
2026-02-25 12:51:43,680 - Knowledge - INFO - Worker kw2 processing /app/data/T0015/326202/b9060hi/Rufesi/java_console/ui/src/com/rusefi/ui/widgets/PotCommand.java
2026-02-25 12:51:43,753 - Knowledge - INFO - process ingested knowledge for /app/data/T0015/326202/b9060hi/Rufesi/java_console/models/src/org/apache/commons/math3/exception/MathIllegalStateException.java
2026-02-25 12:51:43,823 - Knowledge - INFO - Fast-tracked /app/data/T0015/326202/b9060hi/Rufesi/java_console/ui/src/com/rusefi/ui/widgets/test/AnyCommandTest.java (ext=.java, size=763)
2026-02-25 12:51:43,939 - Knowledge - INFO - Worker kw2 processing /app/data/T0015/326202/b9060hi/Rufesi/java_console/ui/src/com/rusefi/ui/widgets/ClosedLoopControlQualityMetric.java
2026-02-25 12:51:44,210 - Knowledge - INFO - Fast-tracked /app/data/T0015/326202/b9060hi/Rufesi/java_console/ui/src/com/rusefi/ui/StatusWindow.java (small file (2111 bytes))
2026-02-25 12:51:44,304 - Knowledge - INFO - Worker kw4 processing /app/data/T0015/326202/b9060hi/Rufesi/java_console/ui/src/com/rusefi/ui/widgets/AdcDebugControl.java
2026-02-25 12:51:44,520 - Knowledge - INFO - Fast-tracked /app/data/T0015/326202/b9060hi/Rufesi/java_console/ui/src/com/rusefi/ui/widgets/ClosedLoopControlQualityMetric.java (ext=.java, size=1871)
2026-02-25 12:51:44,536 - Knowledge - INFO - [LLM_CALL] Completed: FirstMoment.java:chunk1, Duration: 102431ms, PromptTokens: 3084, CompletionTokens: 471, Cost: $0.00050
2026-02-25 12:51:44,667 - Knowledge - INFO - Fast-tracked /app/data/T0015/326202/b9060hi/Rufesi/java_console/ui/src/com/rusefi/ui/SizeSelectorPanel.java (small file (2507 bytes))
2026-02-25 12:51:44,694 - Knowledge - INFO - process ingested knowledge for /app/data/T0015/326202/b9060hi/Rufesi/java_console/models/src/org/apache/commons/math3/exception/MathIllegalNumberException.java
2026-02-25 12:51:44,859 - Knowledge - INFO - Fast-tracked /app/data/T0015/326202/b9060hi/Rufesi/java_console/ui/src/com/rusefi/ui/widgets/AdcDebugControl.java (ext=.java, size=328)
2026-02-25 12:51:44,975 - Knowledge - INFO - Worker kw2 processing /app/data/T0015/326202/b9060hi/Rufesi/java_console/ui/src/com/rusefi/ui/widgets/RpmCommand.java
2026-02-25 12:51:45,163 - Knowledge - INFO - done ingest for /app/data/T0015/326202/b9060hi/Rufesi/java_console/models/src/org/apache/commons/math3/stat/descriptive/moment/FirstMoment.java
2026-02-25 12:51:45,456 - Knowledge - INFO - Fast-tracked /app/data/T0015/326202/b9060hi/Rufesi/java_console/ui/src/com/rusefi/ui/GaugesGridElement.java (small file (2924 bytes))
2026-02-25 12:51:45,811 - Knowledge - INFO - Worker kw4 processing /app/data/T0015/326202/b9060hi/Rufesi/java_console/ui/src/com/rusefi/ui/widgets/EtbResearch.java
2026-02-25 12:51:45,918 - Knowledge - INFO - [LLM_CALL] Completed: FuelAutoTune.java:chunk1, Duration: 88923ms, PromptTokens: 4188, CompletionTokens: 467, Cost: $0.00061
2026-02-25 12:51:45,925 - Knowledge - WARNING - Timeout processing /app/data/T0015/326202/b9060hi/Rufesi/java_console/models/src/org/apache/commons/math3/distribution/BetaDistribution.java after 90s - using fallback metadata
2026-02-25 12:51:45,984 - Knowledge - INFO - process ingested knowledge for /app/data/T0015/326202/b9060hi/Rufesi/java_console/models/src/org/apache/commons/math3/exception/NotANumberException.java
2026-02-25 12:51:46,072 - Knowledge - INFO - Fast-tracked /app/data/T0015/326202/b9060hi/Rufesi/java_console/ui/src/com/rusefi/ui/widgets/RpmCommand.java (ext=.java, size=1264)
2026-02-25 12:51:46,634 - Knowledge - INFO - Fast-tracked /app/data/T0015/326202/b9060hi/Rufesi/java_console/ui/src/com/rusefi/ui/engine/EngineSnifferStatusPanel.java (small file (2885 bytes))
2026-02-25 12:51:46,664 - Knowledge - INFO - Worker kw4 processing /app/data/T0015/326202/b9060hi/Rufesi/java_console/ui/src/com/rusefi/ui/widgets/IntGaugeLabel.java
2026-02-25 12:51:46,800 - Knowledge - INFO - done ingest for /app/data/T0015/326202/b9060hi/Rufesi/java_console/models/src/com/rusefi/autotune/FuelAutoTune.java
2026-02-25 12:51:46,837 - Knowledge - INFO - [LLM_CALL] Completed: BenchTestPane.java:chunk1, Duration: 76924ms, PromptTokens: 2224, CompletionTokens: 684, Cost: $0.00050
2026-02-25 12:51:46,925 - Knowledge - WARNING - Timeout processing /app/data/T0015/326202/b9060hi/Rufesi/java_console/models/src/org/apache/commons/math3/distribution/SaddlePointExpansion.java after 90s - using fallback metadata
2026-02-25 12:51:47,441 - Knowledge - INFO - Worker kw2 processing /app/data/T0015/326202/b9060hi/Rufesi/java_console/ui/src/com/rusefi/ui/widgets/IdleLabel.java
2026-02-25 12:51:47,663 - Knowledge - INFO - process ingested knowledge for /app/data/T0015/326202/b9060hi/Rufesi/java_console/models/src/org/apache/commons/math3/exception/NoBracketingException.java
2026-02-25 12:51:47,929 - Knowledge - INFO - Fast-tracked /app/data/T0015/326202/b9060hi/Rufesi/java_console/ui/src/com/rusefi/ui/util/URLLabel.java (small file (2725 bytes))
2026-02-25 12:51:48,003 - Knowledge - INFO - Fast-tracked /app/data/T0015/326202/b9060hi/Rufesi/java_console/ui/src/com/rusefi/ui/widgets/IntGaugeLabel.java (ext=.java, size=771)
2026-02-25 12:51:48,391 - Knowledge - INFO - done ingest for /app/data/T0015/326202/b9060hi/Rufesi/java_console/ui/src/com/rusefi/BenchTestPane.java
2026-02-25 12:51:48,410 - Knowledge - INFO - [LLM_CALL] Completed: SettingsTab.java:chunk1, Duration: 45152ms, PromptTokens: 4198, CompletionTokens: 535, Cost: $0.00063
2026-02-25 12:51:48,525 - Knowledge - WARNING - Timeout processing /app/data/T0015/326202/b9060hi/Rufesi/java_console/models/src/org/apache/commons/math3/distribution/AbstractIntegerDistribution.java after 90s - using fallback metadata
2026-02-25 12:51:48,766 - Knowledge - INFO - Fast-tracked /app/data/T0015/326202/b9060hi/Rufesi/java_console/ui/src/com/rusefi/ui/widgets/IdleLabel.java (ext=.java, size=515)
2026-02-25 12:51:48,973 - Knowledge - INFO - Async storage completed for 10 embeddings
2026-02-25 12:51:49,103 - Knowledge - INFO - Worker kw4 processing /app/data/T0015/326202/b9060hi/Rufesi/java_console/ui/src/com/rusefi/ui/widgets/EtbTestSequence.java
2026-02-25 12:51:49,437 - Knowledge - INFO - done ingest for /app/data/T0015/326202/b9060hi/Rufesi/java_console/ui/src/com/rusefi/ui/SettingsTab.java
2026-02-25 12:51:49,552 - Knowledge - WARNING - Timeout processing /app/data/T0015/326202/b9060hi/Rufesi/java_console/models/src/org/apache/commons/math3/distribution/FDistribution.java after 90s - using fallback metadata
2026-02-25 12:51:49,588 - Knowledge - INFO - process ingested knowledge for /app/data/T0015/326202/b9060hi/Rufesi/java_console/models/src/org/apache/commons/math3/exception/NoDataException.java
2026-02-25 12:51:49,695 - Knowledge - INFO - Worker kw2 processing /app/data/T0015/326202/b9060hi/Rufesi/java_console/ui/src/com/rusefi/ui/widgets/PopupMenuButton.java
2026-02-25 12:51:50,087 - Knowledge - INFO - Worker kw4 processing /app/data/T0015/326202/b9060hi/Rufesi/java_console/ui/src/com/rusefi/ui/widgets/JPanelWithListener.java
2026-02-25 12:51:50,370 - Knowledge - WARNING - Timeout processing /app/data/T0015/326202/b9060hi/Rufesi/java_console/models/src/org/apache/commons/math3/distribution/IntegerDistribution.java after 90s - using fallback metadata
2026-02-25 12:51:50,724 - Knowledge - INFO - Worker kw2 processing /app/data/T0015/326202/b9060hi/Rufesi/java_console/ui/src/com/rusefi/ui/widgets/SensorGauge.java
2026-02-25 12:51:50,913 - Knowledge - INFO - [LLM_CALL] Completed: AbstractEvaluator.java:chunk1, Duration: 60934ms, PromptTokens: 9870, CompletionTokens: 846, Cost: $0.00133
2026-02-25 12:51:50,929 - Knowledge - INFO - Fast-tracked /app/data/T0015/326202/b9060hi/Rufesi/java_console/ui/src/com/rusefi/ui/widgets/JPanelWithListener.java (ext=.java, size=1021)
2026-02-25 12:51:50,967 - Knowledge - INFO - process ingested knowledge for /app/data/T0015/326202/b9060hi/Rufesi/java_console/models/src/org/apache/commons/math3/exception/MathIllegalArgumentException.java
2026-02-25 12:51:50,997 - Knowledge - INFO - [kw3] Queue=1134, InProgress=0, PendingWorkers=20/20, Completed=156/1454 (10.7%)
2026-02-25 12:51:51,192 - Knowledge - WARNING - Timeout processing /app/data/T0015/326202/b9060hi/Rufesi/java_console/models/src/org/apache/commons/math3/distribution/UniformIntegerDistribution.java after 90s - using fallback metadata
2026-02-25 12:51:51,263 - Knowledge - INFO - Worker kw2 processing /app/data/T0015/326202/b9060hi/Rufesi/java_console/ui/src/com/rusefi/ui/widgets/MafCommand.java
2026-02-25 12:51:51,380 - Knowledge - INFO - done ingest for /app/data/T0015/326202/b9060hi/Rufesi/java_console/models/src/com/fathzer/soft/javaluator/AbstractEvaluator.java
2026-02-25 12:51:51,423 - Knowledge - INFO - Processing batch of 10 files
2026-02-25 12:51:51,433 - Knowledge - INFO - Processing batch of 10 files
2026-02-25 12:51:51,504 - Knowledge - INFO - [LLM_CALL] Completed: SensorCentral.java:chunk1, Duration: 81898ms, PromptTokens: 4114, CompletionTokens: 664, Cost: $0.00068
2026-02-25 12:51:51,649 - Knowledge - INFO - Fast-tracked /app/data/T0015/326202/b9060hi/Rufesi/java_console/ui/src/com/rusefi/ui/MessagesView.java (small file (2775 bytes))
2026-02-25 12:51:51,709 - Knowledge - INFO - process ingested knowledge for /app/data/T0015/326202/b9060hi/Rufesi/java_console/models/src/org/apache/commons/math3/exception/ConvergenceException.java
2026-02-25 12:51:52,355 - Knowledge - INFO - process ingested knowledge for /app/data/T0015/326202/b9060hi/Rufesi/java_console/ui/src/com/rusefi/logic/test/IgnitionMapBuilderTest.java
2026-02-25 12:51:51,969 - Knowledge - WARNING - Timeout processing /app/data/T0015/326202/b9060hi/Rufesi/java_console/models/src/org/apache/commons/math3/distribution/NormalDistribution.java after 90s - using fallback metadata
2026-02-25 12:51:52,048 - Knowledge - INFO - Fast-tracked /app/data/T0015/326202/b9060hi/Rufesi/java_console/ui/src/com/rusefi/ui/widgets/MafCommand.java (ext=.java, size=1248)
2026-02-25 12:51:52,258 - Knowledge - INFO - process ingested knowledge for /app/data/T0015/326202/b9060hi/Rufesi/java_console/models/src/com/rusefi/autotune/MathUtil.java
2026-02-25 12:51:51,867 - Knowledge - INFO - Batch sizing: calculated=10, max_allowed=10, queue=1134, active_workers=20/20
2026-02-25 12:51:52,614 - Knowledge - INFO - done ingest for /app/data/T0015/326202/b9060hi/Rufesi/java_console/models/src/com/rusefi/core/SensorCentral.java
2026-02-25 12:51:52,673 - Knowledge - INFO - [LLM_CALL] Completed: SensorLogger.java:chunk1, Duration: 59645ms, PromptTokens: 3550, CompletionTokens: 643, Cost: $0.00061
2026-02-25 12:51:53,143 - Knowledge - WARNING - Timeout processing /app/data/T0015/326202/b9060hi/Rufesi/java_console/models/src/org/apache/commons/math3/distribution/ZipfDistribution.java after 90s - using fallback metadata
2026-02-25 12:51:53,243 - Knowledge - INFO - process ingested knowledge for /app/data/T0015/326202/b9060hi/Rufesi/java_console/ui/src/com/rusefi/logic/IgnitionMapBuilder.java
2026-02-25 12:51:53,251 - Knowledge - INFO - Worker kw2 processing /app/data/T0015/326202/b9060hi/Rufesi/java_console/ui/src/com/rusefi/ui/widgets/BooleanFlagControlPanel.java
2026-02-25 12:51:53,355 - Knowledge - INFO - process ingested knowledge for /app/data/T0015/326202/b9060hi/Rufesi/java_console/models/src/com/rusefi/autotune/FuelAutoTune.java
2026-02-25 12:51:53,636 - Knowledge - WARNING - Timeout processing /app/data/T0015/326202/b9060hi/Rufesi/java_console/models/src/org/apache/commons/math3/util/Precision.java after 90s - using fallback metadata
2026-02-25 12:51:53,709 - Knowledge - INFO - done ingest for /app/data/T0015/326202/b9060hi/Rufesi/java_console/ui/src/com/rusefi/SensorLogger.java
2026-02-25 12:51:53,711 - Knowledge - INFO - [LLM_CALL] Completed: Mean.java:chunk1, Duration: 67242ms, PromptTokens: 5816, CompletionTokens: 702, Cost: $0.00086
2026-02-25 12:51:53,823 - Knowledge - WARNING - Timeout processing /app/data/T0015/326202/b9060hi/Rufesi/java_console/models/src/org/apache/commons/math3/distribution/ChiSquaredDistribution.java after 90s - using fallback metadata
2026-02-25 12:51:53,953 - Knowledge - WARNING - Timeout processing /app/data/T0015/326202/b9060hi/Rufesi/java_console/models/src/org/apache/commons/math3/distribution/GammaDistribution.java after 90s - using fallback metadata
2026-02-25 12:51:54,120 - Knowledge - INFO - Fast-tracked /app/data/T0015/326202/b9060hi/Rufesi/java_console/ui/src/com/rusefi/ui/config/BaseConfigField.java (small file (3066 bytes))
2026-02-25 12:51:54,149 - Knowledge - INFO - Fast-tracked /app/data/T0015/326202/b9060hi/Rufesi/java_console/ui/src/com/rusefi/ui/widgets/BooleanFlagControlPanel.java (ext=.java, size=1496)
2026-02-25 12:51:54,376 - Knowledge - INFO - process ingested knowledge for /app/data/T0015/326202/b9060hi/Rufesi/java_console/ui/src/com/rusefi/UploadChanges.java
2026-02-25 12:51:54,386 - Knowledge - INFO - process ingested knowledge for /app/data/T0015/326202/b9060hi/Rufesi/java_console/models/src/com/rusefi/autotune/AfrDataPoint.java
2026-02-25 12:51:54,445 - Knowledge - WARNING - Timeout processing /app/data/T0015/326202/b9060hi/Rufesi/java_console/models/src/org/apache/commons/math3/stat/descriptive/moment/Variance.java after 90s - using fallback metadata
2026-02-25 12:51:54,576 - Knowledge - INFO - Worker kw2 processing /app/data/T0015/326202/b9060hi/Rufesi/java_console/ui/src/com/rusefi/ui/widgets/LogModeWidget.java
2026-02-25 12:51:54,731 - Knowledge - INFO - done ingest for /app/data/T0015/326202/b9060hi/Rufesi/java_console/models/src/org/apache/commons/math3/stat/descriptive/moment/Mean.java
2026-02-25 12:51:54,742 - Knowledge - INFO - [WEBSOCKET] Sent: Type=progress_update, Size: 295, Duration: 0ms
2026-02-25 12:51:54,868 - Knowledge - WARNING - Timeout processing /app/data/T0015/326202/b9060hi/Rufesi/java_console/models/src/org/apache/commons/math3/distribution/CauchyDistribution.java after 90s - using fallback metadata
2026-02-25 12:51:55,004 - Knowledge - WARNING - Timeout processing /app/data/T0015/326202/b9060hi/Rufesi/java_console/models/src/org/apache/commons/math3/distribution/BinomialDistribution.java after 90s - using fallback metadata
2026-02-25 12:51:55,172 - Knowledge - INFO - Fast-tracked /app/data/T0015/326202/b9060hi/Rufesi/java_console/ui/src/com/rusefi/ui/config/EnumConfigField.java (small file (2603 bytes))
2026-02-25 12:51:55,880 - Knowledge - WARNING - Timeout processing /app/data/T0015/326202/b9060hi/Rufesi/java_console/models/src/org/apache/commons/math3/stat/descriptive/AbstractStorelessUnivariateStatistic.java after 90s - using fallback metadata
2026-02-25 12:51:55,891 - Knowledge - INFO - process ingested knowledge for /app/data/T0015/326202/b9060hi/Rufesi/java_console/models/src/com/rusefi/autotune/FuelAutoTune2.java
2026-02-25 12:51:55,905 - Knowledge - INFO - process ingested knowledge for /app/data/T0015/326202/b9060hi/Rufesi/java_console/ui/src/com/rusefi/ui/RpmModel.java
2026-02-25 12:51:55,913 - Knowledge - WARNING - Timeout processing /app/data/T0015/326202/b9060hi/Rufesi/java_console/models/src/org/apache/commons/math3/util/MathArrays.java after 90s - using fallback metadata
2026-02-25 12:51:56,061 - Knowledge - INFO - Fast-tracked /app/data/T0015/326202/b9060hi/Rufesi/java_console/ui/src/com/rusefi/ui/widgets/LogModeWidget.java (ext=.java, size=885)
2026-02-25 12:51:56,143 - Knowledge - INFO - Async storage completed for 10 embeddings
2026-02-25 12:51:56,275 - Knowledge - WARNING - Timeout processing /app/data/T0015/326202/b9060hi/Rufesi/java_console/models/src/org/apache/commons/math3/analysis/solvers/AllowedSolution.java after 90s - using fallback metadata
2026-02-25 12:51:56,564 - Knowledge - INFO - Async storing batch of 10 embeddings
2026-02-25 12:51:56,743 - Knowledge - INFO - [WEBSOCKET] Sent: Type=unknown, Size: ?, Duration: 4091ms
2026-02-25 12:51:56,866 - Knowledge - WARNING - Timeout processing /app/data/T0015/326202/b9060hi/Rufesi/java_console/models/src/org/apache/commons/math3/distribution/PoissonDistribution.java after 90s - using fallback metadata
2026-02-25 12:51:57,264 - Knowledge - WARNING - Timeout processing /app/data/T0015/326202/b9060hi/Rufesi/java_console/models/src/org/apache/commons/math3/stat/descriptive/AbstractUnivariateStatistic.java after 90s - using fallback metadata
2026-02-25 12:51:57,804 - Knowledge - INFO - process ingested knowledge for /app/data/T0015/326202/b9060hi/Rufesi/java_console/models/src/com/rusefi/autotune/FuelAutoLogic.java
2026-02-25 12:51:57,811 - Knowledge - INFO - process ingested knowledge for /app/data/T0015/326202/b9060hi/Rufesi/java_console/ui/src/com/rusefi/ui/test/RpmModelTest.java
2026-02-25 12:51:57,846 - Knowledge - WARNING - Timeout processing /app/data/T0015/326202/b9060hi/Rufesi/java_console/models/src/org/apache/commons/math3/util/DoubleArray.java after 90s - using fallback metadata
2026-02-25 12:51:58,359 - Knowledge - WARNING - Timeout processing /app/data/T0015/326202/b9060hi/Rufesi/java_console/models/src/org/apache/commons/math3/stat/descriptive/moment/StandardDeviation.java after 90s - using fallback metadata
2026-02-25 12:51:58,483 - Knowledge - INFO - Worker kw3 processing /app/data/T0015/326202/b9060hi/Rufesi/java_console/ui/src/com/rusefi/ui/widgets/AnyCommand.java
2026-02-25 12:51:58,642 - Knowledge - INFO - Progress: 11.7% | Files: 180/1454 | Rate: 1.07 files/sec | Queue: 1124
2026-02-25 12:51:58,656 - Knowledge - INFO - Processing batch of 10 files
2026-02-25 12:51:58,791 - Knowledge - WARNING - Timeout processing /app/data/T0015/326202/b9060hi/Rufesi/java_console/models/src/org/apache/commons/math3/distribution/ExponentialDistribution.java after 90s - using fallback metadata
2026-02-25 12:51:58,950 - Knowledge - WARNING - Timeout processing /app/data/T0015/326202/b9060hi/Rufesi/java_console/models/src/org/apache/commons/math3/stat/descriptive/StorelessUnivariateStatistic.java after 90s - using fallback metadata
2026-02-25 12:51:59,061 - Knowledge - INFO - process ingested knowledge for /app/data/T0015/326202/b9060hi/Rufesi/java_console/models/src/com/rusefi/autotune/Result.java
2026-02-25 12:51:59,083 - Knowledge - INFO - [kw12] Queue=1124, InProgress=0, PendingWorkers=20/20, Completed=180/1454 (12.4%)
2026-02-25 12:51:59,231 - Knowledge - INFO - process ingested knowledge for /app/data/T0015/326202/b9060hi/Rufesi/java_console/ui/src/com/rusefi/ui/test/WavePanelSandbox.java
2026-02-25 12:51:59,320 - Knowledge - WARNING - Timeout processing /app/data/T0015/326202/b9060hi/Rufesi/java_console/models/src/org/apache/commons/math3/util/Combinations.java after 90s - using fallback metadata
2026-02-25 12:51:59,488 - Knowledge - INFO - Processing batch of 10 files
2026-02-25 12:51:59,588 - Knowledge - INFO - Worker kw3 processing /app/data/T0015/326202/b9060hi/Rufesi/java_console/ui/src/com/rusefi/ui/widgets/WaveInfoPanel.java
2026-02-25 12:51:59,725 - Knowledge - INFO - [kw5] Queue=1124, InProgress=0, PendingWorkers=20/20, Completed=190/1454 (13.1%)
2026-02-25 12:51:59,864 - Knowledge - INFO - process ingested knowledge for /app/data/T0015/326202/b9060hi/Rufesi/java_console/models/src/org/apache/commons/math3/distribution/BetaDistribution.java
2026-02-25 12:51:59,986 - Knowledge - INFO - [LLM_CALL] Completed: Token.java:chunk1, Duration: 108665ms, PromptTokens: 2488, CompletionTokens: 774, Cost: $0.00056
2026-02-25 12:52:00,027 - Knowledge - WARNING - Timeout processing /app/data/T0015/326202/b9060hi/Rufesi/java_console/models/src/org/apache/commons/math3/distribution/HypergeometricDistribution.java after 90s - using fallback metadata
2026-02-25 12:52:00,144 - Knowledge - WARNING - Timeout processing /app/data/T0015/326202/b9060hi/Rufesi/java_console/models/src/org/apache/commons/math3/stat/descriptive/summary/Sum.java after 90s - using fallback metadata
2026-02-25 12:52:00,277 - Knowledge - INFO - process ingested knowledge for /app/data/T0015/326202/b9060hi/Rufesi/java_console/models/src/com/rusefi/AverageAngles.java
2026-02-25 12:52:00,413 - Knowledge - INFO - Batch sizing: calculated=10, max_allowed=10, queue=1124, active_workers=20/20
2026-02-25 12:52:00,558 - Knowledge - INFO - process ingested knowledge for /app/data/T0015/326202/b9060hi/Rufesi/java_console/ui/src/com/rusefi/ui/test/FlexibleControlsSandbox.java
2026-02-25 12:52:00,717 - Knowledge - WARNING - Timeout processing /app/data/T0015/326202/b9060hi/Rufesi/java_console/models/src/org/apache/commons/math3/util/Incrementor.java after 90s - using fallback metadata
2026-02-25 12:52:00,820 - Knowledge - INFO - process ingested knowledge for /app/data/T0015/326202/b9060hi/Rufesi/java_console/models/src/org/apache/commons/math3/analysis/solvers/BaseUnivariateSolver.java
2026-02-25 12:52:01,512 - Knowledge - INFO - Fast-tracked /app/data/T0015/326202/b9060hi/Rufesi/java_console/ui/src/com/rusefi/ui/widgets/WaveInfoPanel.java (ext=.java, size=307)
2026-02-25 12:52:01,525 - Knowledge - INFO - Batch sizing: calculated=10, max_allowed=10, queue=1124, active_workers=20/20
2026-02-25 12:52:01,672 - Knowledge - INFO - process ingested knowledge for /app/data/T0015/326202/b9060hi/Rufesi/java_console/models/src/org/apache/commons/math3/distribution/SaddlePointExpansion.java
2026-02-25 12:52:01,834 - Knowledge - INFO - done ingest for /app/data/T0015/326202/b9060hi/Rufesi/java_console/models/src/com/fathzer/soft/javaluator/Token.java
2026-02-25 12:52:02,022 - Knowledge - WARNING - Timeout processing /app/data/T0015/326202/b9060hi/Rufesi/java_console/models/src/org/apache/commons/math3/analysis/solvers/BracketedUnivariateSolver.java after 90s - using fallback metadata
2026-02-25 12:52:02,167 - Knowledge - WARNING - Timeout processing /app/data/T0015/326202/b9060hi/Rufesi/java_console/models/src/org/apache/commons/math3/FieldElement.java after 90s - using fallback metadata
2026-02-25 12:52:02,323 - Knowledge - INFO - process ingested knowledge for /app/data/T0015/326202/b9060hi/Rufesi/java_console/models/src/com/rusefi/AverageAnglesUtil.java
2026-02-25 12:52:02,544 - Knowledge - INFO - Async storing batch of 10 embeddings
2026-02-25 12:52:02,595 - Knowledge - INFO - process ingested knowledge for /app/data/T0015/326202/b9060hi/Rufesi/java_console/ui/src/com/rusefi/ui/test/EngineSnifferPanelTest.java
2026-02-25 12:52:02,883 - Knowledge - WARNING - Timeout processing /app/data/T0015/326202/b9060hi/Rufesi/java_console/models/src/org/apache/commons/math3/util/CombinatoricsUtils.java after 90s - using fallback metadata
2026-02-25 12:52:03,010 - Knowledge - INFO - process ingested knowledge for /app/data/T0015/326202/b9060hi/Rufesi/java_console/models/src/org/apache/commons/math3/analysis/solvers/AllowedSolution.java
2026-02-25 12:52:03,279 - Knowledge - WARNING - Timeout processing /app/data/T0015/326202/b9060hi/Rufesi/java_console/models/src/org/apache/commons/math3/util/ContinuedFraction.java after 90s - using fallback metadata
2026-02-25 12:52:03,302 - Knowledge - INFO - Worker kw3 processing /app/data/T0015/326202/b9060hi/Rufesi/java_console/ui/src/com/rusefi/ui/RpmLabel.java
2026-02-25 12:52:03,475 - Knowledge - INFO - Async storing batch of 10 embeddings
2026-02-25 12:52:03,645 - Knowledge - INFO - process ingested knowledge for /app/data/T0015/326202/b9060hi/Rufesi/java_console/models/src/org/apache/commons/math3/distribution/AbstractIntegerDistribution.java
2026-02-25 12:52:03,882 - Knowledge - WARNING - Timeout processing /app/data/T0015/326202/b9060hi/Rufesi/java_console/models/src/org/apache/commons/math3/analysis/solvers/UnivariateSolverUtils.java after 90s - using fallback metadata
2026-02-25 12:52:03,987 - Knowledge - WARNING - Timeout processing /app/data/T0015/326202/b9060hi/Rufesi/java_console/models/src/org/apache/commons/math3/util/Pair.java after 90s - using fallback metadata
2026-02-25 12:52:04,115 - Knowledge - INFO - process ingested knowledge for /app/data/T0015/326202/b9060hi/Rufesi/java_console/models/src/com/rusefi/BinarySearch.java
2026-02-25 12:52:04,281 - Knowledge - INFO - [LLM_CALL] Completed: EngineState.java:chunk1, Duration: 71695ms, PromptTokens: 6084, CompletionTokens: 875, Cost: $0.00096
2026-02-25 12:52:04,400 - Knowledge - INFO - Worker kw12 processing /app/data/T0015/326202/b9060hi/Rufesi/java_console/ui/src/com/rusefi/maintenance/ProcessStatusWindow.java
2026-02-25 12:52:04,522 - Knowledge - INFO - process ingested knowledge for /app/data/T0015/326202/b9060hi/Rufesi/java_console/ui/src/com/rusefi/ui/SettingsTab.java
2026-02-25 12:52:04,653 - Knowledge - WARNING - Timeout processing /app/data/T0015/326202/b9060hi/Rufesi/java_console/models/src/org/apache/commons/math3/util/MathUtils.java after 90s - using fallback metadata
2026-02-25 12:52:04,785 - Knowledge - INFO - process ingested knowledge for /app/data/T0015/326202/b9060hi/Rufesi/java_console/models/src/org/apache/commons/math3/analysis/solvers/UnivariateSolver.java
2026-02-25 12:52:04,905 - Knowledge - WARNING - Timeout processing /app/data/T0015/326202/b9060hi/Rufesi/java_console/models/src/org/apache/commons/math3/special/Beta.java after 90s - using fallback metadata
2026-02-25 12:52:05,045 - Knowledge - INFO - Worker kw3 processing /app/data/T0015/326202/b9060hi/Rufesi/java_console/ui/src/com/rusefi/ui/ShowMap.java
2026-02-25 12:52:05,129 - Knowledge - INFO - Worker kw5 processing /app/data/T0015/326202/b9060hi/Rufesi/java_console/tools/src/com/irnems/MedianFilter.java
2026-02-25 12:52:05,259 - Knowledge - INFO - process ingested knowledge for /app/data/T0015/326202/b9060hi/Rufesi/java_console/models/src/org/apache/commons/math3/distribution/FDistribution.java
2026-02-25 12:52:05,362 - Knowledge - WARNING - Timeout processing /app/data/T0015/326202/b9060hi/Rufesi/java_console/models/src/org/apache/commons/math3/analysis/solvers/BaseAbstractUnivariateSolver.java after 90s - using fallback metadata
2026-02-25 12:52:05,710 - Knowledge - INFO - process ingested knowledge for /app/data/T0015/326202/b9060hi/Rufesi/java_console/models/src/com/rusefi/ReportReader.java
2026-02-25 12:52:05,811 - Knowledge - INFO - done ingest for /app/data/T0015/326202/b9060hi/Rufesi/java_console/models/src/com/rusefi/core/EngineState.java
2026-02-25 12:52:05,844 - Knowledge - INFO - [LLM_CALL] Completed: Tokenizer.java:chunk1, Duration: 101227ms, PromptTokens: 3430, CompletionTokens: 513, Cost: $0.00055
2026-02-25 12:52:05,937 - Knowledge - INFO - Async storage completed for 10 embeddings
2026-02-25 12:52:05,997 - Knowledge - INFO - Worker kw12 processing /app/data/T0015/326202/b9060hi/Rufesi/java_console/ui/src/com/rusefi/TableEditorPane.java
2026-02-25 12:52:06,151 - Knowledge - INFO - process ingested knowledge for /app/data/T0015/326202/b9060hi/Rufesi/java_console/ui/src/com/rusefi/ui/MessagesPanel.java
2026-02-25 12:52:06,331 - Knowledge - WARNING - Timeout processing /app/data/T0015/326202/b9060hi/Rufesi/java_console/models/src/org/apache/commons/math3/util/ResizableDoubleArray.java after 90s - using fallback metadata
2026-02-25 12:52:06,451 - Knowledge - INFO - process ingested knowledge for /app/data/T0015/326202/b9060hi/Rufesi/java_console/models/src/org/apache/commons/math3/analysis/solvers/AbstractUnivariateSolver.java
2026-02-25 12:52:06,636 - Knowledge - WARNING - Timeout processing /app/data/T0015/326202/b9060hi/Rufesi/java_console/models/src/org/apache/commons/math3/special/Erf.java after 90s - using fallback metadata
2026-02-25 12:52:06,667 - Knowledge - INFO - Fast-tracked /app/data/T0015/326202/b9060hi/Rufesi/java_console/ui/src/com/rusefi/ui/widgets/EtbTestSequence.java (small file (3069 bytes))
2026-02-25 12:52:06,823 - Knowledge - INFO - Fast-tracked /app/data/T0015/326202/b9060hi/Rufesi/java_console/ui/src/com/rusefi/ui/ShowMap.java (ext=.java, size=692)
2026-02-25 12:52:07,028 - Knowledge - INFO - Fast-tracked /app/data/T0015/326202/b9060hi/Rufesi/java_console/tools/src/com/irnems/MedianFilter.java (ext=.java, size=896)
2026-02-25 12:52:07,158 - Knowledge - INFO - process ingested knowledge for /app/data/T0015/326202/b9060hi/Rufesi/java_console/models/src/org/apache/commons/math3/distribution/IntegerDistribution.java
2026-02-25 12:52:07,358 - Knowledge - WARNING - Timeout processing /app/data/T0015/326202/b9060hi/Rufesi/java_console/models/src/org/apache/commons/math3/analysis/solvers/BrentSolver.java after 90s - using fallback metadata
2026-02-25 12:52:07,759 - Knowledge - INFO - done ingest for /app/data/T0015/326202/b9060hi/Rufesi/java_console/models/src/com/fathzer/soft/javaluator/Tokenizer.java
2026-02-25 12:52:07,768 - Knowledge - INFO - Processing batch of 10 files
2026-02-25 12:52:07,902 - Knowledge - INFO - [LLM_CALL] Completed: EngineSnifferPanel.java:chunk1, Duration: 34912ms, PromptTokens: 8326, CompletionTokens: 930, Cost: $0.00120
2026-02-25 12:52:08,045 - Knowledge - INFO - Fast-tracked /app/data/T0015/326202/b9060hi/Rufesi/java_console/ui/src/com/rusefi/TableEditorPane.java (ext=.java, size=1421)
2026-02-25 12:52:08,437 - Knowledge - WARNING - Timeout processing /app/data/T0015/326202/b9060hi/Rufesi/java_console/models/src/org/apache/commons/math3/util/FastMathCalc.java after 90s - using fallback metadata
2026-02-25 12:52:08,743 - Knowledge - WARNING - Timeout processing /app/data/T0015/326202/b9060hi/Rufesi/java_console/models/src/org/apache/commons/math3/special/Gamma.java after 90s - using fallback metadata
2026-02-25 12:52:08,888 - Knowledge - INFO - Async storage completed for 10 embeddings
2026-02-25 12:52:09,019 - Knowledge - INFO - Worker kw3 processing /app/data/T0015/326202/b9060hi/Rufesi/java_console/ui/src/com/rusefi/StartupFrame.java
2026-02-25 12:52:09,105 - Knowledge - INFO - Worker kw5 processing /app/data/T0015/326202/b9060hi/Rufesi/java_console/tools/src/com/irnems/AdcFilter.java
2026-02-25 12:52:09,197 - Knowledge - INFO - process ingested knowledge for /app/data/T0015/326202/b9060hi/Rufesi/java_console/models/src/org/apache/commons/math3/Field.java
2026-02-25 12:52:09,374 - Knowledge - INFO - Fast-tracked /app/data/T0015/326202/b9060hi/Rufesi/java_console/ui/src/com/rusefi/ui/widgets/PopupMenuButton.java (small file (2186 bytes))
2026-02-25 12:52:09,600 - Knowledge - INFO - process ingested knowledge for /app/data/T0015/326202/b9060hi/Rufesi/java_console/models/src/org/apache/commons/math3/distribution/UniformIntegerDistribution.java
2026-02-25 12:52:09,638 - Knowledge - INFO - process ingested knowledge for /app/data/T0015/326202/b9060hi/Rufesi/java_console/models/src/org/apache/commons/math3/stat/descriptive/moment/Variance.java
2026-02-25 12:52:09,645 - Knowledge - WARNING - Timeout processing /app/data/T0015/326202/b9060hi/Rufesi/java_console/models/src/com/fathzer/soft/javaluator/DoubleEvaluator.java after 90s - using fallback metadata
2026-02-25 12:52:09,738 - Knowledge - INFO - done ingest for /app/data/T0015/326202/b9060hi/Rufesi/java_console/ui/src/com/rusefi/ui/engine/EngineSnifferPanel.java
2026-02-25 12:52:09,766 - Knowledge - INFO - [LLM_CALL] Completed: Sensor.java:chunk1, Duration: 113242ms, PromptTokens: 8642, CompletionTokens: 570, Cost: $0.00109
2026-02-25 12:52:09,843 - Knowledge - INFO - Worker kw12 processing /app/data/T0015/326202/b9060hi/Rufesi/java_console/ui/src/com/rusefi/SensorSnifferPane.java
2026-02-25 12:52:10,020 - Knowledge - WARNING - Timeout processing /app/data/T0015/326202/b9060hi/Rufesi/java_console/models/src/org/apache/commons/math3/util/ArithmeticUtils.java after 90s - using fallback metadata
2026-02-25 12:52:10,140 - Knowledge - WARNING - Timeout processing /app/data/T0015/326202/b9060hi/Rufesi/java_console/models/src/org/apache/commons/math3/random/RandomGeneratorFactory.java after 90s - using fallback metadata
2026-02-25 12:52:10,468 - Knowledge - INFO - Worker kw3 processing /app/data/T0015/326202/b9060hi/Rufesi/java_console/ui/src/com/rusefi/EcuStimulator.java
2026-02-25 12:52:10,567 - Knowledge - INFO - Fast-tracked /app/data/T0015/326202/b9060hi/Rufesi/java_console/tools/src/com/irnems/AdcFilter.java (ext=.java, size=1708)
2026-02-25 12:52:11,122 - Knowledge - INFO - process ingested knowledge for /app/data/T0015/326202/b9060hi/Rufesi/java_console/models/src/org/apache/commons/math3/stat/descriptive/UnivariateStatistic.java
2026-02-25 12:52:11,597 - Knowledge - INFO - process ingested knowledge for /app/data/T0015/326202/b9060hi/Rufesi/java_console/models/src/org/apache/commons/math3/distribution/NormalDistribution.java
2026-02-25 12:52:11,609 - Knowledge - INFO - process ingested knowledge for /app/data/T0015/326202/b9060hi/Rufesi/java_console/models/src/org/apache/commons/math3/stat/descriptive/AbstractStorelessUnivariateStatistic.java
2026-02-25 12:52:11,760 - Knowledge - INFO - done ingest for /app/data/T0015/326202/b9060hi/Rufesi/java_console/models/src/com/rusefi/core/Sensor.java
2026-02-25 12:52:11,779 - Knowledge - INFO - Processing batch of 10 files
2026-02-25 12:52:11,952 - Knowledge - INFO - Worker kw12 processing /app/data/T0015/326202/b9060hi/Rufesi/java_console/ui/src/com/rusefi/ValueRangeControl.java
2026-02-25 12:52:12,189 - Knowledge - WARNING - Timeout processing /app/data/T0015/326202/b9060hi/Rufesi/java_console/models/src/org/apache/commons/math3/random/RandomGenerator.java after 90s - using fallback metadata
2026-02-25 12:52:12,347 - Knowledge - INFO - Worker kw3 processing /app/data/T0015/326202/b9060hi/Rufesi/java_console/ui/src/com/rusefi/KeyStrokeShortcut.java
2026-02-25 12:52:12,476 - Knowledge - INFO - Worker kw5 processing /app/data/T0015/326202/b9060hi/Rufesi/java_console/autotest/src/com/rusefi/IoUtil.java
2026-02-25 12:52:12,705 - Knowledge - INFO - process ingested knowledge for /app/data/T0015/326202/b9060hi/Rufesi/java_console/models/src/org/apache/commons/math3/stat/descriptive/moment/FirstMoment.java
2026-02-25 12:52:12,727 - Knowledge - INFO - process ingested knowledge for /app/data/T0015/326202/b9060hi/Rufesi/java_console/models/src/org/apache/commons/math3/distribution/ZipfDistribution.java
2026-02-25 12:52:12,920 - Knowledge - WARNING - Timeout processing /app/data/T0015/326202/b9060hi/Rufesi/java_console/ui/src/com/rusefi/Launcher.java after 90s - using fallback metadata
2026-02-25 12:52:13,130 - Knowledge - INFO - process ingested knowledge for /app/data/T0015/326202/b9060hi/Rufesi/java_console/models/src/org/apache/commons/math3/distribution/GammaDistribution.java
2026-02-25 12:52:13,243 - Knowledge - INFO - Fast-tracked /app/data/T0015/326202/b9060hi/Rufesi/java_console/ui/src/com/rusefi/ValueRangeControl.java (ext=.java, size=1039)
2026-02-25 12:52:13,373 - Knowledge - WARNING - Timeout processing /app/data/T0015/326202/b9060hi/Rufesi/java_console/models/src/org/apache/commons/math3/random/AbstractWell.java after 90s - using fallback metadata
2026-02-25 12:52:13,623 - Knowledge - INFO - Fast-tracked /app/data/T0015/326202/b9060hi/Rufesi/java_console/ui/src/com/rusefi/KeyStrokeShortcut.java (ext=.java, size=116)
2026-02-25 12:52:13,630 - Knowledge - INFO - Worker kw5 processing /app/data/T0015/326202/b9060hi/Rufesi/java_console/autotest/src/com/rusefi/AutoTest.java
2026-02-25 12:52:13,699 - Knowledge - INFO - process ingested knowledge for /app/data/T0015/326202/b9060hi/Rufesi/java_console/models/src/org/apache/commons/math3/stat/descriptive/AbstractUnivariateStatistic.java
2026-02-25 12:52:13,911 - Knowledge - INFO - Async storage completed for 10 embeddings
2026-02-25 12:52:14,270 - Knowledge - INFO - Processing batch of 10 files
2026-02-25 12:52:14,385 - Knowledge - INFO - Async storage completed for 10 embeddings
2026-02-25 12:52:14,385 - Knowledge - INFO - Worker kw12 processing /app/data/T0015/326202/b9060hi/Rufesi/java_console/ui/src/com/rusefi/CompileTool.java
2026-02-25 12:52:14,447 - Knowledge - WARNING - Timeout processing /app/data/T0015/326202/b9060hi/Rufesi/java_console/models/src/org/apache/commons/math3/random/Well19937c.java after 90s - using fallback metadata
2026-02-25 12:52:14,574 - Knowledge - INFO - process ingested knowledge for /app/data/T0015/326202/b9060hi/Rufesi/java_console/models/src/org/apache/commons/math3/stat/descriptive/moment/StandardDeviation.java
2026-02-25 12:52:14,596 - Knowledge - INFO - process ingested knowledge for /app/data/T0015/326202/b9060hi/Rufesi/java_console/models/src/org/apache/commons/math3/distribution/BinomialDistribution.java
2026-02-25 12:52:14,609 - Knowledge - INFO - Processing batch of 10 files
2026-02-25 12:52:14,619 - Knowledge - INFO - Worker kw3 processing /app/data/T0015/326202/b9060hi/Rufesi/java_console/ui/src/com/rusefi/maintenance/EraseChip.java
2026-02-25 12:52:14,676 - Knowledge - INFO - Processing batch of 10 files
2026-02-25 12:52:14,710 - Knowledge - INFO - process ingested knowledge for /app/data/T0015/326202/b9060hi/Rufesi/java_console/models/src/org/apache/commons/math3/distribution/ChiSquaredDistribution.java
2026-02-25 12:52:14,781 - Knowledge - INFO - Worker kw5 processing /app/data/T0015/326202/b9060hi/Rufesi/java_console/autotest/src/com/rusefi/ExecHelper.java
2026-02-25 12:52:15,229 - Knowledge - INFO - process ingested knowledge for /app/data/T0015/326202/b9060hi/Rufesi/java_console/models/src/org/apache/commons/math3/util/MathArrays.java
2026-02-25 12:52:15,247 - Knowledge - INFO - Processing batch of 10 files
2026-02-25 12:52:15,448 - Knowledge - INFO - Worker kw12 processing /app/data/T0015/326202/b9060hi/Rufesi/java_console/ui/src/com/rusefi/binaryprotocol/BinaryProtocolCmdSandbox.java
2026-02-25 12:52:15,600 - Knowledge - WARNING - Timeout processing /app/data/T0015/326202/b9060hi/Rufesi/java_console/models/src/org/apache/commons/math3/random/RandomDataGenerator.java after 90s - using fallback metadata
2026-02-25 12:52:15,693 - Knowledge - INFO - process ingested knowledge for /app/data/T0015/326202/b9060hi/Rufesi/java_console/models/src/org/apache/commons/math3/stat/descriptive/StorelessUnivariateStatistic.java
2026-02-25 12:52:15,969 - Knowledge - INFO - process ingested knowledge for /app/data/T0015/326202/b9060hi/Rufesi/java_console/ui/src/com/rusefi/ui/engine/test/UpDownSandbox.java
2026-02-25 12:52:16,099 - Knowledge - INFO - Fast-tracked /app/data/T0015/326202/b9060hi/Rufesi/java_console/ui/src/com/rusefi/maintenance/EraseChip.java (ext=.java, size=1379)
2026-02-25 12:52:16,145 - Knowledge - INFO - Processing batch of 10 files
2026-02-25 12:52:16,150 - Knowledge - INFO - process ingested knowledge for /app/data/T0015/326202/b9060hi/Rufesi/java_console/models/src/org/apache/commons/math3/stat/descriptive/moment/SecondMoment.java
2026-02-25 12:52:16,204 - Knowledge - INFO - process ingested knowledge for /app/data/T0015/326202/b9060hi/Rufesi/java_console/models/src/com/rusefi/core/Sensor.java
2026-02-25 12:52:16,474 - Knowledge - INFO - process ingested knowledge for /app/data/T0015/326202/b9060hi/Rufesi/java_console/models/src/org/apache/commons/math3/distribution/PoissonDistribution.java
2026-02-25 12:52:16,497 - Knowledge - INFO - [WEBSOCKET] Sent: Type=progress_update, Size: 294, Duration: 0ms
2026-02-25 12:52:16,505 - Knowledge - INFO - process ingested knowledge for /app/data/T0015/326202/b9060hi/Rufesi/java_console/models/src/org/apache/commons/math3/distribution/CauchyDistribution.java
2026-02-25 12:52:16,505 - Knowledge - INFO - Worker kw5 processing /app/data/T0015/326202/b9060hi/Rufesi/java_console/autotest/src/com/rusefi/EnduranceTest.java
2026-02-25 12:52:16,915 - Knowledge - INFO - process ingested knowledge for /app/data/T0015/326202/b9060hi/Rufesi/java_console/models/src/com/fathzer/soft/javaluator/Constant.java
2026-02-25 12:52:17,457 - Knowledge - INFO - Fast-tracked /app/data/T0015/326202/b9060hi/Rufesi/java_console/ui/src/com/rusefi/binaryprotocol/BinaryProtocolCmdSandbox.java (ext=.java, size=1659)
2026-02-25 12:52:17,465 - Knowledge - INFO - process ingested knowledge for /app/data/T0015/326202/b9060hi/Rufesi/java_console/models/src/org/apache/commons/math3/util/DoubleArray.java
2026-02-25 12:52:17,594 - Knowledge - WARNING - Timeout processing /app/data/T0015/326202/b9060hi/Rufesi/java_console/models/src/org/apache/commons/math3/random/BitsStreamGenerator.java after 90s - using fallback metadata
2026-02-25 12:52:17,740 - Knowledge - INFO - process ingested knowledge for /app/data/T0015/326202/b9060hi/Rufesi/java_console/models/src/org/apache/commons/math3/stat/descriptive/summary/Sum.java
2026-02-25 12:52:17,916 - Knowledge - INFO - process ingested knowledge for /app/data/T0015/326202/b9060hi/Rufesi/java_console/ui/src/com/rusefi/ui/engine/ZoomControl.java
2026-02-25 12:52:18,062 - Knowledge - INFO - Worker kw3 processing /app/data/T0015/326202/b9060hi/Rufesi/java_console/ui/src/com/rusefi/maintenance/FirmwareFlasher.java
2026-02-25 12:52:18,215 - Knowledge - INFO - process ingested knowledge for /app/data/T0015/326202/b9060hi/Rufesi/java_console/ui/src/com/rusefi/test/VoltageDividerTest.java
2026-02-25 12:52:18,331 - Knowledge - INFO - process ingested knowledge for /app/data/T0015/326202/b9060hi/Rufesi/java_console/models/src/org/apache/commons/math3/stat/descriptive/moment/Mean.java
2026-02-25 12:52:18,524 - Knowledge - INFO - process ingested knowledge for /app/data/T0015/326202/b9060hi/Rufesi/java_console/models/src/com/rusefi/core/ValueSource.java
2026-02-25 12:52:18,651 - Knowledge - INFO - process ingested knowledge for /app/data/T0015/326202/b9060hi/Rufesi/java_console/models/src/org/apache/commons/math3/distribution/ExponentialDistribution.java
2026-02-25 12:52:18,971 - Knowledge - INFO - [WEBSOCKET] Sent: Type=unknown, Size: ?, Duration: 2474ms
2026-02-25 12:52:19,200 - Knowledge - INFO - Worker kw5 processing /app/data/T0015/326202/b9060hi/Rufesi/java_console/autotest/src/com/rusefi/RealHwTest.java
2026-02-25 12:52:19,419 - Knowledge - INFO - Worker kw12 processing /app/data/T0015/326202/b9060hi/Rufesi/java_console/ui/src/com/rusefi/binaryprotocol/BinaryProtocolCmd.java
2026-02-25 12:52:19,485 - Knowledge - INFO - process ingested knowledge for /app/data/T0015/326202/b9060hi/Rufesi/java_console/models/src/com/fathzer/soft/javaluator/AbstractVariableSet.java
2026-02-25 12:52:19,554 - Knowledge - INFO - process ingested knowledge for /app/data/T0015/326202/b9060hi/Rufesi/java_console/models/src/org/apache/commons/math3/util/Combinations.java
2026-02-25 12:52:20,052 - Knowledge - INFO - process ingested knowledge for /app/data/T0015/326202/b9060hi/Rufesi/java_console/ui/src/com/rusefi/ui/engine/EngineSnifferPanel.java
2026-02-25 12:52:20,065 - Knowledge - INFO - process ingested knowledge for /app/data/T0015/326202/b9060hi/Rufesi/java_console/models/src/org/apache/commons/math3/stat/descriptive/WeightedEvaluation.java
2026-02-25 12:52:20,184 - Knowledge - INFO - Worker kw3 processing /app/data/T0015/326202/b9060hi/Rufesi/java_console/ui/src/com/rusefi/maintenance/VersionChecker.java
2026-02-25 12:52:20,490 - Knowledge - INFO - process ingested knowledge for /app/data/T0015/326202/b9060hi/Rufesi/java_console/ui/src/com/rusefi/BenchTestPane.java
2026-02-25 12:52:20,883 - Knowledge - INFO - Progress: 17.9% | Files: 270/1454 | Rate: 1.41 files/sec | Queue: 1104
2026-02-25 12:52:20,901 - Knowledge - INFO - [LLM_CALL] Completed: EtbResearch.java:chunk1, Duration: 19056ms, PromptTokens: 3662, CompletionTokens: 440, Cost: $0.00054
2026-02-25 12:52:21,077 - Knowledge - INFO - Worker kw5 processing /app/data/T0015/326202/b9060hi/Rufesi/java_console/autotest/src/com/rusefi/TestingUtils.java
2026-02-25 12:52:21,209 - Knowledge - INFO - Fast-tracked /app/data/T0015/326202/b9060hi/Rufesi/java_console/ui/src/com/rusefi/binaryprotocol/BinaryProtocolCmd.java (ext=.java, size=579)
2026-02-25 12:52:21,330 - Knowledge - INFO - process ingested knowledge for /app/data/T0015/326202/b9060hi/Rufesi/java_console/models/src/org/apache/commons/math3/distribution/HypergeometricDistribution.java
2026-02-25 12:52:21,775 - Knowledge - INFO - process ingested knowledge for /app/data/T0015/326202/b9060hi/Rufesi/java_console/models/src/com/rusefi/core/MessagesCentral.java
2026-02-25 12:52:21,791 - Knowledge - INFO - process ingested knowledge for /app/data/T0015/326202/b9060hi/Rufesi/java_console/models/src/com/fathzer/soft/javaluator/Function.java
2026-02-25 12:52:22,098 - Knowledge - INFO - process ingested knowledge for /app/data/T0015/326202/b9060hi/Rufesi/java_console/ui/src/com/rusefi/ui/engine/EngineSnifferStatusPanel.java
2026-02-25 12:52:22,111 - Knowledge - INFO - process ingested knowledge for /app/data/T0015/326202/b9060hi/Rufesi/java_console/models/src/org/apache/commons/math3/FieldElement.java
2026-02-25 12:52:22,194 - Knowledge - INFO - done ingest for /app/data/T0015/326202/b9060hi/Rufesi/java_console/ui/src/com/rusefi/ui/widgets/EtbResearch.java
2026-02-25 12:52:22,200 - Knowledge - INFO - Processing batch of 10 files
2026-02-25 12:52:22,206 - Knowledge - INFO - [LLM_CALL] Completed: SensorLiveGraph.java:chunk1, Duration: 64490ms, PromptTokens: 5528, CompletionTokens: 880, Cost: $0.00090
2026-02-25 12:52:22,407 - Knowledge - INFO - Worker kw5 processing /app/data/T0015/326202/b9060hi/Rufesi/java_console/legal/rusefi_console_legal.txt
2026-02-25 12:52:22,431 - Knowledge - INFO - [kw16] Queue=1104, InProgress=0, PendingWorkers=20/20, Completed=270/1454 (18.6%)
2026-02-25 12:52:22,442 - Knowledge - INFO - process ingested knowledge for /app/data/T0015/326202/b9060hi/Rufesi/java_console/models/src/org/apache/commons/math3/util/Incrementor.java
2026-02-25 12:52:22,460 - Knowledge - INFO - process ingested knowledge for /app/data/T0015/326202/b9060hi/Rufesi/java_console/ui/src/com/rusefi/trigger/WaveState.java
2026-02-25 12:52:22,534 - Knowledge - INFO - Worker kw12 processing /app/data/T0015/326202/b9060hi/Rufesi/java_console/ui/src/com/rusefi/TriggerImage.java
2026-02-25 12:52:22,754 - Knowledge - INFO - [kw19] Queue=1104, InProgress=0, PendingWorkers=20/20, Completed=270/1454 (18.6%)
2026-02-25 12:52:23,260 - Knowledge - INFO - process ingested knowledge for /app/data/T0015/326202/b9060hi/Rufesi/java_console/models/src/org/apache/commons/math3/analysis/UnivariateFunction.java
2026-02-25 12:52:23,638 - Knowledge - INFO - Fast-tracked /app/data/T0015/326202/b9060hi/Rufesi/java_console/ui/src/com/rusefi/ui/RpmLabel.java (small file (2186 bytes))
2026-02-25 12:52:23,641 - Knowledge - INFO - process ingested knowledge for /app/data/T0015/326202/b9060hi/Rufesi/java_console/models/src/com/fathzer/soft/javaluator/DoubleEvaluator.java
2026-02-25 12:52:23,642 - Knowledge - INFO - process ingested knowledge for /app/data/T0015/326202/b9060hi/Rufesi/java_console/models/src/org/apache/commons/math3/util/ContinuedFraction.java
2026-02-25 12:52:23,643 - Knowledge - INFO - process ingested knowledge for /app/data/T0015/326202/b9060hi/Rufesi/java_console/models/src/com/rusefi/core/ResponseBuffer.java
2026-02-25 12:52:23,675 - Knowledge - INFO - process ingested knowledge for /app/data/T0015/326202/b9060hi/Rufesi/java_console/models/src/org/apache/commons/math3/util/FastMath.java
2026-02-25 12:52:23,680 - Knowledge - INFO - process ingested knowledge for /app/data/T0015/326202/b9060hi/Rufesi/java_console/ui/src/com/rusefi/ui/engine/NameUtil.java
2026-02-25 12:52:23,736 - Knowledge - INFO - done ingest for /app/data/T0015/326202/b9060hi/Rufesi/java_console/ui/src/com/rusefi/ui/SensorLiveGraph.java
2026-02-25 12:52:23,756 - Knowledge - INFO - [LLM_CALL] Completed: IniFileModel.java:chunk1, Duration: 40683ms, PromptTokens: 2268, CompletionTokens: 553, Cost: $0.00045
2026-02-25 12:52:23,934 - Knowledge - INFO - Fast-tracked /app/data/T0015/326202/b9060hi/Rufesi/java_console/legal/rusefi_console_legal.txt (ext=.txt, size=104)
2026-02-25 12:52:24,075 - Knowledge - INFO - Batch sizing: calculated=10, max_allowed=10, queue=1104, active_workers=20/20
2026-02-25 12:52:24,501 - Knowledge - INFO - Worker kw12 processing /app/data/T0015/326202/b9060hi/Rufesi/java_console/tools/src/com/irnems/file/FrequencyDivider.java
2026-02-25 12:52:24,654 - Knowledge - INFO - process ingested knowledge for /app/data/T0015/326202/b9060hi/Rufesi/java_console/models/src/org/apache/commons/math3/util/CombinatoricsUtils.java
2026-02-25 12:52:24,664 - Knowledge - INFO - Batch sizing: calculated=10, max_allowed=10, queue=1104, active_workers=20/20
2026-02-25 12:52:25,035 - Knowledge - INFO - process ingested knowledge for /app/data/T0015/326202/b9060hi/Rufesi/java_console/ui/src/com/rusefi/StimulationInputs.java
2026-02-25 12:52:25,463 - Knowledge - INFO - process ingested knowledge for /app/data/T0015/326202/b9060hi/Rufesi/java_console/models/src/com/fathzer/soft/javaluator/Token.java
2026-02-25 12:52:25,473 - Knowledge - INFO - process ingested knowledge for /app/data/T0015/326202/b9060hi/Rufesi/java_console/models/src/org/apache/commons/math3/analysis/solvers/BracketedUnivariateSolver.java
2026-02-25 12:52:25,488 - Knowledge - INFO - process ingested knowledge for /app/data/T0015/326202/b9060hi/Rufesi/java_console/models/src/org/apache/commons/math3/special/Beta.java
2026-02-25 12:52:25,966 - Knowledge - INFO - process ingested knowledge for /app/data/T0015/326202/b9060hi/Rufesi/java_console/models/src/com/rusefi/core/SensorStats.java
2026-02-25 12:52:26,040 - Knowledge - INFO - done ingest for /app/data/T0015/326202/b9060hi/Rufesi/java_console/ui/src/com/rusefi/ui/config/IniFileModel.java
2026-02-25 12:52:26,040 - Knowledge - INFO - process ingested knowledge for /app/data/T0015/326202/b9060hi/Rufesi/java_console/models/src/org/apache/commons/math3/util/Pair.java
2026-02-25 12:52:26,048 - Knowledge - INFO - process ingested knowledge for /app/data/T0015/326202/b9060hi/Rufesi/java_console/ui/src/com/rusefi/ui/util/DefaultExceptionHandler.java
2026-02-25 12:52:26,141 - Knowledge - INFO - Worker kw5 processing /app/data/T0015/326202/b9060hi/Rufesi/java_console/romraider/src/ZoeloeSoft/projects/JFontChooser/JFontChooser.java
2026-02-25 12:52:26,406 - Knowledge - INFO - Fast-tracked /app/data/T0015/326202/b9060hi/Rufesi/java_console/tools/src/com/irnems/file/FrequencyDivider.java (ext=.java, size=1344)
2026-02-25 12:52:27,255 - Knowledge - INFO - process ingested knowledge for /app/data/T0015/326202/b9060hi/Rufesi/java_console/models/src/org/apache/commons/math3/util/MathUtils.java
2026-02-25 12:52:27,272 - Knowledge - INFO - Async storing batch of 10 embeddings
2026-02-25 12:52:27,279 - Knowledge - INFO - process ingested knowledge for /app/data/T0015/326202/b9060hi/Rufesi/java_console/ui/src/com/rusefi/CmdLine.java
2026-02-25 12:52:27,316 - Knowledge - INFO - process ingested knowledge for /app/data/T0015/326202/b9060hi/Rufesi/java_console/models/src/org/apache/commons/math3/analysis/solvers/UnivariateSolverUtils.java
2026-02-25 12:52:27,330 - Knowledge - INFO - process ingested knowledge for /app/data/T0015/326202/b9060hi/Rufesi/java_console/models/src/com/fathzer/soft/javaluator/Tokenizer.java
2026-02-25 12:52:27,343 - Knowledge - INFO - [kw6] Queue=1094, InProgress=0, PendingWorkers=20/20, Completed=270/1454 (18.6%)
2026-02-25 12:52:27,366 - Knowledge - INFO - Async storing batch of 10 embeddings
2026-02-25 12:52:27,382 - Knowledge - INFO - process ingested knowledge for /app/data/T0015/326202/b9060hi/Rufesi/java_console/models/src/org/apache/commons/math3/special/Erf.java
2026-02-25 12:52:28,132 - Knowledge - INFO - process ingested knowledge for /app/data/T0015/326202/b9060hi/Rufesi/java_console/models/src/com/rusefi/core/SensorCentral.java
2026-02-25 12:52:28,152 - Knowledge - INFO - process ingested knowledge for /app/data/T0015/326202/b9060hi/Rufesi/java_console/models/src/org/apache/commons/math3/util/Precision.java
2026-02-25 12:52:28,153 - Knowledge - INFO - process ingested knowledge for /app/data/T0015/326202/b9060hi/Rufesi/java_console/ui/src/com/rusefi/ui/util/HorizontalLine.java
2026-02-25 12:52:28,305 - Knowledge - INFO - Worker kw12 processing /app/data/T0015/326202/b9060hi/Rufesi/java_console/tools/src/com/irnems/SimpleFilter.java
2026-02-25 12:52:28,632 - Knowledge - INFO - Worker kw16 processing /app/data/T0015/326202/b9060hi/Rufesi/java_console/romraider/src/com/romraider/logger/car/util/TorqueCalculator.java
2026-02-25 12:52:28,819 - Knowledge - INFO - process ingested knowledge for /app/data/T0015/326202/b9060hi/Rufesi/java_console/models/src/org/apache/commons/math3/util/ResizableDoubleArray.java
2026-02-25 12:52:28,826 - Knowledge - INFO - process ingested knowledge for /app/data/T0015/326202/b9060hi/Rufesi/java_console/ui/src/com/rusefi/AverageAnglePanel.java
2026-02-25 12:52:28,884 - Knowledge - INFO - process ingested knowledge for /app/data/T0015/326202/b9060hi/Rufesi/java_console/models/src/org/apache/commons/math3/analysis/solvers/BaseAbstractUnivariateSolver.java
2026-02-25 12:52:28,917 - Knowledge - INFO - [kw8] Queue=1084, InProgress=0, PendingWorkers=20/20, Completed=270/1454 (18.6%)
2026-02-25 12:52:29,055 - Knowledge - INFO - process ingested knowledge for /app/data/T0015/326202/b9060hi/Rufesi/java_console/models/src/com/fathzer/soft/javaluator/AbstractEvaluator.java
2026-02-25 12:52:29,246 - Knowledge - INFO - Fast-tracked /app/data/T0015/326202/b9060hi/Rufesi/java_console/tools/src/com/irnems/SimpleFilter.java (ext=.java, size=727)
2026-02-25 12:52:29,377 - Knowledge - INFO - Worker kw19 processing /app/data/T0015/326202/b9060hi/Rufesi/java_console/romraider/src/com/romraider/logger/ecu/ui/paramlist/ParameterListTableModel.java
2026-02-25 12:52:29,517 - Knowledge - INFO - process ingested knowledge for /app/data/T0015/326202/b9060hi/Rufesi/java_console/models/src/org/apache/commons/math3/special/Gamma.java
2026-02-25 12:52:29,547 - Knowledge - INFO - Fast-tracked /app/data/T0015/326202/b9060hi/Rufesi/java_console/ui/src/com/rusefi/maintenance/FirmwareFlasher.java (small file (2649 bytes))
2026-02-25 12:52:29,699 - Knowledge - INFO - process ingested knowledge for /app/data/T0015/326202/b9060hi/Rufesi/java_console/models/src/com/rusefi/core/EngineTimeListener.java
2026-02-25 12:52:30,208 - Knowledge - INFO - Batch sizing: calculated=10, max_allowed=10, queue=1094, active_workers=20/20
2026-02-25 12:52:30,363 - Knowledge - INFO - process ingested knowledge for /app/data/T0015/326202/b9060hi/Rufesi/java_console/ui/src/com/rusefi/ui/util/JustOneInstance.java
2026-02-25 12:52:30,410 - Knowledge - INFO - Fast-tracked /app/data/T0015/326202/b9060hi/Rufesi/java_console/romraider/src/com/romraider/logger/car/util/TorqueCalculator.java (ext=.java, size=1565)
2026-02-25 12:52:30,917 - Knowledge - INFO - Batch sizing: calculated=10, max_allowed=10, queue=1084, active_workers=20/20
2026-02-25 12:52:31,160 - Knowledge - INFO - process ingested knowledge for /app/data/T0015/326202/b9060hi/Rufesi/java_console/models/src/org/apache/commons/math3/util/FastMathCalc.java
2026-02-25 12:52:31,185 - Knowledge - INFO - process ingested knowledge for /app/data/T0015/326202/b9060hi/Rufesi/java_console/ui/src/com/rusefi/Launcher.java
2026-02-25 12:52:31,207 - Knowledge - INFO - process ingested knowledge for /app/data/T0015/326202/b9060hi/Rufesi/java_console/models/src/org/apache/commons/math3/analysis/solvers/BrentSolver.java
2026-02-25 12:52:31,211 - Knowledge - INFO - process ingested knowledge for /app/data/T0015/326202/b9060hi/Rufesi/java_console/models/src/com/rusefi/FiringOrderTSLogic.java
2026-02-25 12:52:31,285 - Knowledge - INFO - Fast-tracked /app/data/T0015/326202/b9060hi/Rufesi/java_console/ui/src/com/rusefi/maintenance/ProcessStatusWindow.java (small file (2717 bytes))
2026-02-25 12:52:31,446 - Knowledge - INFO - Worker kw19 processing /app/data/T0015/326202/b9060hi/Rufesi/java_console/romraider/src/com/romraider/logger/ecu/ui/paramlist/ParameterRow.java
2026-02-25 12:52:31,851 - Knowledge - INFO - process ingested knowledge for /app/data/T0015/326202/b9060hi/Rufesi/java_console/models/src/org/apache/commons/math3/random/RandomGeneratorFactory.java
2026-02-25 12:52:31,962 - Knowledge - INFO - process ingested knowledge for /app/data/T0015/326202/b9060hi/Rufesi/java_console/models/src/com/rusefi/core/EngineState.java
2026-02-25 12:52:32,954 - Knowledge - INFO - [LLM_CALL] Completed: ChartScrollControl.java:chunk1, Duration: 63447ms, PromptTokens: 2218, CompletionTokens: 475, Cost: $0.00041
2026-02-25 12:52:32,991 - Knowledge - INFO - Worker kw16 processing /app/data/T0015/326202/b9060hi/Rufesi/java_console/romraider/src/com/romraider/logger/car/util/Constants.java
2026-02-25 12:52:33,111 - Knowledge - INFO - process ingested knowledge for /app/data/T0015/326202/b9060hi/Rufesi/java_console/ui/src/com/rusefi/ui/util/URLLabel.java
2026-02-25 12:52:33,206 - Knowledge - INFO - process ingested knowledge for /app/data/T0015/326202/b9060hi/Rufesi/java_console/models/src/org/apache/commons/math3/util/ArithmeticUtils.java
2026-02-25 12:52:33,276 - Knowledge - INFO - process ingested knowledge for /app/data/T0015/326202/b9060hi/Rufesi/java_console/ui/src/com/rusefi/PresetsPane.java
2026-02-25 12:52:33,854 - Knowledge - INFO - Fast-tracked /app/data/T0015/326202/b9060hi/Rufesi/java_console/romraider/src/com/romraider/logger/ecu/ui/paramlist/ParameterRow.java (ext=.java, size=1517)
2026-02-25 12:52:34,333 - Knowledge - INFO - done ingest for /app/data/T0015/326202/b9060hi/Rufesi/java_console/ui/src/com/rusefi/ui/ChartScrollControl.java
2026-02-25 12:52:34,349 - Knowledge - INFO - process ingested knowledge for /app/data/T0015/326202/b9060hi/Rufesi/java_console/models/src/com/rusefi/test/TimeBasedBufferTest.java
2026-02-25 12:52:34,358 - Knowledge - INFO - [LLM_CALL] Completed: RecentCommands.java:chunk1, Duration: 37752ms, PromptTokens: 5112, CompletionTokens: 889, Cost: $0.00087
2026-02-25 12:52:34,515 - Knowledge - INFO - Fast-tracked /app/data/T0015/326202/b9060hi/Rufesi/java_console/romraider/src/com/romraider/logger/car/util/Constants.java (ext=.java, size=1296)
2026-02-25 12:52:34,611 - Knowledge - INFO - Async storage completed for 10 embeddings
2026-02-25 12:52:34,745 - Knowledge - INFO - process ingested knowledge for /app/data/T0015/326202/b9060hi/Rufesi/java_console/models/src/com/rusefi/autotune/test/FuelAutoTuneTest.java
2026-02-25 12:52:34,791 - Knowledge - INFO - process ingested knowledge for /app/data/T0015/326202/b9060hi/Rufesi/java_console/models/src/org/apache/commons/math3/random/RandomGenerator.java
2026-02-25 12:52:34,793 - Knowledge - INFO - process ingested knowledge for /app/data/T0015/326202/b9060hi/Rufesi/java_console/ui/src/com/rusefi/ui/util/FrameHelper.java
2026-02-25 12:52:34,837 - Knowledge - INFO - process ingested knowledge for /app/data/T0015/326202/b9060hi/Rufesi/java_console/models/src/org/apache/commons/math3/util/FastMathLiteralArrays.java
2026-02-25 12:52:35,002 - Knowledge - INFO - Fast-tracked /app/data/T0015/326202/b9060hi/Rufesi/java_console/autotest/src/com/rusefi/EnduranceTest.java (small file (2096 bytes))
2026-02-25 12:52:35,100 - Knowledge - INFO - Worker kw19 processing /app/data/T0015/326202/b9060hi/Rufesi/java_console/romraider/src/com/romraider/logger/ecu/ui/paramlist/ParameterListTable.java
2026-02-25 12:52:35,610 - Knowledge - INFO - done ingest for /app/data/T0015/326202/b9060hi/Rufesi/java_console/ui/src/com/rusefi/ui/RecentCommands.java
2026-02-25 12:52:35,662 - Knowledge - INFO - Async storing batch of 10 embeddings
2026-02-25 12:52:35,672 - Knowledge - INFO - Async storing batch of 10 embeddings
2026-02-25 12:52:35,720 - Knowledge - INFO - [LLM_CALL] Completed: DetachedSensor.java:chunk1, Duration: 37048ms, PromptTokens: 3014, CompletionTokens: 670, Cost: $0.00057
2026-02-25 12:52:35,769 - Knowledge - INFO - process ingested knowledge for /app/data/T0015/326202/b9060hi/Rufesi/java_console/ui/src/com/rusefi/SensorLogger.java
2026-02-25 12:52:35,780 - Knowledge - INFO - process ingested knowledge for /app/data/T0015/326202/b9060hi/Rufesi/java_console/models/src/com/rusefi/test/HistogramsTest.java
2026-02-25 12:52:35,829 - Knowledge - INFO - Worker kw16 processing /app/data/T0015/326202/b9060hi/Rufesi/java_console/romraider/src/com/romraider/logger/car/util/SpeedCalculator.java
2026-02-25 12:52:36,639 - Knowledge - INFO - process ingested knowledge for /app/data/T0015/326202/b9060hi/Rufesi/java_console/models/src/com/rusefi/autotune/test/FuelAutoTune2Test.java
2026-02-25 12:52:36,715 - Knowledge - INFO - Fast-tracked /app/data/T0015/326202/b9060hi/Rufesi/java_console/autotest/src/com/rusefi/RealHwTest.java (small file (2293 bytes))
2026-02-25 12:52:36,848 - Knowledge - INFO - Worker kw19 processing /app/data/T0015/326202/b9060hi/Rufesi/java_console/romraider/src/com/romraider/logger/ecu/ui/paramlist/UnitsComboBoxEditor.java
2026-02-25 12:52:37,150 - Knowledge - INFO - Worker kw6 processing /app/data/T0015/326202/b9060hi/Rufesi/java_console/romraider/src/com/romraider/logger/ecu/profile/xml/UserProfileHandler.java
2026-02-25 12:52:37,184 - Knowledge - INFO - process ingested knowledge for /app/data/T0015/326202/b9060hi/Rufesi/java_console/models/src/org/apache/commons/math3/random/AbstractWell.java
2026-02-25 12:52:37,266 - Knowledge - INFO - Fast-tracked /app/data/T0015/326202/b9060hi/Rufesi/java_console/ui/src/com/rusefi/CompileTool.java (small file (2638 bytes))
2026-02-25 12:52:37,301 - Knowledge - INFO - Worker kw8 processing /app/data/T0015/326202/b9060hi/Rufesi/java_console/romraider/src/com/romraider/logger/ecu/definition/xml/EcuDefinitionInheritanceList.java
2026-02-25 12:52:37,396 - Knowledge - INFO - done ingest for /app/data/T0015/326202/b9060hi/Rufesi/java_console/ui/src/com/rusefi/ui/widgets/DetachedSensor.java
2026-02-25 12:52:37,961 - Knowledge - INFO - Fast-tracked /app/data/T0015/326202/b9060hi/Rufesi/java_console/romraider/src/com/romraider/logger/car/util/SpeedCalculator.java (ext=.java, size=1693)
2026-02-25 12:52:38,240 - Knowledge - INFO - [LLM_CALL] Completed: UpDownImage.java:chunk1, Duration: 39572ms, PromptTokens: 5966, CompletionTokens: 978, Cost: $0.00099
2026-02-25 12:52:38,456 - Knowledge - INFO - Worker kw19 processing /app/data/T0015/326202/b9060hi/Rufesi/java_console/romraider/src/com/romraider/logger/ecu/ui/paramlist/UnitsComboBoxRenderer.java
2026-02-25 12:52:38,676 - Knowledge - INFO - Worker kw6 processing /app/data/T0015/326202/b9060hi/Rufesi/java_console/romraider/src/com/romraider/logger/ecu/profile/UserProfileItemImpl.java
2026-02-25 12:52:38,815 - Knowledge - INFO - process ingested knowledge for /app/data/T0015/326202/b9060hi/Rufesi/java_console/ui/src/com/rusefi/RomRaiderWrapper.java
2026-02-25 12:52:39,125 - Knowledge - INFO - Worker kw8 processing /app/data/T0015/326202/b9060hi/Rufesi/java_console/romraider/src/com/romraider/logger/ecu/definition/xml/EcuDefinitionDocumentLoader.java
2026-02-25 12:52:39,315 - Knowledge - INFO - Worker kw16 processing /app/data/T0015/326202/b9060hi/Rufesi/java_console/romraider/src/com/romraider/logger/ecu/EcuLoggerExec.java
2026-02-25 12:52:39,556 - Knowledge - INFO - done ingest for /app/data/T0015/326202/b9060hi/Rufesi/java_console/ui/src/com/rusefi/ui/engine/UpDownImage.java
2026-02-25 12:52:39,759 - Knowledge - INFO - Fast-tracked /app/data/T0015/326202/b9060hi/Rufesi/java_console/romraider/src/com/romraider/logger/ecu/ui/paramlist/UnitsComboBoxRenderer.java (ext=.java, size=1814)
2026-02-25 12:52:39,907 - Knowledge - INFO - Fast-tracked /app/data/T0015/326202/b9060hi/Rufesi/java_console/romraider/src/com/romraider/logger/ecu/profile/UserProfileItemImpl.java (ext=.java, size=1677)
2026-02-25 12:52:40,210 - Knowledge - INFO - Worker kw8 processing /app/data/T0015/326202/b9060hi/Rufesi/java_console/romraider/src/com/romraider/logger/ecu/definition/xml/EcuTableDefinitionHandler.java
2026-02-25 12:52:40,392 - Knowledge - INFO - Fast-tracked /app/data/T0015/326202/b9060hi/Rufesi/java_console/romraider/src/com/romraider/logger/ecu/EcuLoggerExec.java (ext=.java, size=1547)
2026-02-25 12:52:40,681 - Knowledge - INFO - Worker kw19 processing /app/data/T0015/326202/b9060hi/Rufesi/java_console/romraider/src/com/romraider/logger/ecu/ui/tab/TableFinder.java
2026-02-25 12:52:40,845 - Knowledge - INFO - Worker kw6 processing /app/data/T0015/326202/b9060hi/Rufesi/java_console/romraider/src/com/romraider/logger/ecu/profile/UserProfileLoaderImpl.java
2026-02-25 12:52:41,002 - Knowledge - INFO - Worker kw8 processing /app/data/T0015/326202/b9060hi/Rufesi/java_console/romraider/src/com/romraider/logger/ecu/definition/EcuDataType.java
2026-02-25 12:52:41,148 - Knowledge - INFO - Worker kw16 processing /app/data/T0015/326202/b9060hi/Rufesi/java_console/romraider/src/com/romraider/logger/ecu/ui/StatusChangeListener.java
2026-02-25 12:52:41,349 - Knowledge - INFO - Fast-tracked /app/data/T0015/326202/b9060hi/Rufesi/java_console/romraider/src/com/romraider/logger/ecu/ui/tab/TableFinder.java (ext=.java, size=1383)
2026-02-25 12:52:41,451 - Knowledge - INFO - Worker kw6 processing /app/data/T0015/326202/b9060hi/Rufesi/java_console/romraider/src/com/romraider/logger/ecu/profile/UserProfileLoader.java
2026-02-25 12:52:41,620 - Knowledge - INFO - Fast-tracked /app/data/T0015/326202/b9060hi/Rufesi/java_console/romraider/src/com/romraider/logger/ecu/definition/EcuDataType.java (ext=.java, size=939)
2026-02-25 12:52:41,726 - Knowledge - INFO - Async storage completed for 10 embeddings
2026-02-25 12:52:41,785 - Knowledge - INFO - Fast-tracked /app/data/T0015/326202/b9060hi/Rufesi/java_console/romraider/src/com/romraider/logger/ecu/ui/StatusChangeListener.java (ext=.java, size=1000)
2026-02-25 12:52:41,922 - Knowledge - INFO - Worker kw19 processing /app/data/T0015/326202/b9060hi/Rufesi/java_console/romraider/src/com/romraider/logger/ecu/ui/EcuDataComparator.java
2026-02-25 12:52:41,956 - Knowledge - INFO - [LLM_CALL] Completed: SensorGauge.java:chunk1, Duration: 30161ms, PromptTokens: 2918, CompletionTokens: 872, Cost: $0.00064
2026-02-25 12:52:42,119 - Knowledge - INFO - Fast-tracked /app/data/T0015/326202/b9060hi/Rufesi/java_console/romraider/src/com/romraider/logger/ecu/profile/UserProfileLoader.java (ext=.java, size=1016)
2026-02-25 12:52:42,181 - Knowledge - INFO - Worker kw8 processing /app/data/T0015/326202/b9060hi/Rufesi/java_console/romraider/src/com/romraider/logger/ecu/definition/EcuDataConvertor.java
2026-02-25 12:52:42,344 - Knowledge - INFO - process ingested knowledge for /app/data/T0015/326202/b9060hi/Rufesi/java_console/models/src/org/apache/commons/math3/random/Well19937c.java
2026-02-25 12:52:42,480 - Knowledge - INFO - Worker kw16 processing /app/data/T0015/326202/b9060hi/Rufesi/java_console/romraider/src/com/romraider/logger/ecu/ui/swing/menubar/util/FileHelper.java
2026-02-25 12:52:42,574 - Knowledge - INFO - Fast-tracked /app/data/T0015/326202/b9060hi/Rufesi/java_console/romraider/src/com/romraider/logger/ecu/ui/EcuDataComparator.java (ext=.java, size=1175)
2026-02-25 12:52:42,651 - Knowledge - INFO - done ingest for /app/data/T0015/326202/b9060hi/Rufesi/java_console/ui/src/com/rusefi/ui/widgets/SensorGauge.java
2026-02-25 12:52:42,724 - Knowledge - INFO - Worker kw6 processing /app/data/T0015/326202/b9060hi/Rufesi/java_console/romraider/src/com/romraider/logger/ecu/profile/UserProfileItem.java
2026-02-25 12:52:42,892 - Knowledge - INFO - Fast-tracked /app/data/T0015/326202/b9060hi/Rufesi/java_console/romraider/src/com/romraider/logger/ecu/definition/EcuDataConvertor.java (ext=.java, size=1122)
2026-02-25 12:52:43,160 - Knowledge - INFO - Worker kw16 processing /app/data/T0015/326202/b9060hi/Rufesi/java_console/romraider/src/com/romraider/logger/ecu/ui/swing/vertical/VerticalLabelUI.java
2026-02-25 12:52:43,324 - Knowledge - INFO - Worker kw19 processing /app/data/T0015/326202/b9060hi/Rufesi/java_console/romraider/src/com/romraider/logger/ecu/profile/UserProfile.java
2026-02-25 12:52:43,751 - Knowledge - INFO - Fast-tracked /app/data/T0015/326202/b9060hi/Rufesi/java_console/romraider/src/com/romraider/logger/ecu/profile/UserProfileItem.java (ext=.java, size=1028)
2026-02-25 12:52:43,866 - Knowledge - INFO - Worker kw8 processing /app/data/T0015/326202/b9060hi/Rufesi/java_console/romraider/src/com/romraider/logger/ecu/definition/EcuAddressImpl.java
2026-02-25 12:52:43,979 - Knowledge - INFO - Async storage completed for 10 embeddings
2026-02-25 12:52:44,050 - Knowledge - INFO - Worker kw16 processing /app/data/T0015/326202/b9060hi/Rufesi/java_console/romraider/src/com/romraider/logger/ecu/ui/swing/layout/BetterFlowLayout.java
2026-02-25 12:52:44,230 - Knowledge - INFO - Fast-tracked /app/data/T0015/326202/b9060hi/Rufesi/java_console/romraider/src/com/romraider/logger/ecu/profile/UserProfile.java (ext=.java, size=1358)
2026-02-25 12:52:44,262 - Knowledge - INFO - Worker kw6 processing /app/data/T0015/326202/b9060hi/Rufesi/java_console/romraider/src/com/romraider/logger/ecu/definition/EcuDefinitionImpl.java
2026-02-25 12:52:44,373 - Knowledge - INFO - [kw9] Queue=1064, InProgress=0, PendingWorkers=20/20, Completed=280/1454 (19.3%)
2026-02-25 12:52:44,505 - Knowledge - INFO - Worker kw8 processing /app/data/T0015/326202/b9060hi/Rufesi/java_console/romraider/src/com/romraider/logger/ecu/definition/ExternalData.java
2026-02-25 12:52:44,660 - Knowledge - INFO - [LLM_CALL] Completed: FuelTunePane.java:chunk1, Duration: 74396ms, PromptTokens: 6646, CompletionTokens: 1259, Cost: $0.00117
2026-02-25 12:52:44,734 - Knowledge - INFO - Worker kw16 processing /app/data/T0015/326202/b9060hi/Rufesi/java_console/romraider/src/com/romraider/logger/ecu/ui/DataRegistrationBroker.java
2026-02-25 12:52:44,800 - Knowledge - INFO - process ingested knowledge for /app/data/T0015/326202/b9060hi/Rufesi/java_console/models/src/org/apache/commons/math3/random/RandomDataGenerator.java
2026-02-25 12:52:44,853 - Knowledge - INFO - Worker kw19 processing /app/data/T0015/326202/b9060hi/Rufesi/java_console/romraider/src/com/romraider/logger/ecu/profile/UserProfileImpl.java
2026-02-25 12:52:45,010 - Knowledge - INFO - Fast-tracked /app/data/T0015/326202/b9060hi/Rufesi/java_console/romraider/src/com/romraider/logger/ecu/definition/EcuDefinitionImpl.java (ext=.java, size=1971)
2026-02-25 12:52:45,104 - Knowledge - INFO - Batch sizing: calculated=10, max_allowed=10, queue=1064, active_workers=20/20
2026-02-25 12:52:45,282 - Knowledge - INFO - Fast-tracked /app/data/T0015/326202/b9060hi/Rufesi/java_console/romraider/src/com/romraider/logger/ecu/definition/ExternalData.java (ext=.java, size=997)
2026-02-25 12:52:45,380 - Knowledge - INFO - done ingest for /app/data/T0015/326202/b9060hi/Rufesi/java_console/ui/src/com/rusefi/ui/FuelTunePane.java
2026-02-25 12:52:45,381 - Knowledge - INFO - [LLM_CALL] Completed: PotCommand.java:chunk1, Duration: 37553ms, PromptTokens: 2508, CompletionTokens: 521, Cost: $0.00046
2026-02-25 12:52:45,506 - Knowledge - INFO - Fast-tracked /app/data/T0015/326202/b9060hi/Rufesi/java_console/romraider/src/com/romraider/logger/ecu/ui/DataRegistrationBroker.java (ext=.java, size=1141)
2026-02-25 12:52:45,752 - Knowledge - INFO - Worker kw19 processing /app/data/T0015/326202/b9060hi/Rufesi/java_console/romraider/src/com/romraider/logger/ecu/profile/UserProfileFileFilter.java
2026-02-25 12:52:45,847 - Knowledge - INFO - Worker kw6 processing /app/data/T0015/326202/b9060hi/Rufesi/java_console/romraider/src/com/romraider/logger/ecu/definition/LoggerData.java
2026-02-25 12:52:46,067 - Knowledge - INFO - Worker kw8 processing /app/data/T0015/326202/b9060hi/Rufesi/java_console/romraider/src/com/romraider/logger/ecu/definition/EvaluateEcuDefinition.java
2026-02-25 12:52:46,412 - Knowledge - INFO - done ingest for /app/data/T0015/326202/b9060hi/Rufesi/java_console/ui/src/com/rusefi/ui/widgets/PotCommand.java
2026-02-25 12:52:46,486 - Knowledge - INFO - Worker kw16 processing /app/data/T0015/326202/b9060hi/Rufesi/java_console/romraider/src/com/romraider/logger/ecu/ui/handler/table/TableUpdateHandler.java
2026-02-25 12:52:46,664 - Knowledge - INFO - Fast-tracked /app/data/T0015/326202/b9060hi/Rufesi/java_console/romraider/src/com/romraider/logger/ecu/profile/UserProfileFileFilter.java (ext=.java, size=1307)
2026-02-25 12:52:46,852 - Knowledge - INFO - Fast-tracked /app/data/T0015/326202/b9060hi/Rufesi/java_console/romraider/src/com/romraider/logger/ecu/definition/LoggerData.java (ext=.java, size=1187)
2026-02-25 12:52:46,896 - Knowledge - INFO - [LLM_CALL] Completed: ChartHelper.java:chunk1, Duration: 58486ms, PromptTokens: 2960, CompletionTokens: 665, Cost: $0.00056
2026-02-25 12:52:46,978 - Knowledge - INFO - Fast-tracked /app/data/T0015/326202/b9060hi/Rufesi/java_console/romraider/src/com/romraider/logger/ecu/definition/EvaluateEcuDefinition.java (ext=.java, size=1827)
2026-02-25 12:52:47,618 - Knowledge - INFO - Worker kw6 processing /app/data/T0015/326202/b9060hi/Rufesi/java_console/romraider/src/com/romraider/logger/ecu/definition/EcuDefinition.java
2026-02-25 12:52:47,659 - Knowledge - INFO - process ingested knowledge for /app/data/T0015/326202/b9060hi/Rufesi/java_console/models/src/org/apache/commons/math3/random/BitsStreamGenerator.java
2026-02-25 12:52:47,746 - Knowledge - INFO - done ingest for /app/data/T0015/326202/b9060hi/Rufesi/java_console/ui/src/com/rusefi/ui/ChartHelper.java
2026-02-25 12:52:47,823 - Knowledge - INFO - Processing batch of 10 files
2026-02-25 12:52:47,958 - Knowledge - INFO - Worker kw8 processing /app/data/T0015/326202/b9060hi/Rufesi/java_console/romraider/src/com/romraider/logger/ecu/definition/EcuDerivedParameterConvertor.java
2026-02-25 12:52:48,141 - Knowledge - INFO - Fast-tracked /app/data/T0015/326202/b9060hi/Rufesi/java_console/romraider/src/com/romraider/logger/ecu/definition/EcuDefinition.java (ext=.java, size=1058)
2026-02-25 12:52:49,115 - Knowledge - INFO - process ingested knowledge for /app/data/T0015/326202/b9060hi/Rufesi/java_console/ui/src/com/rusefi/ui/logview/FileItem.java
2026-02-25 12:52:49,450 - Knowledge - INFO - Fast-tracked /app/data/T0015/326202/b9060hi/Rufesi/java_console/romraider/src/com/romraider/logger/ecu/definition/EcuDerivedParameterConvertor.java (ext=.java, size=990)
2026-02-25 12:52:49,586 - Knowledge - INFO - Worker kw6 processing /app/data/T0015/326202/b9060hi/Rufesi/java_console/romraider/src/com/romraider/logger/ecu/definition/EcuParameter.java
2026-02-25 12:52:50,028 - Knowledge - INFO - Worker kw8 processing /app/data/T0015/326202/b9060hi/Rufesi/java_console/romraider/src/com/romraider/logger/ecu/definition/EcuAddress.java
2026-02-25 12:52:50,239 - Knowledge - INFO - Fast-tracked /app/data/T0015/326202/b9060hi/Rufesi/java_console/romraider/src/com/romraider/logger/ecu/definition/EcuParameter.java (ext=.java, size=994)
2026-02-25 12:52:50,483 - Knowledge - INFO - Fast-tracked /app/data/T0015/326202/b9060hi/Rufesi/java_console/romraider/src/com/romraider/logger/ecu/definition/EcuAddress.java (ext=.java, size=998)
2026-02-25 12:52:50,568 - Knowledge - INFO - Worker kw6 processing /app/data/T0015/326202/b9060hi/Rufesi/java_console/romraider/src/com/romraider/logger/ecu/definition/xml/EcuDefinitionHandler.java
2026-02-25 12:52:50,791 - Knowledge - INFO - Async storing batch of 10 embeddings
2026-02-25 12:52:51,206 - Knowledge - INFO - Worker kw9 processing /app/data/T0015/326202/b9060hi/Rufesi/java_console/romraider/src/com/romraider/logger/ecu/definition/ConvertorUpdateListener.java
2026-02-25 12:52:51,545 - Knowledge - INFO - Fast-tracked /app/data/T0015/326202/b9060hi/Rufesi/java_console/romraider/src/com/romraider/logger/ecu/definition/ConvertorUpdateListener.java (ext=.java, size=980)
2026-02-25 12:52:51,601 - Knowledge - INFO - [LLM_CALL] Completed: GaugesPanel.java:chunk1, Duration: 110082ms, PromptTokens: 5436, CompletionTokens: 1236, Cost: $0.00104
2026-02-25 12:52:51,792 - Knowledge - INFO - Worker kw9 processing /app/data/T0015/326202/b9060hi/Rufesi/java_console/romraider/src/com/romraider/logger/ecu/definition/EcuData.java
2026-02-25 12:52:51,946 - Knowledge - INFO - process ingested knowledge for /app/data/T0015/326202/b9060hi/Rufesi/java_console/ui/src/com/rusefi/ui/MessagesView.java
2026-02-25 12:52:52,010 - Knowledge - INFO - done ingest for /app/data/T0015/326202/b9060hi/Rufesi/java_console/ui/src/com/rusefi/ui/GaugesPanel.java
2026-02-25 12:52:52,258 - Knowledge - INFO - Fast-tracked /app/data/T0015/326202/b9060hi/Rufesi/java_console/romraider/src/com/romraider/logger/ecu/definition/EcuData.java (ext=.java, size=950)
2026-02-25 12:52:52,765 - Knowledge - INFO - Worker kw9 processing /app/data/T0015/326202/b9060hi/Rufesi/java_console/romraider/src/com/romraider/logger/ecu/definition/EcuSwitch.java
2026-02-25 12:52:53,067 - Knowledge - INFO - Fast-tracked /app/data/T0015/326202/b9060hi/Rufesi/java_console/romraider/src/com/romraider/logger/ecu/definition/EcuSwitch.java (ext=.java, size=919)
2026-02-25 12:52:53,257 - Knowledge - INFO - Worker kw9 processing /app/data/T0015/326202/b9060hi/Rufesi/java_console/romraider/src/com/romraider/logger/ecu/definition/plugin/PluginFilenameFilter.java
2026-02-25 12:52:53,366 - Knowledge - INFO - [LLM_CALL] Completed: UiUtils.java:chunk1, Duration: 73125ms, PromptTokens: 2940, CompletionTokens: 1015, Cost: $0.00070
2026-02-25 12:52:53,622 - Knowledge - INFO - Fast-tracked /app/data/T0015/326202/b9060hi/Rufesi/java_console/romraider/src/com/romraider/logger/ecu/definition/plugin/PluginFilenameFilter.java (ext=.java, size=1108)
2026-02-25 12:52:53,739 - Knowledge - INFO - done ingest for /app/data/T0015/326202/b9060hi/Rufesi/java_console/ui/src/com/rusefi/ui/util/UiUtils.java
2026-02-25 12:52:53,936 - Knowledge - INFO - Worker kw9 processing /app/data/T0015/326202/b9060hi/Rufesi/java_console/romraider/src/com/romraider/logger/ecu/exception/UnsupportedProtocolException.java
2026-02-25 12:52:54,252 - Knowledge - INFO - Fast-tracked /app/data/T0015/326202/b9060hi/Rufesi/java_console/romraider/src/com/romraider/logger/ecu/exception/UnsupportedProtocolException.java (ext=.java, size=1374)
2026-02-25 12:52:54,566 - Knowledge - INFO - Worker kw9 processing /app/data/T0015/326202/b9060hi/Rufesi/java_console/romraider/src/com/romraider/logger/ecu/exception/PortNotFoundException.java
2026-02-25 12:52:54,864 - Knowledge - INFO - Fast-tracked /app/data/T0015/326202/b9060hi/Rufesi/java_console/romraider/src/com/romraider/logger/ecu/exception/PortNotFoundException.java (ext=.java, size=1337)
2026-02-25 12:52:55,104 - Knowledge - INFO - Worker kw9 processing /app/data/T0015/326202/b9060hi/Rufesi/java_console/romraider/src/com/romraider/logger/ecu/exception/SerialCommunicationException.java
2026-02-25 12:52:55,335 - Knowledge - INFO - process ingested knowledge for /app/data/T0015/326202/b9060hi/Rufesi/java_console/ui/src/com/rusefi/ui/RecentCommands.java
2026-02-25 12:52:55,453 - Knowledge - INFO - Fast-tracked /app/data/T0015/326202/b9060hi/Rufesi/java_console/romraider/src/com/romraider/logger/ecu/exception/SerialCommunicationException.java (ext=.java, size=1346)
2026-02-25 12:52:55,479 - Knowledge - INFO - Fast-tracked /app/data/T0015/326202/b9060hi/Rufesi/java_console/romraider/src/com/romraider/logger/ecu/ui/paramlist/UnitsComboBoxEditor.java (small file (2761 bytes))
2026-02-25 12:52:55,843 - Knowledge - INFO - Worker kw9 processing /app/data/T0015/326202/b9060hi/Rufesi/java_console/romraider/src/com/romraider/logger/ecu/exception/InvalidResponseException.java
2026-02-25 12:52:56,238 - Knowledge - INFO - Fast-tracked /app/data/T0015/326202/b9060hi/Rufesi/java_console/romraider/src/com/romraider/logger/ecu/exception/InvalidResponseException.java (ext=.java, size=1352)
2026-02-25 12:52:56,417 - Knowledge - INFO - Fast-tracked /app/data/T0015/326202/b9060hi/Rufesi/java_console/romraider/src/com/romraider/logger/ecu/ui/swing/layout/BetterFlowLayout.java (small file (2748 bytes))
2026-02-25 12:52:56,552 - Knowledge - INFO - Worker kw9 processing /app/data/T0015/326202/b9060hi/Rufesi/java_console/romraider/src/com/romraider/logger/ecu/exception/NotConnectedException.java
2026-02-25 12:52:56,771 - Knowledge - INFO - Fast-tracked /app/data/T0015/326202/b9060hi/Rufesi/java_console/romraider/src/com/romraider/logger/ecu/definition/xml/EcuDefinitionDocumentLoader.java (small file (2224 bytes))
2026-02-25 12:52:56,936 - Knowledge - INFO - Fast-tracked /app/data/T0015/326202/b9060hi/Rufesi/java_console/romraider/src/com/romraider/logger/ecu/exception/NotConnectedException.java (ext=.java, size=1337)
2026-02-25 12:52:57,029 - Knowledge - INFO - [LLM_CALL] Completed: Wizard.java:chunk1, Duration: 66618ms, PromptTokens: 2782, CompletionTokens: 718, Cost: $0.00057
2026-02-25 12:52:57,171 - Knowledge - INFO - Fast-tracked /app/data/T0015/326202/b9060hi/Rufesi/java_console/romraider/src/com/romraider/logger/ecu/profile/UserProfileLoaderImpl.java (small file (2569 bytes))
2026-02-25 12:52:57,258 - Knowledge - INFO - Worker kw9 processing /app/data/T0015/326202/b9060hi/Rufesi/java_console/romraider/src/com/romraider/logger/ecu/exception/ConfigurationException.java
2026-02-25 12:52:57,425 - Knowledge - INFO - done ingest for /app/data/T0015/326202/b9060hi/Rufesi/java_console/ui/src/com/rusefi/ui/Wizard.java
2026-02-25 12:52:57,712 - Knowledge - INFO - Fast-tracked /app/data/T0015/326202/b9060hi/Rufesi/java_console/romraider/src/com/romraider/logger/ecu/exception/ConfigurationException.java (ext=.java, size=1343)
2026-02-25 12:52:57,998 - Knowledge - INFO - Async storage completed for 10 embeddings
2026-02-25 12:52:58,790 - Knowledge - INFO - process ingested knowledge for /app/data/T0015/326202/b9060hi/Rufesi/java_console/ui/src/com/rusefi/ui/Live3DReport.java
2026-02-25 12:52:58,992 - Knowledge - INFO - [LLM_CALL] Completed: LogDownloader.java:chunk1, Duration: 62273ms, PromptTokens: 2498, CompletionTokens: 601, Cost: $0.00049
2026-02-25 12:52:59,240 - Knowledge - INFO - done ingest for /app/data/T0015/326202/b9060hi/Rufesi/java_console/ui/src/com/rusefi/ui/LogDownloader.java
2026-02-25 12:52:59,761 - Knowledge - INFO - [LLM_CALL] Completed: VersionChecker.java:chunk1, Duration: 27822ms, PromptTokens: 3004, CompletionTokens: 639, Cost: $0.00056
2026-02-25 12:52:59,972 - Knowledge - INFO - done ingest for /app/data/T0015/326202/b9060hi/Rufesi/java_console/ui/src/com/rusefi/maintenance/VersionChecker.java
2026-02-25 12:53:00,372 - Knowledge - INFO - [WEBSOCKET] Sent: Type=progress_update, Size: 296, Duration: 0ms
2026-02-25 12:53:00,611 - Knowledge - INFO - Processing batch of 10 files
2026-02-25 12:53:00,618 - Knowledge - INFO - [WEBSOCKET] Sent: Type=unknown, Size: ?, Duration: 247ms
2026-02-25 12:53:00,741 - Knowledge - INFO - Async storage completed for 10 embeddings
2026-02-25 12:53:00,906 - Knowledge - INFO - process ingested knowledge for /app/data/T0015/326202/b9060hi/Rufesi/java_console/ui/src/com/rusefi/ui/widgets/test/AnyCommandTest.java
2026-02-25 12:53:00,919 - Knowledge - INFO - process ingested knowledge for /app/data/T0015/326202/b9060hi/Rufesi/java_console/ui/src/com/rusefi/ui/ChartScrollControl.java
2026-02-25 12:53:01,081 - Knowledge - INFO - Progress: 20.6% | Files: 300/1454 | Rate: 1.30 files/sec | Queue: 1054
2026-02-25 12:53:01,465 - Knowledge - INFO - Async storage completed for 10 embeddings
2026-02-25 12:53:02,298 - Knowledge - INFO - process ingested knowledge for /app/data/T0015/326202/b9060hi/Rufesi/java_console/ui/src/com/rusefi/ui/widgets/AdcDebugControl.java
2026-02-25 12:53:02,326 - Knowledge - INFO - process ingested knowledge for /app/data/T0015/326202/b9060hi/Rufesi/java_console/ui/src/com/rusefi/ui/ChartRepository.java
2026-02-25 12:53:02,962 - Knowledge - INFO - [LLM_CALL] Completed: TriggerImage.java:chunk1, Duration: 23379ms, PromptTokens: 4666, CompletionTokens: 662, Cost: $0.00073
2026-02-25 12:53:03,010 - Knowledge - INFO - Async storage completed for 10 embeddings
2026-02-25 12:53:03,077 - Knowledge - INFO - [kw10] Queue=1054, InProgress=0, PendingWorkers=20/20, Completed=305/1454 (21.0%)
2026-02-25 12:53:03,239 - Knowledge - INFO - done ingest for /app/data/T0015/326202/b9060hi/Rufesi/java_console/ui/src/com/rusefi/TriggerImage.java
2026-02-25 12:53:03,248 - Knowledge - INFO - Processing batch of 10 files
2026-02-25 12:53:03,546 - Knowledge - INFO - Batch sizing: calculated=10, max_allowed=10, queue=1054, active_workers=20/20
2026-02-25 12:53:04,063 - Knowledge - INFO - process ingested knowledge for /app/data/T0015/326202/b9060hi/Rufesi/java_console/ui/src/com/rusefi/ui/widgets/DetachedSensor.java
2026-02-25 12:53:04,123 - Knowledge - INFO - [kw7] Queue=1054, InProgress=0, PendingWorkers=20/20, Completed=307/1454 (21.1%)
2026-02-25 12:53:04,750 - Knowledge - INFO - Batch sizing: calculated=10, max_allowed=10, queue=1054, active_workers=20/20
2026-02-25 12:53:05,197 - Knowledge - INFO - Async storage completed for 10 embeddings
2026-02-25 12:53:05,348 - Knowledge - INFO - process ingested knowledge for /app/data/T0015/326202/b9060hi/Rufesi/java_console/ui/src/com/rusefi/ui/widgets/EtbResearch.java
2026-02-25 12:53:06,123 - Knowledge - INFO - [kw20] Queue=1054, InProgress=0, PendingWorkers=20/20, Completed=308/1454 (21.2%)
2026-02-25 12:53:06,132 - Knowledge - INFO - Async storing batch of 10 embeddings
2026-02-25 12:53:06,256 - Knowledge - INFO - Async storing batch of 10 embeddings
2026-02-25 12:53:06,295 - Knowledge - INFO - [LLM_CALL] Completed: SensorSnifferPane.java:chunk1, Duration: 30590ms, PromptTokens: 3636, CompletionTokens: 865, Cost: $0.00071
2026-02-25 12:53:06,417 - Knowledge - INFO - Batch sizing: calculated=10, max_allowed=10, queue=1054, active_workers=20/20
2026-02-25 12:53:06,667 - Knowledge - INFO - Worker kw10 processing /app/data/T0015/326202/b9060hi/Rufesi/java_console/romraider/src/com/romraider/logger/ecu/exception/FileLoggerException.java
2026-02-25 12:53:06,676 - Knowledge - INFO - process ingested knowledge for /app/data/T0015/326202/b9060hi/Rufesi/java_console/ui/src/com/rusefi/ui/WarningPanel.java
2026-02-25 12:53:06,738 - Knowledge - INFO - process ingested knowledge for /app/data/T0015/326202/b9060hi/Rufesi/java_console/ui/src/com/rusefi/ui/widgets/IntGaugeLabel.java
2026-02-25 12:53:06,797 - Knowledge - INFO - Worker kw7 processing /app/data/T0015/326202/b9060hi/Rufesi/java_console/romraider/src/com/romraider/logger/ecu/comms/query/EcuInit.java
2026-02-25 12:53:06,811 - Knowledge - INFO - process ingested knowledge for /app/data/T0015/326202/b9060hi/Rufesi/java_console/ui/src/com/rusefi/ui/widgets/PotCommand.java
2026-02-25 12:53:06,988 - Knowledge - INFO - done ingest for /app/data/T0015/326202/b9060hi/Rufesi/java_console/ui/src/com/rusefi/SensorSnifferPane.java
2026-02-25 12:53:07,042 - Knowledge - INFO - [LLM_CALL] Completed: ExecHelper.java:chunk1, Duration: 35070ms, PromptTokens: 2158, CompletionTokens: 445, Cost: $0.00039
2026-02-25 12:53:07,286 - Knowledge - INFO - Fast-tracked /app/data/T0015/326202/b9060hi/Rufesi/java_console/romraider/src/com/romraider/logger/ecu/exception/FileLoggerException.java (ext=.java, size=1329)
2026-02-25 12:53:08,330 - Knowledge - INFO - Fast-tracked /app/data/T0015/326202/b9060hi/Rufesi/java_console/romraider/src/com/romraider/logger/ecu/comms/query/EcuInit.java (ext=.java, size=957)
2026-02-25 12:53:08,908 - Knowledge - INFO - done ingest for /app/data/T0015/326202/b9060hi/Rufesi/java_console/autotest/src/com/rusefi/ExecHelper.java
2026-02-25 12:53:09,143 - Knowledge - INFO - Worker kw10 processing /app/data/T0015/326202/b9060hi/Rufesi/java_console/romraider/src/com/romraider/logger/ecu/exception/UnsupportedPortTypeException.java
2026-02-25 12:53:09,334 - Knowledge - INFO - Worker kw7 processing /app/data/T0015/326202/b9060hi/Rufesi/java_console/romraider/src/com/romraider/logger/ecu/comms/query/ResponseImpl.java
2026-02-25 12:53:09,518 - Knowledge - INFO - Async storing batch of 10 embeddings
2026-02-25 12:53:09,545 - Knowledge - INFO - process ingested knowledge for /app/data/T0015/326202/b9060hi/Rufesi/java_console/ui/src/com/rusefi/ui/config/ConfigField.java
2026-02-25 12:53:09,604 - Knowledge - INFO - process ingested knowledge for /app/data/T0015/326202/b9060hi/Rufesi/java_console/ui/src/com/rusefi/ui/widgets/EtbTestSequence.java
2026-02-25 12:53:09,629 - Knowledge - INFO - Fast-tracked /app/data/T0015/326202/b9060hi/Rufesi/java_console/romraider/src/com/romraider/logger/ecu/exception/UnsupportedPortTypeException.java (ext=.java, size=1372)
2026-02-25 12:53:10,123 - Knowledge - INFO - Fast-tracked /app/data/T0015/326202/b9060hi/Rufesi/java_console/romraider/src/com/romraider/logger/ecu/comms/query/ResponseImpl.java (ext=.java, size=1718)
2026-02-25 12:53:10,293 - Knowledge - INFO - Worker kw20 processing /app/data/T0015/326202/b9060hi/Rufesi/java_console/romraider/src/com/romraider/logger/ecu/comms/manager/TransmissionManager.java
2026-02-25 12:53:10,562 - Knowledge - INFO - process ingested knowledge for /app/data/T0015/326202/b9060hi/Rufesi/java_console/ui/src/com/rusefi/ui/widgets/ClosedLoopControlQualityMetric.java
2026-02-25 12:53:10,561 - Knowledge - INFO - [LLM_CALL] Completed: FormulasPane.java:chunk1, Duration: 60798ms, PromptTokens: 5732, CompletionTokens: 955, Cost: $0.00096
2026-02-25 12:53:10,766 - Knowledge - INFO - Worker kw10 processing /app/data/T0015/326202/b9060hi/Rufesi/java_console/romraider/src/com/romraider/logger/ecu/comms/learning/LearningTableValues.java
2026-02-25 12:53:10,882 - Knowledge - INFO - Worker kw7 processing /app/data/T0015/326202/b9060hi/Rufesi/java_console/romraider/src/com/romraider/logger/ecu/comms/query/ExternalQuery.java
2026-02-25 12:53:11,185 - Knowledge - INFO - Fast-tracked /app/data/T0015/326202/b9060hi/Rufesi/java_console/romraider/src/com/romraider/logger/ecu/comms/manager/TransmissionManager.java (ext=.java, size=1141)
2026-02-25 12:53:11,245 - Knowledge - INFO - [kw15] Queue=1024, InProgress=0, PendingWorkers=20/20, Completed=316/1454 (21.7%)
2026-02-25 12:53:11,397 - Knowledge - INFO - done ingest for /app/data/T0015/326202/b9060hi/Rufesi/java_console/ui/src/com/rusefi/ui/FormulasPane.java
2026-02-25 12:53:11,620 - Knowledge - INFO - Fast-tracked /app/data/T0015/326202/b9060hi/Rufesi/java_console/romraider/src/com/romraider/logger/ecu/comms/learning/LearningTableValues.java (ext=.java, size=938)
2026-02-25 12:53:11,755 - Knowledge - INFO - Fast-tracked /app/data/T0015/326202/b9060hi/Rufesi/java_console/romraider/src/com/romraider/logger/ecu/comms/query/ExternalQuery.java (ext=.java, size=962)
2026-02-25 12:53:11,863 - Knowledge - INFO - Worker kw20 processing /app/data/T0015/326202/b9060hi/Rufesi/java_console/romraider/src/com/romraider/logger/ecu/comms/manager/TransmissionManagerImpl.java
2026-02-25 12:53:12,103 - Knowledge - INFO - Batch sizing: calculated=10, max_allowed=10, queue=1024, active_workers=20/20
2026-02-25 12:53:12,418 - Knowledge - INFO - Worker kw10 processing /app/data/T0015/326202/b9060hi/Rufesi/java_console/romraider/src/com/romraider/logger/ecu/comms/learning/parameter/ParameterCrossReference.java
2026-02-25 12:53:12,605 - Knowledge - INFO - Worker kw7 processing /app/data/T0015/326202/b9060hi/Rufesi/java_console/romraider/src/com/romraider/logger/ecu/comms/query/EcuQueryImpl.java
2026-02-25 12:53:12,734 - Knowledge - INFO - process ingested knowledge for /app/data/T0015/326202/b9060hi/Rufesi/java_console/ui/src/com/rusefi/ui/config/DialogModel.java
2026-02-25 12:53:12,778 - Knowledge - INFO - Worker kw20 processing /app/data/T0015/326202/b9060hi/Rufesi/java_console/romraider/src/com/romraider/io/connection/ConnectionProperties.java
2026-02-25 12:53:12,790 - Knowledge - INFO - process ingested knowledge for /app/data/T0015/326202/b9060hi/Rufesi/java_console/ui/src/com/rusefi/ui/widgets/RpmCommand.java
2026-02-25 12:53:13,056 - Knowledge - INFO - Worker kw10 processing /app/data/T0015/326202/b9060hi/Rufesi/java_console/romraider/src/com/romraider/logger/ecu/comms/learning/parameter/ParameterIdComparator.java
2026-02-25 12:53:13,176 - Knowledge - INFO - Worker kw7 processing /app/data/T0015/326202/b9060hi/Rufesi/java_console/romraider/src/com/romraider/logger/ecu/comms/query/EcuQuery.java
2026-02-25 12:53:13,231 - Knowledge - INFO - Processing batch of 10 files
2026-02-25 12:53:13,238 - Knowledge - INFO - Processing batch of 10 files
2026-02-25 12:53:13,284 - Knowledge - INFO - process ingested knowledge for /app/data/T0015/326202/b9060hi/Rufesi/java_console/ui/src/com/rusefi/ui/widgets/JPanelWithListener.java
2026-02-25 12:53:13,296 - Knowledge - INFO - [WEBSOCKET] Sent: Type=progress_update, Size: 296, Duration: 0ms
2026-02-25 12:53:13,453 - Knowledge - INFO - Fast-tracked /app/data/T0015/326202/b9060hi/Rufesi/java_console/romraider/src/com/romraider/io/connection/ConnectionProperties.java (ext=.java, size=1085)
2026-02-25 12:53:13,795 - Knowledge - INFO - Fast-tracked /app/data/T0015/326202/b9060hi/Rufesi/java_console/romraider/src/com/romraider/logger/ecu/comms/learning/parameter/ParameterIdComparator.java (ext=.java, size=1321)
2026-02-25 12:53:13,928 - Knowledge - INFO - [kw17] Queue=1014, InProgress=0, PendingWorkers=20/20, Completed=330/1454 (22.7%)
2026-02-25 12:53:13,929 - Knowledge - INFO - process ingested knowledge for /app/data/T0015/326202/b9060hi/Rufesi/java_console/ui/src/com/rusefi/ui/widgets/IdleLabel.java
2026-02-25 12:53:13,952 - Knowledge - INFO - process ingested knowledge for /app/data/T0015/326202/b9060hi/Rufesi/java_console/ui/src/com/rusefi/ui/config/IniFileModel.java
2026-02-25 12:53:13,953 - Knowledge - INFO - Fast-tracked /app/data/T0015/326202/b9060hi/Rufesi/java_console/romraider/src/com/romraider/logger/ecu/comms/query/EcuQuery.java (ext=.java, size=1029)
2026-02-25 12:53:14,086 - Knowledge - INFO - process ingested knowledge for /app/data/T0015/326202/b9060hi/Rufesi/java_console/romraider/src/com/romraider/logger/ecu/definition/ConvertorUpdateListener.java
2026-02-25 12:53:14,238 - Knowledge - INFO - process ingested knowledge for /app/data/T0015/326202/b9060hi/Rufesi/java_console/ui/src/com/rusefi/ui/BooleanInputsModel.java
2026-02-25 12:53:14,592 - Knowledge - INFO - Processing batch of 10 files
2026-02-25 12:53:14,621 - Knowledge - INFO - Async storing batch of 10 embeddings
2026-02-25 12:53:14,628 - Knowledge - INFO - [WEBSOCKET] Sent: Type=unknown, Size: ?, Duration: 1333ms
2026-02-25 12:53:14,726 - Knowledge - INFO - Worker kw20 processing /app/data/T0015/326202/b9060hi/Rufesi/java_console/romraider/src/com/romraider/io/connection/ConnectionManager.java
2026-02-25 12:53:14,873 - Knowledge - INFO - Worker kw10 processing /app/data/T0015/326202/b9060hi/Rufesi/java_console/romraider/src/com/romraider/logger/ecu/comms/learning/parameter/Parameter.java
2026-02-25 12:53:15,068 - Knowledge - INFO - Batch sizing: calculated=10, max_allowed=10, queue=1014, active_workers=20/20
2026-02-25 12:53:15,200 - Knowledge - INFO - [kw11] Queue=1014, InProgress=0, PendingWorkers=20/20, Completed=330/1454 (22.7%)
2026-02-25 12:53:15,566 - Knowledge - INFO - Worker kw7 processing /app/data/T0015/326202/b9060hi/Rufesi/java_console/romraider/src/com/romraider/logger/ecu/comms/query/ExternalQueryImpl.java
2026-02-25 12:53:15,624 - Knowledge - INFO - process ingested knowledge for /app/data/T0015/326202/b9060hi/Rufesi/java_console/ui/src/com/rusefi/ui/config/BitConfigField.java
2026-02-25 12:53:15,642 - Knowledge - INFO - process ingested knowledge for /app/data/T0015/326202/b9060hi/Rufesi/java_console/ui/src/com/rusefi/ui/widgets/PopupMenuButton.java
2026-02-25 12:53:15,667 - Knowledge - INFO - process ingested knowledge for /app/data/T0015/326202/b9060hi/Rufesi/java_console/romraider/src/com/romraider/logger/ecu/definition/EcuData.java
2026-02-25 12:53:15,815 - Knowledge - INFO - process ingested knowledge for /app/data/T0015/326202/b9060hi/Rufesi/java_console/ui/src/com/rusefi/ui/GaugesPanel.java
2026-02-25 12:53:15,911 - Knowledge - INFO - process ingested knowledge for /app/data/T0015/326202/b9060hi/Rufesi/java_console/ui/src/com/rusefi/maintenance/ProcessStatusWindow.java
2026-02-25 12:53:16,167 - Knowledge - INFO - Worker kw15 processing /app/data/T0015/326202/b9060hi/Rufesi/java_console/romraider/src/com/romraider/swing/TableMenuItem.java
2026-02-25 12:53:16,382 - Knowledge - INFO - Progress: 22.6% | Files: 330/1454 | Rate: 1.33 files/sec | Queue: 1014
2026-02-25 12:53:16,393 - Knowledge - INFO - [LLM_CALL] Completed: AnyCommand.java:chunk1, Duration: 54192ms, PromptTokens: 4136, CompletionTokens: 580, Cost: $0.00065
2026-02-25 12:53:16,612 - Knowledge - INFO - Fast-tracked /app/data/T0015/326202/b9060hi/Rufesi/java_console/romraider/src/com/romraider/io/connection/ConnectionManager.java (ext=.java, size=1109)
2026-02-25 12:53:16,778 - Knowledge - INFO - Worker kw10 processing /app/data/T0015/326202/b9060hi/Rufesi/java_console/romraider/src/com/romraider/logger/ecu/comms/readcodes/ReadCodesManager.java
2026-02-25 12:53:17,102 - Knowledge - INFO - Batch sizing: calculated=10, max_allowed=10, queue=1014, active_workers=20/20
2026-02-25 12:53:17,253 - Knowledge - INFO - Fast-tracked /app/data/T0015/326202/b9060hi/Rufesi/java_console/romraider/src/com/romraider/logger/ecu/comms/query/ExternalQueryImpl.java (ext=.java, size=1558)
2026-02-25 12:53:17,307 - Knowledge - INFO - process ingested knowledge for /app/data/T0015/326202/b9060hi/Rufesi/java_console/ui/src/com/rusefi/ui/config/BaseConfigField.java
2026-02-25 12:53:17,824 - Knowledge - INFO - process ingested knowledge for /app/data/T0015/326202/b9060hi/Rufesi/java_console/ui/src/com/rusefi/ui/widgets/SensorGauge.java
2026-02-25 12:53:17,832 - Knowledge - INFO - process ingested knowledge for /app/data/T0015/326202/b9060hi/Rufesi/java_console/romraider/src/com/romraider/logger/ecu/definition/EcuSwitch.java
2026-02-25 12:53:17,894 - Knowledge - INFO - process ingested knowledge for /app/data/T0015/326202/b9060hi/Rufesi/java_console/ui/src/com/rusefi/ui/MessagesPane.java
2026-02-25 12:53:17,980 - Knowledge - INFO - process ingested knowledge for /app/data/T0015/326202/b9060hi/Rufesi/java_console/ui/src/com/rusefi/TableEditorPane.java
2026-02-25 12:53:18,159 - Knowledge - INFO - Fast-tracked /app/data/T0015/326202/b9060hi/Rufesi/java_console/romraider/src/com/romraider/swing/TableMenuItem.java (ext=.java, size=280)
2026-02-25 12:53:18,385 - Knowledge - INFO - done ingest for /app/data/T0015/326202/b9060hi/Rufesi/java_console/ui/src/com/rusefi/ui/widgets/AnyCommand.java
2026-02-25 12:53:18,405 - Knowledge - INFO - [LLM_CALL] Completed: LogViewer.java:chunk1, Duration: 66590ms, PromptTokens: 3418, CompletionTokens: 675, Cost: $0.00061
2026-02-25 12:53:18,553 - Knowledge - INFO - Worker kw20 processing /app/data/T0015/326202/b9060hi/Rufesi/java_console/romraider/src/com/romraider/io/connection/ConnectionPropertiesImpl.java
2026-02-25 12:53:18,609 - Knowledge - INFO - [kw1] Queue=1004, InProgress=0, PendingWorkers=20/20, Completed=330/1454 (22.7%)
2026-02-25 12:53:18,729 - Knowledge - INFO - Fast-tracked /app/data/T0015/326202/b9060hi/Rufesi/java_console/romraider/src/com/romraider/logger/ecu/comms/readcodes/ReadCodesManager.java (ext=.java, size=936)
2026-02-25 12:53:19,103 - Knowledge - INFO - Worker kw7 processing /app/data/T0015/326202/b9060hi/Rufesi/java_console/romraider/src/com/romraider/logger/ecu/comms/query/Response.java
2026-02-25 12:53:19,325 - Knowledge - INFO - process ingested knowledge for /app/data/T0015/326202/b9060hi/Rufesi/java_console/ui/src/com/rusefi/ui/config/EnumConfigField.java
2026-02-25 12:53:19,385 - Knowledge - INFO - process ingested knowledge for /app/data/T0015/326202/b9060hi/Rufesi/java_console/ui/src/com/rusefi/ui/widgets/MafCommand.java
2026-02-25 12:53:19,541 - Knowledge - INFO - process ingested knowledge for /app/data/T0015/326202/b9060hi/Rufesi/java_console/romraider/src/com/romraider/logger/ecu/definition/plugin/PluginFilenameFilter.java
2026-02-25 12:53:20,019 - Knowledge - INFO - Worker kw15 processing /app/data/T0015/326202/b9060hi/Rufesi/java_console/romraider/src/com/romraider/swing/CustomToolbarLayout.java
2026-02-25 12:53:20,052 - Knowledge - INFO - process ingested knowledge for /app/data/T0015/326202/b9060hi/Rufesi/java_console/ui/src/com/rusefi/ui/SensorLiveGraph.java
2026-02-25 12:53:20,093 - Knowledge - INFO - process ingested knowledge for /app/data/T0015/326202/b9060hi/Rufesi/java_console/ui/src/com/rusefi/SensorSnifferPane.java
2026-02-25 12:53:20,527 - Knowledge - INFO - done ingest for /app/data/T0015/326202/b9060hi/Rufesi/java_console/ui/src/com/rusefi/ui/logview/LogViewer.java
2026-02-25 12:53:20,527 - Knowledge - INFO - Async storing batch of 10 embeddings
2026-02-25 12:53:20,550 - Knowledge - INFO - Async storing batch of 10 embeddings
2026-02-25 12:53:20,567 - Knowledge - INFO - [LLM_CALL] Completed: JFontChooser.java:chunk1, Duration: 37905ms, PromptTokens: 4450, CompletionTokens: 524, Cost: $0.00065
2026-02-25 12:53:20,785 - Knowledge - INFO - Worker kw20 processing /app/data/T0015/326202/b9060hi/Rufesi/java_console/romraider/src/com/romraider/swing/RomTreeRootNode.java
2026-02-25 12:53:20,934 - Knowledge - INFO - Batch sizing: calculated=10, max_allowed=10, queue=1004, active_workers=20/20
2026-02-25 12:53:21,122 - Knowledge - INFO - Worker kw10 processing /app/data/T0015/326202/b9060hi/Rufesi/java_console/romraider/src/com/romraider/logger/ecu/comms/query/SSMEcuInit.java
2026-02-25 12:53:21,320 - Knowledge - INFO - Fast-tracked /app/data/T0015/326202/b9060hi/Rufesi/java_console/romraider/src/com/romraider/logger/ecu/comms/query/Response.java (ext=.java, size=1136)
2026-02-25 12:53:21,486 - Knowledge - INFO - process ingested knowledge for /app/data/T0015/326202/b9060hi/Rufesi/java_console/ui/src/com/rusefi/ui/engine/UpDownImage.java
2026-02-25 12:53:21,599 - Knowledge - INFO - process ingested knowledge for /app/data/T0015/326202/b9060hi/Rufesi/java_console/ui/src/com/rusefi/ui/widgets/BooleanFlagControlPanel.java
2026-02-25 12:53:21,743 - Knowledge - INFO - process ingested knowledge for /app/data/T0015/326202/b9060hi/Rufesi/java_console/romraider/src/com/romraider/logger/ecu/exception/UnsupportedProtocolException.java
2026-02-25 12:53:22,014 - Knowledge - INFO - Worker kw15 processing /app/data/T0015/326202/b9060hi/Rufesi/java_console/romraider/src/com/romraider/swing/SwitchStateTableModel.java
2026-02-25 12:53:22,118 - Knowledge - INFO - process ingested knowledge for /app/data/T0015/326202/b9060hi/Rufesi/java_console/ui/src/com/rusefi/ui/FuelTunePane.java
2026-02-25 12:53:22,286 - Knowledge - INFO - process ingested knowledge for /app/data/T0015/326202/b9060hi/Rufesi/java_console/ui/src/com/rusefi/ValueRangeControl.java
2026-02-25 12:53:22,779 - Knowledge - INFO - Worker kw17 processing /app/data/T0015/326202/b9060hi/Rufesi/java_console/romraider/src/com/romraider/swing/RomTree.java
2026-02-25 12:53:22,996 - Knowledge - INFO - Worker kw11 processing /app/data/T0015/326202/b9060hi/Rufesi/java_console/romraider/src/com/romraider/swing/TableFrame.java
2026-02-25 12:53:23,248 - Knowledge - INFO - done ingest for /app/data/T0015/326202/b9060hi/Rufesi/java_console/romraider/src/ZoeloeSoft/projects/JFontChooser/JFontChooser.java
2026-02-25 12:53:23,268 - Knowledge - INFO - [kw4] Queue=994, InProgress=0, PendingWorkers=20/20, Completed=330/1454 (22.7%)
2026-02-25 12:53:23,462 - Knowledge - INFO - Fast-tracked /app/data/T0015/326202/b9060hi/Rufesi/java_console/romraider/src/com/romraider/swing/RomTreeRootNode.java (ext=.java, size=1109)
2026-02-25 12:53:23,560 - Knowledge - INFO - Async storing batch of 10 embeddings
2026-02-25 12:53:23,769 - Knowledge - INFO - Fast-tracked /app/data/T0015/326202/b9060hi/Rufesi/java_console/romraider/src/com/romraider/logger/ecu/comms/query/SSMEcuInit.java (ext=.java, size=1560)
2026-02-25 12:53:23,923 - Knowledge - INFO - Worker kw7 processing /app/data/T0015/326202/b9060hi/Rufesi/java_console/romraider/src/com/romraider/logger/ecu/comms/reset/ResetManager.java
2026-02-25 12:53:24,092 - Knowledge - INFO - [LLM_CALL] Completed: UserProfileHandler.java:chunk1, Duration: 32967ms, PromptTokens: 2280, CompletionTokens: 663, Cost: $0.00049
2026-02-25 12:53:24,713 - Knowledge - INFO - Worker kw15 processing /app/data/T0015/326202/b9060hi/Rufesi/java_console/romraider/src/com/romraider/swing/TableMenuBar.java
2026-02-25 12:53:24,906 - Knowledge - INFO - process ingested knowledge for /app/data/T0015/326202/b9060hi/Rufesi/java_console/romraider/src/com/romraider/logger/ecu/exception/PortNotFoundException.java
2026-02-25 12:53:24,945 - Knowledge - INFO - process ingested knowledge for /app/data/T0015/326202/b9060hi/Rufesi/java_console/ui/src/com/rusefi/ui/StatusWindow.java
2026-02-25 12:53:25,010 - Knowledge - INFO - process ingested knowledge for /app/data/T0015/326202/b9060hi/Rufesi/java_console/ui/src/com/rusefi/ui/widgets/LogModeWidget.java
2026-02-25 12:53:25,057 - Knowledge - INFO - process ingested knowledge for /app/data/T0015/326202/b9060hi/Rufesi/java_console/ui/src/com/rusefi/CompileTool.java
2026-02-25 12:53:25,309 - Knowledge - INFO - Worker kw17 processing /app/data/T0015/326202/b9060hi/Rufesi/java_console/romraider/src/com/romraider/swing/CompareImagesForm.java
2026-02-25 12:53:25,533 - Knowledge - INFO - Worker kw11 processing /app/data/T0015/326202/b9060hi/Rufesi/java_console/romraider/src/com/romraider/swing/SetFont.java
2026-02-25 12:53:26,540 - Knowledge - INFO - Batch sizing: calculated=8, max_allowed=10, queue=994, active_workers=20/20
2026-02-25 12:53:26,768 - Knowledge - INFO - Worker kw20 processing /app/data/T0015/326202/b9060hi/Rufesi/java_console/romraider/src/com/romraider/swing/MDIDesktopPane.java
2026-02-25 12:53:26,947 - Knowledge - INFO - Worker kw1 processing /app/data/T0015/326202/b9060hi/Rufesi/java_console/romraider/src/com/romraider/util/SettingsManager.java
2026-02-25 12:53:27,084 - Knowledge - INFO - Worker kw10 processing /app/data/T0015/326202/b9060hi/Rufesi/java_console/romraider/src/com/romraider/logger/ecu/comms/query/Query.java
2026-02-25 12:53:27,443 - Knowledge - INFO - Fast-tracked /app/data/T0015/326202/b9060hi/Rufesi/java_console/romraider/src/com/romraider/logger/ecu/comms/reset/ResetManager.java (ext=.java, size=930)
2026-02-25 12:53:27,467 - Knowledge - INFO - done ingest for /app/data/T0015/326202/b9060hi/Rufesi/java_console/romraider/src/com/romraider/logger/ecu/profile/xml/UserProfileHandler.java
2026-02-25 12:53:27,475 - Knowledge - INFO - [LLM_CALL] Completed: Node.java:chunk1, Duration: 84351ms, PromptTokens: 2198, CompletionTokens: 755, Cost: $0.00052
2026-02-25 12:53:27,590 - Knowledge - INFO - Worker kw15 processing /app/data/T0015/326202/b9060hi/Rufesi/java_console/romraider/src/com/romraider/swing/ParameterIdsTableModel.java
2026-02-25 12:53:27,726 - Knowledge - INFO - process ingested knowledge for /app/data/T0015/326202/b9060hi/Rufesi/java_console/romraider/src/com/romraider/logger/ecu/exception/SerialCommunicationException.java
2026-02-25 12:53:27,879 - Knowledge - INFO - process ingested knowledge for /app/data/T0015/326202/b9060hi/Rufesi/java_console/ui/src/com/rusefi/ui/SizeSelectorPanel.java
2026-02-25 12:53:28,334 - Knowledge - INFO - Worker kw17 processing /app/data/T0015/326202/b9060hi/Rufesi/java_console/romraider/src/com/romraider/swing/TableChooserTreeNode.java
2026-02-25 12:53:28,377 - Knowledge - INFO - process ingested knowledge for /app/data/T0015/326202/b9060hi/Rufesi/java_console/ui/src/com/rusefi/binaryprotocol/BinaryProtocolCmdSandbox.java
2026-02-25 12:53:28,476 - Knowledge - INFO - Worker kw11 processing /app/data/T0015/326202/b9060hi/Rufesi/java_console/romraider/src/com/romraider/swing/TableToolBar.java
2026-02-25 12:53:28,756 - Knowledge - INFO - Worker kw20 processing /app/data/T0015/326202/b9060hi/Rufesi/java_console/romraider/src/com/romraider/swing/ScalesTableModel.java
2026-02-25 12:53:28,891 - Knowledge - INFO - Worker kw1 processing /app/data/T0015/326202/b9060hi/Rufesi/java_console/romraider/src/com/romraider/util/AxisRange.java
2026-02-25 12:53:28,991 - Knowledge - INFO - Fast-tracked /app/data/T0015/326202/b9060hi/Rufesi/java_console/romraider/src/com/romraider/logger/ecu/comms/query/Query.java (ext=.java, size=1016)
2026-02-25 12:53:29,070 - Knowledge - INFO - Worker kw7 processing /app/data/T0015/326202/b9060hi/Rufesi/java_console/romraider/src/com/romraider/logger/ecu/comms/manager/PollingStateImpl.java
2026-02-25 12:53:29,399 - Knowledge - INFO - done ingest for /app/data/T0015/326202/b9060hi/Rufesi/java_console/ui/src/com/rusefi/ui/storage/Node.java
2026-02-25 12:53:29,400 - Knowledge - INFO - [LLM_CALL] Completed: ParameterListTableModel.java:chunk1, Duration: 41524ms, PromptTokens: 2802, CompletionTokens: 706, Cost: $0.00056
2026-02-25 12:53:29,488 - Knowledge - INFO - Worker kw15 processing /app/data/T0015/326202/b9060hi/Rufesi/java_console/romraider/src/com/romraider/swing/menubar/MenuItem.java
2026-02-25 12:53:29,713 - Knowledge - INFO - process ingested knowledge for /app/data/T0015/326202/b9060hi/Rufesi/java_console/romraider/src/com/romraider/logger/ecu/exception/InvalidResponseException.java
2026-02-25 12:53:29,714 - Knowledge - INFO - process ingested knowledge for /app/data/T0015/326202/b9060hi/Rufesi/java_console/ui/src/com/rusefi/ui/GaugesGridElement.java
2026-02-25 12:53:29,728 - Knowledge - INFO - Fast-tracked /app/data/T0015/326202/b9060hi/Rufesi/java_console/romraider/src/com/romraider/swing/TableChooserTreeNode.java (ext=.java, size=1277)
2026-02-25 12:53:29,962 - Knowledge - INFO - Worker kw11 processing /app/data/T0015/326202/b9060hi/Rufesi/java_console/romraider/src/com/romraider/swing/DebugPanel.java
2026-02-25 12:53:30,018 - Knowledge - INFO - process ingested knowledge for /app/data/T0015/326202/b9060hi/Rufesi/java_console/ui/src/com/rusefi/binaryprotocol/BinaryProtocolCmd.java
2026-02-25 12:53:30,055 - Knowledge - INFO - Worker kw20 processing /app/data/T0015/326202/b9060hi/Rufesi/java_console/romraider/src/com/romraider/swing/DefinitionManager.java
2026-02-25 12:53:30,138 - Knowledge - INFO - Fast-tracked /app/data/T0015/326202/b9060hi/Rufesi/java_console/romraider/src/com/romraider/util/AxisRange.java (ext=.java, size=1216)
2026-02-25 12:53:30,215 - Knowledge - INFO - Worker kw10 processing /app/data/T0015/326202/b9060hi/Rufesi/java_console/romraider/src/com/romraider/logger/ecu/comms/query/EcuInitCallback.java
2026-02-25 12:53:30,294 - Knowledge - INFO - Worker kw7 processing /app/data/T0015/326202/b9060hi/Rufesi/java_console/romraider/src/com/romraider/logger/ecu/comms/manager/PollingState.java
2026-02-25 12:53:30,503 - Knowledge - INFO - done ingest for /app/data/T0015/326202/b9060hi/Rufesi/java_console/romraider/src/com/romraider/logger/ecu/ui/paramlist/ParameterListTableModel.java
2026-02-25 12:53:30,504 - Knowledge - INFO - [LLM_CALL] Completed: FileHelper.java:chunk1, Duration: 42630ms, PromptTokens: 2298, CompletionTokens: 609, Cost: $0.00047
2026-02-25 12:53:30,586 - Knowledge - INFO - Fast-tracked /app/data/T0015/326202/b9060hi/Rufesi/java_console/romraider/src/com/romraider/swing/menubar/MenuItem.java (ext=.java, size=1494)
2026-02-25 12:53:30,716 - Knowledge - INFO - process ingested knowledge for /app/data/T0015/326202/b9060hi/Rufesi/java_console/romraider/src/com/romraider/logger/ecu/exception/NotConnectedException.java
2026-02-25 12:53:30,893 - Knowledge - INFO - Worker kw17 processing /app/data/T0015/326202/b9060hi/Rufesi/java_console/romraider/src/com/romraider/swing/RomCellRenderer.java
2026-02-25 12:53:30,915 - Knowledge - INFO - process ingested knowledge for /app/data/T0015/326202/b9060hi/Rufesi/java_console/ui/src/com/rusefi/ui/GaugesGrid.java
2026-02-25 12:53:31,016 - Knowledge - INFO - Worker kw11 processing /app/data/T0015/326202/b9060hi/Rufesi/java_console/romraider/src/com/romraider/swing/XMLFilter.java
2026-02-25 12:53:31,106 - Knowledge - INFO - process ingested knowledge for /app/data/T0015/326202/b9060hi/Rufesi/java_console/ui/src/com/rusefi/TriggerImage.java
2026-02-25 12:53:31,198 - Knowledge - INFO - Worker kw20 processing /app/data/T0015/326202/b9060hi/Rufesi/java_console/romraider/src/com/romraider/swing/CategoryTreeNode.java
2026-02-25 12:53:31,286 - Knowledge - INFO - Worker kw1 processing /app/data/T0015/326202/b9060hi/Rufesi/java_console/romraider/src/com/romraider/util/proxy/Proxifier.java
2026-02-25 12:53:31,402 - Knowledge - INFO - Fast-tracked /app/data/T0015/326202/b9060hi/Rufesi/java_console/romraider/src/com/romraider/logger/ecu/comms/query/EcuInitCallback.java (ext=.java, size=947)
2026-02-25 12:53:31,506 - Knowledge - INFO - Fast-tracked /app/data/T0015/326202/b9060hi/Rufesi/java_console/romraider/src/com/romraider/logger/ecu/comms/manager/PollingState.java (ext=.java, size=1292)
2026-02-25 12:53:31,769 - Knowledge - INFO - done ingest for /app/data/T0015/326202/b9060hi/Rufesi/java_console/romraider/src/com/romraider/logger/ecu/ui/swing/menubar/util/FileHelper.java
2026-02-25 12:53:31,769 - Knowledge - INFO - [LLM_CALL] Completed: EcuStimulator.java:chunk1, Duration: 64222ms, PromptTokens: 5694, CompletionTokens: 1098, Cost: $0.00101
2026-02-25 12:53:31,968 - Knowledge - INFO - process ingested knowledge for /app/data/T0015/326202/b9060hi/Rufesi/java_console/romraider/src/com/romraider/logger/ecu/exception/ConfigurationException.java
2026-02-25 12:53:32,090 - Knowledge - INFO - Fast-tracked /app/data/T0015/326202/b9060hi/Rufesi/java_console/romraider/src/com/romraider/logger/ecu/comms/query/EcuQueryImpl.java (small file (2222 bytes))
2026-02-25 12:53:32,107 - Knowledge - INFO - Worker kw17 processing /app/data/T0015/326202/b9060hi/Rufesi/java_console/romraider/src/com/romraider/swing/JTableChooser.java
2026-02-25 12:53:32,243 - Knowledge - INFO - process ingested knowledge for /app/data/T0015/326202/b9060hi/Rufesi/java_console/ui/src/com/rusefi/ui/ChartHelper.java
2026-02-25 12:53:32,381 - Knowledge - INFO - Worker kw11 processing /app/data/T0015/326202/b9060hi/Rufesi/java_console/romraider/src/com/romraider/swing/ECUEditorToolBar.java
2026-02-25 12:53:32,495 - Knowledge - INFO - process ingested knowledge for /app/data/T0015/326202/b9060hi/Rufesi/java_console/tools/src/com/irnems/file/FrequencyDivider.java
2026-02-25 12:53:32,616 - Knowledge - INFO - Fast-tracked /app/data/T0015/326202/b9060hi/Rufesi/java_console/romraider/src/com/romraider/swing/CategoryTreeNode.java (ext=.java, size=1111)
2026-02-25 12:53:32,720 - Knowledge - INFO - Fast-tracked /app/data/T0015/326202/b9060hi/Rufesi/java_console/romraider/src/com/romraider/util/proxy/Proxifier.java (ext=.java, size=1737)
2026-02-25 12:53:32,839 - Knowledge - INFO - Fast-tracked /app/data/T0015/326202/b9060hi/Rufesi/java_console/romraider/src/com/romraider/logger/ecu/comms/learning/parameter/ParameterCrossReference.java (small file (2572 bytes))
2026-02-25 12:53:32,945 - Knowledge - INFO - Worker kw15 processing /app/data/T0015/326202/b9060hi/Rufesi/java_console/romraider/src/com/romraider/swing/menubar/Menu.java
2026-02-25 12:53:33,209 - Knowledge - INFO - done ingest for /app/data/T0015/326202/b9060hi/Rufesi/java_console/ui/src/com/rusefi/EcuStimulator.java
2026-02-25 12:53:33,210 - Knowledge - INFO - [LLM_CALL] Completed: EcuAddressImpl.java:chunk1, Duration: 30387ms, PromptTokens: 2700, CompletionTokens: 613, Cost: $0.00052
2026-02-25 12:53:33,530 - Knowledge - INFO - Fast-tracked /app/data/T0015/326202/b9060hi/Rufesi/java_console/romraider/src/com/romraider/logger/ecu/comms/manager/PollingStateImpl.java (small file (2410 bytes))
2026-02-25 12:53:33,656 - Knowledge - INFO - Worker kw17 processing /app/data/T0015/326202/b9060hi/Rufesi/java_console/romraider/src/com/romraider/swing/SettingsForm.java
2026-02-25 12:53:33,927 - Knowledge - INFO - Worker kw11 processing /app/data/T0015/326202/b9060hi/Rufesi/java_console/romraider/src/com/romraider/swing/LookAndFeelManager.java
2026-02-25 12:53:34,190 - Knowledge - INFO - Fast-tracked /app/data/T0015/326202/b9060hi/Rufesi/java_console/romraider/src/com/romraider/logger/ecu/comms/manager/TransmissionManagerImpl.java (small file (2890 bytes))
2026-02-25 12:53:34,286 - Knowledge - INFO - Worker kw1 processing /app/data/T0015/326202/b9060hi/Rufesi/java_console/romraider/src/com/romraider/util/proxy/TimerWrapper.java
2026-02-25 12:53:34,479 - Knowledge - INFO - Fast-tracked /app/data/T0015/326202/b9060hi/Rufesi/java_console/romraider/src/com/romraider/logger/ecu/comms/learning/parameter/Parameter.java (small file (3032 bytes))
2026-02-25 12:53:34,494 - Knowledge - INFO - Fast-tracked /app/data/T0015/326202/b9060hi/Rufesi/java_console/romraider/src/com/romraider/swing/menubar/Menu.java (ext=.java, size=1111)
2026-02-25 12:53:34,683 - Knowledge - INFO - done ingest for /app/data/T0015/326202/b9060hi/Rufesi/java_console/romraider/src/com/romraider/logger/ecu/definition/EcuAddressImpl.java
2026-02-25 12:53:34,708 - Knowledge - INFO - Async storing batch of 10 embeddings
2026-02-25 12:53:34,723 - Knowledge - INFO - [LLM_CALL] Completed: IoUtil.java:chunk1, Duration: 66465ms, PromptTokens: 3574, CompletionTokens: 763, Cost: $0.00066
2026-02-25 12:53:34,885 - Knowledge - INFO - Async storage completed for 10 embeddings
2026-02-25 12:53:35,037 - Knowledge - INFO - Worker kw17 processing /app/data/T0015/326202/b9060hi/Rufesi/java_console/romraider/src/com/romraider/swing/TablePropertyPanel.java
2026-02-25 12:53:35,119 - Knowledge - INFO - process ingested knowledge for /app/data/T0015/326202/b9060hi/Rufesi/java_console/tools/src/com/irnems/SimpleFilter.java
2026-02-25 12:53:35,133 - Knowledge - INFO - Worker kw11 processing /app/data/T0015/326202/b9060hi/Rufesi/java_console/romraider/src/com/romraider/swing/AbstractFrame.java
2026-02-25 12:53:35,319 - Knowledge - INFO - Fast-tracked /app/data/T0015/326202/b9060hi/Rufesi/java_console/romraider/src/com/romraider/io/connection/ConnectionPropertiesImpl.java (small file (2396 bytes))
2026-02-25 12:53:35,336 - Knowledge - INFO - Fast-tracked /app/data/T0015/326202/b9060hi/Rufesi/java_console/romraider/src/com/romraider/util/proxy/TimerWrapper.java (ext=.java, size=1898)
2026-02-25 12:53:35,418 - Knowledge - INFO - Async storage completed for 10 embeddings
2026-02-25 12:53:35,509 - Knowledge - INFO - Worker kw15 processing /app/data/T0015/326202/b9060hi/Rufesi/java_console/romraider/src/com/romraider/swing/ECUImageFilter.java
2026-02-25 12:53:35,802 - Knowledge - INFO - Worker kw4 processing /app/data/T0015/326202/b9060hi/Rufesi/java_console/romraider/src/com/romraider/util/JREChecker.java
2026-02-25 12:53:35,855 - Knowledge - INFO - done ingest for /app/data/T0015/326202/b9060hi/Rufesi/java_console/autotest/src/com/rusefi/IoUtil.java
2026-02-25 12:53:35,866 - Knowledge - INFO - [LLM_CALL] Completed: EcuDefinitionHandler.java:chunk1, Duration: 38167ms, PromptTokens: 4696, CompletionTokens: 531, Cost: $0.00068
2026-02-25 12:53:36,120 - Knowledge - INFO - Worker kw17 processing /app/data/T0015/326202/b9060hi/Rufesi/java_console/romraider/src/com/romraider/swing/GenericFileFilter.java
2026-02-25 12:53:36,258 - Knowledge - INFO - Fast-tracked /app/data/T0015/326202/b9060hi/Rufesi/java_console/romraider/src/com/romraider/swing/AbstractFrame.java (ext=.java, size=1404)
2026-02-25 12:53:36,429 - Knowledge - INFO - Worker kw1 processing /app/data/T0015/326202/b9060hi/Rufesi/java_console/romraider/src/com/romraider/util/proxy/Wrapper.java
2026-02-25 12:53:36,618 - Knowledge - INFO - Fast-tracked /app/data/T0015/326202/b9060hi/Rufesi/java_console/romraider/src/com/romraider/swing/ECUImageFilter.java (ext=.java, size=1231)
2026-02-25 12:53:36,734 - Knowledge - INFO - Worker kw4 processing /app/data/T0015/326202/b9060hi/Rufesi/java_console/romraider/src/com/romraider/util/ThreadUtil.java
2026-02-25 12:53:36,969 - Knowledge - INFO - done ingest for /app/data/T0015/326202/b9060hi/Rufesi/java_console/romraider/src/com/romraider/logger/ecu/definition/xml/EcuDefinitionHandler.java
2026-02-25 12:53:36,980 - Knowledge - INFO - [LLM_CALL] Completed: ParameterListTable.java:chunk1, Duration: 45855ms, PromptTokens: 2476, CompletionTokens: 649, Cost: $0.00051
2026-02-25 12:53:37,087 - Knowledge - INFO - Worker kw17 processing /app/data/T0015/326202/b9060hi/Rufesi/java_console/romraider/src/com/romraider/swing/RomPropertyPanel.java
2026-02-25 12:53:37,201 - Knowledge - INFO - Worker kw11 processing /app/data/T0015/326202/b9060hi/Rufesi/java_console/romraider/src/com/romraider/ECUExec.java
2026-02-25 12:53:37,335 - Knowledge - INFO - Fast-tracked /app/data/T0015/326202/b9060hi/Rufesi/java_console/romraider/src/com/romraider/util/proxy/Wrapper.java (ext=.java, size=960)
2026-02-25 12:53:37,474 - Knowledge - INFO - Worker kw15 processing /app/data/T0015/326202/b9060hi/Rufesi/java_console/romraider/src/com/romraider/swing/TableTreeNode.java
2026-02-25 12:53:37,667 - Knowledge - INFO - Fast-tracked /app/data/T0015/326202/b9060hi/Rufesi/java_console/romraider/src/com/romraider/util/ThreadUtil.java (ext=.java, size=1597)
2026-02-25 12:53:37,888 - Knowledge - INFO - done ingest for /app/data/T0015/326202/b9060hi/Rufesi/java_console/romraider/src/com/romraider/logger/ecu/ui/paramlist/ParameterListTable.java
2026-02-25 12:53:37,893 - Knowledge - INFO - [LLM_CALL] Completed: TableUpdateHandler.java:chunk1, Duration: 41010ms, PromptTokens: 3408, CompletionTokens: 799, Cost: $0.00066
2026-02-25 12:53:38,053 - Knowledge - INFO - Worker kw17 processing /app/data/T0015/326202/b9060hi/Rufesi/java_console/romraider/src/com/romraider/swing/JProgressPane.java
2026-02-25 12:53:38,196 - Knowledge - INFO - Worker kw11 processing /app/data/T0015/326202/b9060hi/Rufesi/java_console/romraider/src/com/romraider/Version.java
2026-02-25 12:53:38,253 - Knowledge - INFO - Worker kw1 processing /app/data/T0015/326202/b9060hi/Rufesi/java_console/romraider/src/com/romraider/util/ByteUtil.java
2026-02-25 12:53:38,384 - Knowledge - INFO - Fast-tracked /app/data/T0015/326202/b9060hi/Rufesi/java_console/romraider/src/com/romraider/swing/TableTreeNode.java (ext=.java, size=1680)
2026-02-25 12:53:38,480 - Knowledge - INFO - Worker kw4 processing /app/data/T0015/326202/b9060hi/Rufesi/java_console/romraider/src/com/romraider/util/SaxParserFactory.java
2026-02-25 12:53:38,728 - Knowledge - INFO - done ingest for /app/data/T0015/326202/b9060hi/Rufesi/java_console/romraider/src/com/romraider/logger/ecu/ui/handler/table/TableUpdateHandler.java
2026-02-25 12:53:38,738 - Knowledge - INFO - [LLM_CALL] Completed: StartupFrame.java:chunk1, Duration: 72631ms, PromptTokens: 4572, CompletionTokens: 1005, Cost: $0.00086
2026-02-25 12:53:38,977 - Knowledge - INFO - Fast-tracked /app/data/T0015/326202/b9060hi/Rufesi/java_console/romraider/src/com/romraider/Version.java (ext=.java, size=1929)
2026-02-25 12:53:39,065 - Knowledge - INFO - Worker kw1 processing /app/data/T0015/326202/b9060hi/Rufesi/java_console/romraider/src/com/romraider/util/ThreadCheckingRepaintManager.java
2026-02-25 12:53:39,192 - Knowledge - INFO - Worker kw15 processing /app/data/T0015/326202/b9060hi/Rufesi/java_console/romraider/src/com/romraider/swing/ECUEditorMenuBar.java
2026-02-25 12:53:39,318 - Knowledge - INFO - Worker kw4 processing /app/data/T0015/326202/b9060hi/Rufesi/java_console/romraider/src/com/romraider/util/ColorScaler.java
2026-02-25 12:53:39,573 - Knowledge - INFO - done ingest for /app/data/T0015/326202/b9060hi/Rufesi/java_console/ui/src/com/rusefi/StartupFrame.java
2026-02-25 12:53:39,585 - Knowledge - INFO - [LLM_CALL] Completed: EcuDefinitionInheritanceList.java:chunk1, Duration: 48648ms, PromptTokens: 2740, CompletionTokens: 409, Cost: $0.00044
2026-02-25 12:53:39,989 - Knowledge - INFO - Worker kw1 processing /app/data/T0015/326202/b9060hi/Rufesi/java_console/romraider/src/com/romraider/util/FormatFilename.java
2026-02-25 12:53:40,124 - Knowledge - INFO - [kw18] Queue=976, InProgress=0, PendingWorkers=20/20, Completed=363/1454 (25.0%)
2026-02-25 12:53:40,314 - Knowledge - INFO - Worker kw4 processing /app/data/T0015/326202/b9060hi/Rufesi/java_console/romraider/src/com/romraider/util/MD5Checksum.java
2026-02-25 12:53:40,673 - Knowledge - INFO - done ingest for /app/data/T0015/326202/b9060hi/Rufesi/java_console/romraider/src/com/romraider/logger/ecu/definition/xml/EcuDefinitionInheritanceList.java
2026-02-25 12:53:40,715 - Knowledge - INFO - Processing batch of 10 files
2026-02-25 12:53:40,738 - Knowledge - INFO - Processing batch of 10 files
2026-02-25 12:53:40,746 - Knowledge - INFO - Processing batch of 10 files
2026-02-25 12:53:40,822 - Knowledge - INFO - Worker kw1 processing /app/data/T0015/326202/b9060hi/Rufesi/java_console/romraider/src/com/romraider/util/ObjectCloner.java
2026-02-25 12:53:40,955 - Knowledge - INFO - Batch sizing: calculated=8, max_allowed=10, queue=976, active_workers=20/20
2026-02-25 12:53:41,115 - Knowledge - INFO - Fast-tracked /app/data/T0015/326202/b9060hi/Rufesi/java_console/romraider/src/com/romraider/util/MD5Checksum.java (ext=.java, size=1822)
2026-02-25 12:53:41,206 - Knowledge - INFO - [LLM_CALL] Completed: VerticalLabelUI.java:chunk1, Duration: 50204ms, PromptTokens: 2650, CompletionTokens: 591, Cost: $0.00050
2026-02-25 12:53:41,361 - Knowledge - INFO - process ingested knowledge for /app/data/T0015/326202/b9060hi/Rufesi/java_console/ui/src/com/rusefi/ui/util/LocalizedMessages.java
2026-02-25 12:53:41,501 - Knowledge - INFO - process ingested knowledge for /app/data/T0015/326202/b9060hi/Rufesi/java_console/romraider/src/com/romraider/logger/ecu/comms/query/EcuInit.java
2026-02-25 12:53:41,674 - Knowledge - INFO - process ingested knowledge for /app/data/T0015/326202/b9060hi/Rufesi/java_console/romraider/src/com/romraider/logger/ecu/exception/FileLoggerException.java
2026-02-25 12:53:41,866 - Knowledge - INFO - Worker kw1 processing /app/data/T0015/326202/b9060hi/Rufesi/java_console/romraider/src/com/romraider/util/ParamChecker.java
2026-02-25 12:53:42,158 - Knowledge - INFO - Worker kw4 processing /app/data/T0015/326202/b9060hi/Rufesi/java_console/romraider/src/com/romraider/util/Platform.java
2026-02-25 12:53:42,302 - Knowledge - INFO - done ingest for /app/data/T0015/326202/b9060hi/Rufesi/java_console/romraider/src/com/romraider/logger/ecu/ui/swing/vertical/VerticalLabelUI.java
2026-02-25 12:53:42,378 - Knowledge - INFO - [WEBSOCKET] Sent: Type=progress_update, Size: 294, Duration: 69ms
2026-02-25 12:53:42,502 - Knowledge - INFO - [kw14] Queue=968, InProgress=0, PendingWorkers=20/20, Completed=370/1454 (25.4%)
2026-02-25 12:53:42,516 - Knowledge - INFO - process ingested knowledge for /app/data/T0015/326202/b9060hi/Rufesi/java_console/ui/src/com/rusefi/ui/util/JTextFieldWithWidth.java
2026-02-25 12:53:42,827 - Knowledge - INFO - process ingested knowledge for /app/data/T0015/326202/b9060hi/Rufesi/java_console/romraider/src/com/romraider/logger/ecu/exception/UnsupportedPortTypeException.java
2026-02-25 12:53:42,828 - Knowledge - INFO - process ingested knowledge for /app/data/T0015/326202/b9060hi/Rufesi/java_console/romraider/src/com/romraider/logger/ecu/comms/query/ResponseImpl.java
2026-02-25 12:53:42,873 - Knowledge - INFO - Fast-tracked /app/data/T0015/326202/b9060hi/Rufesi/java_console/romraider/src/com/romraider/util/Platform.java (ext=.java, size=1267)
2026-02-25 12:53:43,096 - Knowledge - INFO - [LLM_CALL] Completed: EcuTableDefinitionHandler.java:chunk1, Duration: 45641ms, PromptTokens: 2606, CompletionTokens: 420, Cost: $0.00043
2026-02-25 12:53:43,174 - Knowledge - INFO - Batch sizing: calculated=8, max_allowed=10, queue=968, active_workers=20/20
2026-02-25 12:53:43,182 - Knowledge - INFO - [kw9] Queue=968, InProgress=0, PendingWorkers=20/20, Completed=390/1454 (26.8%)
2026-02-25 12:53:43,366 - Knowledge - INFO - process ingested knowledge for /app/data/T0015/326202/b9060hi/Rufesi/java_console/ui/src/com/rusefi/ui/util/UiUtils.java
2026-02-25 12:53:43,366 - Knowledge - INFO - process ingested knowledge for /app/data/T0015/326202/b9060hi/Rufesi/java_console/romraider/src/com/romraider/logger/ecu/comms/learning/LearningTableValues.java
2026-02-25 12:53:43,478 - Knowledge - INFO - process ingested knowledge for /app/data/T0015/326202/b9060hi/Rufesi/java_console/romraider/src/com/romraider/logger/ecu/comms/query/ExternalQuery.java
2026-02-25 12:53:43,552 - Knowledge - INFO - Worker kw4 processing /app/data/T0015/326202/b9060hi/Rufesi/java_console/romraider/src/com/romraider/util/JEPUtil.java
2026-02-25 12:53:43,627 - Knowledge - INFO - done ingest for /app/data/T0015/326202/b9060hi/Rufesi/java_console/romraider/src/com/romraider/logger/ecu/definition/xml/EcuTableDefinitionHandler.java
2026-02-25 12:53:43,629 - Knowledge - INFO - [LLM_CALL] Completed: AutoTest.java:chunk1, Duration: 73131ms, PromptTokens: 11930, CompletionTokens: 1228, Cost: $0.00168
2026-02-25 12:53:43,629 - Knowledge - INFO - Async storing batch of 10 embeddings
2026-02-25 12:53:43,839 - Knowledge - INFO - Batch sizing: calculated=8, max_allowed=10, queue=968, active_workers=20/20
2026-02-25 12:53:43,965 - Knowledge - INFO - process ingested knowledge for /app/data/T0015/326202/b9060hi/Rufesi/java_console/ui/src/com/rusefi/ui/Wizard.java
2026-02-25 12:53:44,038 - Knowledge - INFO - process ingested knowledge for /app/data/T0015/326202/b9060hi/Rufesi/java_console/romraider/src/com/romraider/logger/ecu/comms/learning/parameter/ParameterCrossReference.java
2026-02-25 12:53:44,106 - Knowledge - INFO - process ingested knowledge for /app/data/T0015/326202/b9060hi/Rufesi/java_console/romraider/src/com/romraider/logger/ecu/comms/query/EcuQueryImpl.java
2026-02-25 12:53:44,125 - Knowledge - INFO - Fast-tracked /app/data/T0015/326202/b9060hi/Rufesi/java_console/romraider/src/com/romraider/swing/SwitchStateTableModel.java (small file (2501 bytes))
2026-02-25 12:53:44,175 - Knowledge - INFO - Fast-tracked /app/data/T0015/326202/b9060hi/Rufesi/java_console/romraider/src/com/romraider/util/JEPUtil.java (ext=.java, size=1696)
2026-02-25 12:53:44,201 - Knowledge - INFO - Fast-tracked /app/data/T0015/326202/b9060hi/Rufesi/java_console/romraider/src/com/romraider/swing/ScalesTableModel.java (small file (2997 bytes))
2026-02-25 12:53:44,359 - Knowledge - INFO - done ingest for /app/data/T0015/326202/b9060hi/Rufesi/java_console/autotest/src/com/rusefi/AutoTest.java
2026-02-25 12:53:44,359 - Knowledge - INFO - [LLM_CALL] Completed: UserProfileImpl.java:chunk1, Duration: 48242ms, PromptTokens: 3750, CompletionTokens: 692, Cost: $0.00065
2026-02-25 12:53:44,449 - Knowledge - INFO - Worker kw18 processing /app/data/T0015/326202/b9060hi/Rufesi/java_console/romraider/src/com/romraider/util/HexUtil.java
2026-02-25 12:53:44,642 - Knowledge - INFO - process ingested knowledge for /app/data/T0015/326202/b9060hi/Rufesi/java_console/ui/src/com/rusefi/ui/fsio/FlexibleControls.java
2026-02-25 12:53:44,682 - Knowledge - INFO - Fast-tracked /app/data/T0015/326202/b9060hi/Rufesi/java_console/romraider/src/com/romraider/swing/SetFont.java (small file (2750 bytes))
2026-02-25 12:53:44,719 - Knowledge - INFO - process ingested knowledge for /app/data/T0015/326202/b9060hi/Rufesi/java_console/romraider/src/com/romraider/logger/ecu/comms/learning/parameter/ParameterIdComparator.java
2026-02-25 12:53:44,797 - Knowledge - INFO - process ingested knowledge for /app/data/T0015/326202/b9060hi/Rufesi/java_console/romraider/src/com/romraider/logger/ecu/comms/query/EcuQuery.java
2026-02-25 12:53:44,997 - Knowledge - INFO - Worker kw4 processing /app/data/T0015/326202/b9060hi/Rufesi/java_console/romraider/src/com/romraider/util/LogManager.java
2026-02-25 12:53:45,376 - Knowledge - INFO - done ingest for /app/data/T0015/326202/b9060hi/Rufesi/java_console/romraider/src/com/romraider/logger/ecu/profile/UserProfileImpl.java
2026-02-25 12:53:45,383 - Knowledge - INFO - Processing batch of 10 files
2026-02-25 12:53:45,389 - Knowledge - INFO - Processing batch of 10 files
2026-02-25 12:53:45,395 - Knowledge - INFO - Processing batch of 10 files
2026-02-25 12:53:45,403 - Knowledge - INFO - [WEBSOCKET] Sent: Type=unknown, Size: ?, Duration: 3094ms
2026-02-25 12:53:45,553 - Knowledge - INFO - Worker kw18 processing /app/data/T0015/326202/b9060hi/Rufesi/java_console/romraider/src/com/romraider/maps/Table.java
2026-02-25 12:53:45,629 - Knowledge - INFO - process ingested knowledge for /app/data/T0015/326202/b9060hi/Rufesi/java_console/ui/src/com/rusefi/ui/LogDownloader.java
2026-02-25 12:53:45,942 - Knowledge - INFO - process ingested knowledge for /app/data/T0015/326202/b9060hi/Rufesi/java_console/romraider/src/com/romraider/logger/ecu/comms/learning/parameter/Parameter.java
2026-02-25 12:53:46,023 - Knowledge - INFO - process ingested knowledge for /app/data/T0015/326202/b9060hi/Rufesi/java_console/romraider/src/com/romraider/logger/ecu/comms/query/ExternalQueryImpl.java
2026-02-25 12:53:46,095 - Knowledge - INFO - Fast-tracked /app/data/T0015/326202/b9060hi/Rufesi/java_console/romraider/src/com/romraider/util/LogManager.java (ext=.java, size=1143)
2026-02-25 12:53:46,301 - Knowledge - INFO - process ingested knowledge for /app/data/T0015/326202/b9060hi/Rufesi/java_console/romraider/src/com/romraider/logger/ecu/profile/xml/UserProfileHandler.java
2026-02-25 12:53:46,396 - Knowledge - INFO - process ingested knowledge for /app/data/T0015/326202/b9060hi/Rufesi/java_console/ui/src/com/rusefi/ui/widgets/AnyCommand.java
2026-02-25 12:53:46,504 - Knowledge - INFO - process ingested knowledge for /app/data/T0015/326202/b9060hi/Rufesi/java_console/romraider/src/com/romraider/logger/car/util/TorqueCalculator.java
2026-02-25 12:53:46,601 - Knowledge - INFO - Progress: 25.3% | Files: 410/1454 | Rate: 1.49 files/sec | Queue: 952
2026-02-25 12:53:46,601 - Knowledge - INFO - Processing batch of 10 files
2026-02-25 12:53:46,602 - Knowledge - INFO - Async storing batch of 10 embeddings
2026-02-25 12:53:46,602 - Knowledge - INFO - [LLM_CALL] Completed: TestingUtils.java:chunk1, Duration: 67030ms, PromptTokens: 3486, CompletionTokens: 795, Cost: $0.00067
2026-02-25 12:53:46,679 - Knowledge - INFO - Worker kw18 processing /app/data/T0015/326202/b9060hi/Rufesi/java_console/romraider/src/com/romraider/maps/Scale.java
2026-02-25 12:53:46,748 - Knowledge - INFO - process ingested knowledge for /app/data/T0015/326202/b9060hi/Rufesi/java_console/ui/src/com/rusefi/ui/storage/Node.java
2026-02-25 12:53:46,845 - Knowledge - INFO - process ingested knowledge for /app/data/T0015/326202/b9060hi/Rufesi/java_console/romraider/src/com/romraider/logger/ecu/comms/readcodes/ReadCodesManager.java
2026-02-25 12:53:46,939 - Knowledge - INFO - process ingested knowledge for /app/data/T0015/326202/b9060hi/Rufesi/java_console/romraider/src/com/romraider/logger/ecu/comms/query/Response.java
2026-02-25 12:53:47,028 - Knowledge - INFO - Fast-tracked /app/data/T0015/326202/b9060hi/Rufesi/java_console/romraider/src/com/romraider/util/JREChecker.java (small file (2169 bytes))
2026-02-25 12:53:47,101 - Knowledge - INFO - process ingested knowledge for /app/data/T0015/326202/b9060hi/Rufesi/java_console/romraider/src/com/romraider/logger/ecu/profile/UserProfileItemImpl.java
2026-02-25 12:53:47,175 - Knowledge - INFO - process ingested knowledge for /app/data/T0015/326202/b9060hi/Rufesi/java_console/ui/src/com/rusefi/ui/widgets/WaveInfoPanel.java
2026-02-25 12:53:47,248 - Knowledge - INFO - process ingested knowledge for /app/data/T0015/326202/b9060hi/Rufesi/java_console/romraider/src/com/romraider/logger/car/util/Constants.java
2026-02-25 12:53:47,343 - Knowledge - INFO - [kw2] Queue=952, InProgress=0, PendingWorkers=20/20, Completed=410/1454 (28.2%)
2026-02-25 12:53:47,419 - Knowledge - INFO - process ingested knowledge for /app/data/T0015/326202/b9060hi/Rufesi/java_console/romraider/src/com/romraider/logger/ecu/definition/xml/EcuDefinitionInheritanceList.java
2026-02-25 12:53:47,508 - Knowledge - INFO - Worker kw9 processing /app/data/T0015/326202/b9060hi/Rufesi/java_console/romraider/src/com/romraider/xml/DOMHelper.java
2026-02-25 12:53:47,590 - Knowledge - INFO - done ingest for /app/data/T0015/326202/b9060hi/Rufesi/java_console/autotest/src/com/rusefi/TestingUtils.java
2026-02-25 12:53:47,592 - Knowledge - INFO - Processing batch of 10 files
2026-02-25 12:53:47,594 - Knowledge - INFO - [WEBSOCKET] Sent: Type=progress_update, Size: 296, Duration: 0ms
2026-02-25 12:53:47,595 - Knowledge - INFO - Async storing batch of 10 embeddings
2026-02-25 12:53:47,672 - Knowledge - INFO - Worker kw18 processing /app/data/T0015/326202/b9060hi/Rufesi/java_console/romraider/src/com/romraider/maps/TableSwitch.java
2026-02-25 12:53:47,748 - Knowledge - INFO - process ingested knowledge for /app/data/T0015/326202/b9060hi/Rufesi/java_console/ui/src/com/rusefi/ui/storage/PersistentConfiguration.java
2026-02-25 12:53:47,846 - Knowledge - INFO - process ingested knowledge for /app/data/T0015/326202/b9060hi/Rufesi/java_console/romraider/src/com/romraider/logger/ecu/comms/query/SSMEcuInit.java
2026-02-25 12:53:47,962 - Knowledge - INFO - process ingested knowledge for /app/data/T0015/326202/b9060hi/Rufesi/java_console/romraider/src/com/romraider/logger/ecu/comms/reset/ResetManager.java
2026-02-25 12:53:48,080 - Knowledge - INFO - Fast-tracked /app/data/T0015/326202/b9060hi/Rufesi/java_console/romraider/src/com/romraider/util/SaxParserFactory.java (small file (2115 bytes))
2026-02-25 12:53:48,156 - Knowledge - INFO - process ingested knowledge for /app/data/T0015/326202/b9060hi/Rufesi/java_console/romraider/src/com/romraider/logger/ecu/profile/UserProfileLoaderImpl.java
2026-02-25 12:53:48,247 - Knowledge - INFO - process ingested knowledge for /app/data/T0015/326202/b9060hi/Rufesi/java_console/ui/src/com/rusefi/ui/RpmLabel.java
2026-02-25 12:53:48,328 - Knowledge - INFO - process ingested knowledge for /app/data/T0015/326202/b9060hi/Rufesi/java_console/romraider/src/com/romraider/logger/car/util/SpeedCalculator.java
2026-02-25 12:53:48,409 - Knowledge - INFO - Batch sizing: calculated=8, max_allowed=10, queue=952, active_workers=20/20
2026-02-25 12:53:48,524 - Knowledge - INFO - process ingested knowledge for /app/data/T0015/326202/b9060hi/Rufesi/java_console/romraider/src/com/romraider/logger/ecu/definition/xml/EcuDefinitionDocumentLoader.java
2026-02-25 12:53:48,613 - Knowledge - INFO - Worker kw9 processing /app/data/T0015/326202/b9060hi/Rufesi/java_console/romraider/src/com/romraider/xml/DOMSettingsBuilder.java
2026-02-25 12:53:48,784 - Knowledge - INFO - process ingested knowledge for /app/data/T0015/326202/b9060hi/Rufesi/java_console/romraider/src/com/romraider/logger/ecu/ui/paramlist/ParameterListTableModel.java
2026-02-25 12:53:48,869 - Knowledge - INFO - [WEBSOCKET] Sent: Type=unknown, Size: ?, Duration: 1276ms
2026-02-25 12:53:48,956 - Knowledge - INFO - Worker kw14 processing /app/data/T0015/326202/b9060hi/Rufesi/java_console/romraider/src/com/romraider/maps/CopySelection2DWorker.java
2026-02-25 12:53:49,057 - Knowledge - INFO - Worker kw18 processing /app/data/T0015/326202/b9060hi/Rufesi/java_console/romraider/src/com/romraider/maps/DataCell.java
2026-02-25 12:53:49,136 - Knowledge - INFO - process ingested knowledge for /app/data/T0015/326202/b9060hi/Rufesi/java_console/ui/src/com/rusefi/ui/FormulasPane.java
2026-02-25 12:53:49,232 - Knowledge - INFO - process ingested knowledge for /app/data/T0015/326202/b9060hi/Rufesi/java_console/romraider/src/com/romraider/logger/ecu/comms/query/Query.java
2026-02-25 12:53:49,311 - Knowledge - INFO - process ingested knowledge for /app/data/T0015/326202/b9060hi/Rufesi/java_console/romraider/src/com/romraider/logger/ecu/comms/manager/PollingStateImpl.java
2026-02-25 12:53:49,390 - Knowledge - INFO - Fast-tracked /app/data/T0015/326202/b9060hi/Rufesi/java_console/romraider/src/com/romraider/util/ColorScaler.java (small file (2003 bytes))
2026-02-25 12:53:49,498 - Knowledge - INFO - process ingested knowledge for /app/data/T0015/326202/b9060hi/Rufesi/java_console/romraider/src/com/romraider/logger/ecu/profile/UserProfileLoader.java
2026-02-25 12:53:49,582 - Knowledge - INFO - process ingested knowledge for /app/data/T0015/326202/b9060hi/Rufesi/java_console/ui/src/com/rusefi/ui/ShowMap.java
2026-02-25 12:53:49,695 - Knowledge - INFO - process ingested knowledge for /app/data/T0015/326202/b9060hi/Rufesi/java_console/romraider/src/com/romraider/logger/ecu/EcuLoggerExec.java
2026-02-25 12:53:49,875 - Knowledge - INFO - process ingested knowledge for /app/data/T0015/326202/b9060hi/Rufesi/java_console/romraider/src/com/romraider/logger/ecu/definition/xml/EcuTableDefinitionHandler.java
2026-02-25 12:53:49,976 - Knowledge - INFO - Worker kw9 processing /app/data/T0015/326202/b9060hi/Rufesi/java_console/romraider/src/com/romraider/xml/TableNotFoundException.java
2026-02-25 12:53:50,071 - Knowledge - INFO - process ingested knowledge for /app/data/T0015/326202/b9060hi/Rufesi/java_console/romraider/src/com/romraider/logger/ecu/ui/paramlist/ParameterRow.java
2026-02-25 12:53:50,172 - Knowledge - INFO - Progress: 28.2% | Files: 420/1454 | Rate: 1.49 files/sec | Queue: 944
2026-02-25 12:53:50,172 - Knowledge - INFO - Processing batch of 10 files
2026-02-25 12:53:50,173 - Knowledge - INFO - Async storing batch of 10 embeddings
2026-02-25 12:53:50,251 - Knowledge - INFO - Fast-tracked /app/data/T0015/326202/b9060hi/Rufesi/java_console/romraider/src/com/romraider/maps/CopySelection2DWorker.java (ext=.java, size=722)
2026-02-25 12:53:50,361 - Knowledge - INFO - Worker kw18 processing /app/data/T0015/326202/b9060hi/Rufesi/java_console/romraider/src/com/romraider/maps/TableWithData.java
2026-02-25 12:53:50,440 - Knowledge - INFO - process ingested knowledge for /app/data/T0015/326202/b9060hi/Rufesi/java_console/ui/src/com/rusefi/ui/logview/LogViewer.java
2026-02-25 12:53:50,534 - Knowledge - INFO - process ingested knowledge for /app/data/T0015/326202/b9060hi/Rufesi/java_console/romraider/src/com/romraider/logger/ecu/comms/query/EcuInitCallback.java
2026-02-25 12:53:50,615 - Knowledge - INFO - process ingested knowledge for /app/data/T0015/326202/b9060hi/Rufesi/java_console/romraider/src/com/romraider/logger/ecu/comms/manager/PollingState.java
2026-02-25 12:53:50,697 - Knowledge - INFO - Async storage completed for 10 embeddings
2026-02-25 12:53:50,764 - Knowledge - INFO - process ingested knowledge for /app/data/T0015/326202/b9060hi/Rufesi/java_console/romraider/src/com/romraider/logger/ecu/profile/UserProfileItem.java
2026-02-25 12:53:50,834 - Knowledge - INFO - process ingested knowledge for /app/data/T0015/326202/b9060hi/Rufesi/java_console/ui/src/com/rusefi/StartupFrame.java
2026-02-25 12:53:50,877 - Knowledge - INFO - Async storage completed for 10 embeddings
2026-02-25 12:53:50,952 - Knowledge - INFO - process ingested knowledge for /app/data/T0015/326202/b9060hi/Rufesi/java_console/romraider/src/com/romraider/logger/ecu/ui/StatusChangeListener.java
2026-02-25 12:53:50,981 - Knowledge - INFO - Fast-tracked /app/data/T0015/326202/b9060hi/Rufesi/java_console/romraider/src/com/romraider/swing/DebugPanel.java (small file (2058 bytes))
2026-02-25 12:53:51,048 - Knowledge - INFO - process ingested knowledge for /app/data/T0015/326202/b9060hi/Rufesi/java_console/romraider/src/com/romraider/logger/ecu/definition/EcuDataType.java
2026-02-25 12:53:51,059 - Knowledge - INFO - Fast-tracked /app/data/T0015/326202/b9060hi/Rufesi/java_console/romraider/src/com/romraider/swing/ParameterIdsTableModel.java (small file (2466 bytes))
2026-02-25 12:53:51,133 - Knowledge - INFO - Fast-tracked /app/data/T0015/326202/b9060hi/Rufesi/java_console/romraider/src/com/romraider/xml/TableNotFoundException.java (ext=.java, size=1064)
2026-02-25 12:53:51,238 - Knowledge - INFO - process ingested knowledge for /app/data/T0015/326202/b9060hi/Rufesi/java_console/romraider/src/com/romraider/logger/ecu/ui/paramlist/ParameterListTable.java
2026-02-25 12:53:51,310 - Knowledge - INFO - [kw12] Queue=944, InProgress=0, PendingWorkers=20/20, Completed=420/1454 (28.9%)
2026-02-25 12:53:51,387 - Knowledge - INFO - process ingested knowledge for /app/data/T0015/326202/b9060hi/Rufesi/java_console/tools/src/com/irnems/MedianFilter.java
2026-02-25 12:53:51,501 - Knowledge - INFO - Worker kw2 processing /app/data/T0015/326202/b9060hi/Rufesi/java_console/romraider/src/com/romraider/xml/InvalidTableNameException.java
2026-02-25 12:53:51,575 - Knowledge - INFO - Worker kw14 processing /app/data/T0015/326202/b9060hi/Rufesi/java_console/romraider/src/com/romraider/maps/RomChecksum.java
2026-02-25 12:53:51,668 - Knowledge - INFO - Worker kw18 processing /app/data/T0015/326202/b9060hi/Rufesi/java_console/romraider/src/com/romraider/maps/Rom.java
2026-02-25 12:53:52,329 - Knowledge - INFO - process ingested knowledge for /app/data/T0015/326202/b9060hi/Rufesi/java_console/romraider/src/com/romraider/logger/ecu/definition/EcuDefinitionImpl.java
2026-02-25 12:53:52,709 - Knowledge - INFO - process ingested knowledge for /app/data/T0015/326202/b9060hi/Rufesi/java_console/ui/src/com/rusefi/EcuStimulator.java
2026-02-25 12:53:52,844 - Knowledge - INFO - Worker kw9 processing /app/data/T0015/326202/b9060hi/Rufesi/java_console/romraider/src/com/romraider/xml/DOMRomUnmarshaller.java
2026-02-25 12:53:52,846 - Knowledge - INFO - Fast-tracked /app/data/T0015/326202/b9060hi/Rufesi/java_console/romraider/src/com/romraider/util/FormatFilename.java (small file (2432 bytes))
2026-02-25 12:53:53,063 - Knowledge - INFO - Batch sizing: calculated=8, max_allowed=10, queue=944, active_workers=20/20
2026-02-25 12:53:53,136 - Knowledge - INFO - process ingested knowledge for /app/data/T0015/326202/b9060hi/Rufesi/java_console/romraider/src/com/romraider/logger/ecu/ui/swing/menubar/util/FileHelper.java
2026-02-25 12:53:53,239 - Knowledge - INFO - Fast-tracked /app/data/T0015/326202/b9060hi/Rufesi/java_console/romraider/src/com/romraider/xml/InvalidTableNameException.java (ext=.java, size=1083)
2026-02-25 12:53:53,327 - Knowledge - INFO - Worker kw14 processing /app/data/T0015/326202/b9060hi/Rufesi/java_console/romraider/src/com/romraider/maps/CopyTableWorker.java
2026-02-25 12:53:53,406 - Knowledge - INFO - Worker kw18 processing /app/data/T0015/326202/b9060hi/Rufesi/java_console/romraider/src/com/romraider/maps/Table2D.java
2026-02-25 12:53:53,590 - Knowledge - INFO - process ingested knowledge for /app/data/T0015/326202/b9060hi/Rufesi/java_console/romraider/src/com/romraider/logger/ecu/definition/EcuDataConvertor.java
2026-02-25 12:53:53,591 - Knowledge - INFO - process ingested knowledge for /app/data/T0015/326202/b9060hi/Rufesi/java_console/tools/src/com/irnems/AdcFilter.java
2026-02-25 12:53:53,591 - Knowledge - INFO - process ingested knowledge for /app/data/T0015/326202/b9060hi/Rufesi/java_console/romraider/src/com/romraider/logger/ecu/definition/LoggerData.java
2026-02-25 12:53:53,591 - Knowledge - INFO - process ingested knowledge for /app/data/T0015/326202/b9060hi/Rufesi/java_console/romraider/src/com/romraider/logger/ecu/ui/paramlist/UnitsComboBoxEditor.java
2026-02-25 12:53:53,685 - Knowledge - INFO - Worker kw9 processing /app/data/T0015/326202/b9060hi/Rufesi/java_console/romraider/src/com/romraider/xml/RomNotFoundException.java
2026-02-25 12:53:53,967 - Knowledge - INFO - Processing batch of 8 files
2026-02-25 12:53:53,969 - Knowledge - INFO - process ingested knowledge for /app/data/T0015/326202/b9060hi/Rufesi/java_console/ui/src/com/rusefi/KeyStrokeShortcut.java
2026-02-25 12:53:54,091 - Knowledge - INFO - Worker kw2 processing /app/data/T0015/326202/b9060hi/Rufesi/java_console/romraider/src/com/romraider/Settings.java
2026-02-25 12:53:54,279 - Knowledge - INFO - Fast-tracked /app/data/T0015/326202/b9060hi/Rufesi/java_console/romraider/src/com/romraider/maps/CopyTableWorker.java (ext=.java, size=978)
2026-02-25 12:53:54,372 - Knowledge - INFO - Async storing batch of 10 embeddings
2026-02-25 12:53:54,900 - Knowledge - INFO - process ingested knowledge for /app/data/T0015/326202/b9060hi/Rufesi/java_console/romraider/src/com/romraider/logger/ecu/ui/swing/vertical/VerticalLabelUI.java
2026-02-25 12:53:54,901 - Knowledge - INFO - process ingested knowledge for /app/data/T0015/326202/b9060hi/Rufesi/java_console/romraider/src/com/romraider/logger/ecu/definition/EcuAddressImpl.java
2026-02-25 12:53:54,904 - Knowledge - INFO - process ingested knowledge for /app/data/T0015/326202/b9060hi/Rufesi/java_console/autotest/src/com/rusefi/IoUtil.java
2026-02-25 12:53:54,914 - Knowledge - INFO - Fast-tracked /app/data/T0015/326202/b9060hi/Rufesi/java_console/romraider/src/com/romraider/xml/RomNotFoundException.java (ext=.java, size=1060)
2026-02-25 12:53:55,006 - Knowledge - INFO - process ingested knowledge for /app/data/T0015/326202/b9060hi/Rufesi/java_console/romraider/src/com/romraider/util/JREChecker.java
2026-02-25 12:53:55,219 - Knowledge - INFO - Worker kw2 processing /app/data/T0015/326202/b9060hi/Rufesi/java_console/romraider/src/com/romraider/net/BrowserControl.java
2026-02-25 12:53:55,292 - Knowledge - INFO - Worker kw14 processing /app/data/T0015/326202/b9060hi/Rufesi/java_console/romraider/src/com/romraider/maps/Table1D.java
2026-02-25 12:53:55,395 - Knowledge - INFO - Worker kw12 processing /app/data/T0015/326202/b9060hi/Rufesi/java_console/jssc/src/jssc/SerialPortException.java
2026-02-25 12:53:55,423 - Knowledge - INFO - process ingested knowledge for /app/data/T0015/326202/b9060hi/Rufesi/java_console/romraider/src/com/romraider/logger/ecu/definition/EcuDefinition.java
2026-02-25 12:53:55,675 - Knowledge - INFO - process ingested knowledge for /app/data/T0015/326202/b9060hi/Rufesi/java_console/ui/src/com/rusefi/maintenance/EraseChip.java
2026-02-25 12:53:55,766 - Knowledge - INFO - Worker kw9 processing /app/data/T0015/326202/b9060hi/Rufesi/java_console/romraider/src/com/romraider/xml/TableIsOmittedException.java
2026-02-25 12:53:55,867 - Knowledge - INFO - process ingested knowledge for /app/data/T0015/326202/b9060hi/Rufesi/java_console/romraider/src/com/romraider/logger/ecu/ui/swing/layout/BetterFlowLayout.java
2026-02-25 12:53:55,985 - Knowledge - INFO - Worker kw2 processing /app/data/T0015/326202/b9060hi/Rufesi/java_console/romraider/src/com/romraider/net/URL.java
2026-02-25 12:53:56,090 - Knowledge - INFO - Worker kw14 processing /app/data/T0015/326202/b9060hi/Rufesi/java_console/romraider/src/com/romraider/maps/CopyTable2DWorker.java
2026-02-25 12:53:56,200 - Knowledge - INFO - Worker kw12 processing /app/data/T0015/326202/b9060hi/Rufesi/java_console/jssc/src/jssc/SerialPortList.java
2026-02-25 12:53:56,208 - Knowledge - INFO - process ingested knowledge for /app/data/T0015/326202/b9060hi/Rufesi/java_console/romraider/src/com/romraider/logger/ecu/ui/paramlist/UnitsComboBoxRenderer.java
2026-02-25 12:53:56,441 - Knowledge - INFO - process ingested knowledge for /app/data/T0015/326202/b9060hi/Rufesi/java_console/romraider/src/com/romraider/logger/ecu/definition/ExternalData.java
2026-02-25 12:53:56,546 - Knowledge - INFO - Fast-tracked /app/data/T0015/326202/b9060hi/Rufesi/java_console/romraider/src/com/romraider/xml/TableIsOmittedException.java (ext=.java, size=1109)
2026-02-25 12:53:56,613 - Knowledge - INFO - process ingested knowledge for /app/data/T0015/326202/b9060hi/Rufesi/java_console/romraider/src/com/romraider/logger/ecu/definition/EcuParameter.java
2026-02-25 12:53:56,775 - Knowledge - INFO - Fast-tracked /app/data/T0015/326202/b9060hi/Rufesi/java_console/romraider/src/com/romraider/net/URL.java (ext=.java, size=1984)
2026-02-25 12:53:56,912 - Knowledge - INFO - Fast-tracked /app/data/T0015/326202/b9060hi/Rufesi/java_console/romraider/src/com/romraider/maps/CopyTable2DWorker.java (ext=.java, size=1017)
2026-02-25 12:53:56,936 - Knowledge - INFO - process ingested knowledge for /app/data/T0015/326202/b9060hi/Rufesi/java_console/romraider/src/com/romraider/util/ThreadUtil.java
2026-02-25 12:53:56,938 - Knowledge - INFO - process ingested knowledge for /app/data/T0015/326202/b9060hi/Rufesi/java_console/autotest/src/com/rusefi/AutoTest.java
2026-02-25 12:53:56,941 - Knowledge - INFO - process ingested knowledge for /app/data/T0015/326202/b9060hi/Rufesi/java_console/ui/src/com/rusefi/maintenance/FirmwareFlasher.java
2026-02-25 12:53:56,942 - Knowledge - INFO - process ingested knowledge for /app/data/T0015/326202/b9060hi/Rufesi/java_console/romraider/src/com/romraider/logger/ecu/ui/DataRegistrationBroker.java
2026-02-25 12:53:56,988 - Knowledge - INFO - Worker kw12 processing /app/data/T0015/326202/b9060hi/Rufesi/java_console/jssc/src/jssc/SerialPort.java
2026-02-25 12:53:57,274 - Knowledge - INFO - Worker kw9 processing /app/data/T0015/326202/b9060hi/Rufesi/java_console/romraider/src/com/romraider/xml/DOMSettingsUnmarshaller.java
2026-02-25 12:53:57,428 - Knowledge - INFO - Async storage completed for 10 embeddings
2026-02-25 12:53:57,456 - Knowledge - INFO - Worker kw2 processing /app/data/T0015/326202/b9060hi/Rufesi/java_console/romraider/src/com/romraider/editor/ecu/ECUEditor.java
2026-02-25 12:53:57,548 - Knowledge - INFO - Worker kw14 processing /app/data/T0015/326202/b9060hi/Rufesi/java_console/romraider/src/com/romraider/maps/CopySelectionWorker.java
2026-02-25 12:53:57,654 - Knowledge - INFO - process ingested knowledge for /app/data/T0015/326202/b9060hi/Rufesi/java_console/romraider/src/com/romraider/logger/ecu/ui/tab/TableFinder.java
2026-02-25 12:53:57,858 - Knowledge - INFO - process ingested knowledge for /app/data/T0015/326202/b9060hi/Rufesi/java_console/romraider/src/com/romraider/logger/ecu/definition/xml/EcuDefinitionHandler.java
2026-02-25 12:53:58,030 - Knowledge - INFO - Worker kw12 processing /app/data/T0015/326202/b9060hi/Rufesi/java_console/jssc/src/jssc/SerialPortEventListener.java
2026-02-25 12:53:58,066 - Knowledge - INFO - process ingested knowledge for /app/data/T0015/326202/b9060hi/Rufesi/java_console/romraider/src/com/romraider/logger/ecu/definition/EvaluateEcuDefinition.java
2026-02-25 12:53:58,069 - Knowledge - INFO - process ingested knowledge for /app/data/T0015/326202/b9060hi/Rufesi/java_console/autotest/src/com/rusefi/ExecHelper.java
2026-02-25 12:53:58,070 - Knowledge - INFO - process ingested knowledge for /app/data/T0015/326202/b9060hi/Rufesi/java_console/ui/src/com/rusefi/maintenance/VersionChecker.java
2026-02-25 12:53:58,071 - Knowledge - INFO - [kw13] Queue=936, InProgress=0, PendingWorkers=20/20, Completed=428/1454 (29.4%)
2026-02-25 12:53:58,071 - Knowledge - INFO - process ingested knowledge for /app/data/T0015/326202/b9060hi/Rufesi/java_console/romraider/src/com/romraider/logger/ecu/ui/handler/table/TableUpdateHandler.java
2026-02-25 12:53:58,072 - Knowledge - INFO - process ingested knowledge for /app/data/T0015/326202/b9060hi/Rufesi/java_console/romraider/src/com/romraider/util/SaxParserFactory.java
2026-02-25 12:53:58,135 - Knowledge - INFO - Worker kw9 processing /app/data/T0015/326202/b9060hi/Rufesi/java_console/romraider/src/com/romraider/xml/RomAttributeParser.java
2026-02-25 12:53:58,312 - Knowledge - INFO - Worker kw2 processing /app/data/T0015/326202/b9060hi/Rufesi/java_console/romraider/src/com/romraider/editor/ecu/ECUEditorManager.java
2026-02-25 12:53:58,438 - Knowledge - INFO - Fast-tracked /app/data/T0015/326202/b9060hi/Rufesi/java_console/romraider/src/com/romraider/maps/CopySelectionWorker.java (ext=.java, size=1957)
2026-02-25 12:53:58,697 - Knowledge - INFO - Fast-tracked /app/data/T0015/326202/b9060hi/Rufesi/java_console/romraider/src/com/romraider/swing/LookAndFeelManager.java (small file (2740 bytes))
2026-02-25 12:53:58,706 - Knowledge - INFO - process ingested knowledge for /app/data/T0015/326202/b9060hi/Rufesi/java_console/romraider/src/com/romraider/logger/ecu/ui/EcuDataComparator.java
2026-02-25 12:53:58,706 - Knowledge - INFO - Fast-tracked /app/data/T0015/326202/b9060hi/Rufesi/java_console/jssc/src/jssc/SerialPortEventListener.java (ext=.java, size=1202)
2026-02-25 12:53:58,855 - Knowledge - INFO - [kw10] Queue=936, InProgress=0, PendingWorkers=20/20, Completed=428/1454 (29.4%)
2026-02-25 12:53:58,856 - Knowledge - INFO - process ingested knowledge for /app/data/T0015/326202/b9060hi/Rufesi/java_console/romraider/src/com/romraider/logger/ecu/definition/EcuDerivedParameterConvertor.java
2026-02-25 12:53:58,856 - Knowledge - INFO - [kw7] Queue=936, InProgress=0, PendingWorkers=20/20, Completed=428/1454 (29.4%)
2026-02-25 12:53:58,915 - Knowledge - INFO - process ingested knowledge for /app/data/T0015/326202/b9060hi/Rufesi/java_console/autotest/src/com/rusefi/EnduranceTest.java
2026-02-25 12:53:59,108 - Knowledge - INFO - Batch sizing: calculated=8, max_allowed=10, queue=936, active_workers=20/20
2026-02-25 12:53:59,539 - Knowledge - INFO - Fast-tracked /app/data/T0015/326202/b9060hi/Rufesi/java_console/romraider/src/com/romraider/xml/DOMHelper.java (small file (2278 bytes))
2026-02-25 12:53:59,653 - Knowledge - INFO - Fast-tracked /app/data/T0015/326202/b9060hi/Rufesi/java_console/romraider/src/com/romraider/editor/ecu/ECUEditorManager.java (ext=.java, size=1484)
2026-02-25 12:53:59,755 - Knowledge - INFO - Worker kw14 processing /app/data/T0015/326202/b9060hi/Rufesi/java_console/romraider/src/com/romraider/maps/RomID.java
2026-02-25 12:54:00,160 - Knowledge - INFO - Worker kw12 processing /app/data/T0015/326202/b9060hi/Rufesi/java_console/jssc/src/jssc/SerialPortTimeoutException.java
2026-02-25 12:54:00,243 - Knowledge - INFO - Batch sizing: calculated=8, max_allowed=10, queue=936, active_workers=20/20
2026-02-25 12:54:00,254 - Knowledge - INFO - process ingested knowledge for /app/data/T0015/326202/b9060hi/Rufesi/java_console/romraider/src/com/romraider/util/ColorScaler.java
2026-02-25 12:54:00,443 - Knowledge - INFO - Batch sizing: calculated=8, max_allowed=10, queue=936, active_workers=20/20
2026-02-25 12:54:00,513 - Knowledge - INFO - process ingested knowledge for /app/data/T0015/326202/b9060hi/Rufesi/java_console/romraider/src/com/romraider/logger/ecu/profile/UserProfile.java
2026-02-25 12:54:00,779 - Knowledge - INFO - process ingested knowledge for /app/data/T0015/326202/b9060hi/Rufesi/java_console/romraider/src/com/romraider/logger/ecu/definition/EcuAddress.java
2026-02-25 12:54:00,779 - Knowledge - INFO - process ingested knowledge for /app/data/T0015/326202/b9060hi/Rufesi/java_console/autotest/src/com/rusefi/RealHwTest.java
2026-02-25 12:54:00,829 - Knowledge - INFO - Worker kw2 processing /app/data/T0015/326202/b9060hi/Rufesi/java_console/rusefi.xml
2026-02-25 12:54:00,957 - Knowledge - INFO - Worker kw14 processing /app/data/T0015/326202/b9060hi/Rufesi/java_console/romraider/src/com/romraider/maps/Table3D.java
2026-02-25 12:54:01,086 - Knowledge - INFO - Worker kw12 processing /app/data/T0015/326202/b9060hi/Rufesi/java_console/jssc/src/jssc/SerialPortEvent.java
2026-02-25 12:54:01,485 - Knowledge - INFO - Async storing batch of 10 embeddings
2026-02-25 12:54:01,906 - Knowledge - INFO - Async storing batch of 10 embeddings
2026-02-25 12:54:01,967 - Knowledge - INFO - Fast-tracked /app/data/T0015/326202/b9060hi/Rufesi/java_console/rusefi.xml (ext=.xml, size=12492)
2026-02-25 12:54:02,041 - Knowledge - INFO - [LLM_CALL] Completed: DefinitionManager.java:chunk1, Duration: 15439ms, PromptTokens: 4750, CompletionTokens: 762, Cost: $0.00078
2026-02-25 12:54:02,222 - Knowledge - INFO - Async storage completed for 10 embeddings
2026-02-25 12:54:02,246 - Knowledge - INFO - process ingested knowledge for /app/data/T0015/326202/b9060hi/Rufesi/java_console/romraider/src/com/romraider/util/MD5Checksum.java
2026-02-25 12:54:02,302 - Knowledge - INFO - Worker kw12 processing /app/data/T0015/326202/b9060hi/Rufesi/java_console/jssc/readme.txt
2026-02-25 12:54:02,428 - Knowledge - INFO - Worker kw13 processing /app/data/T0015/326202/b9060hi/Rufesi/java_console/lib/batik/LICENSE.xalan-2.6.0.txt
2026-02-25 12:54:02,562 - Knowledge - INFO - Worker kw10 processing /app/data/T0015/326202/b9060hi/Rufesi/java_console/lib/batik/LICENSE.sax.txt
2026-02-25 12:54:02,679 - Knowledge - INFO - Worker kw2 processing /app/data/T0015/326202/b9060hi/Rufesi/java_console/jssc/src/jssc/SerialNativeInterface.java
2026-02-25 12:54:02,784 - Knowledge - INFO - done ingest for /app/data/T0015/326202/b9060hi/Rufesi/java_console/romraider/src/com/romraider/swing/DefinitionManager.java
2026-02-25 12:54:02,793 - Knowledge - INFO - Async storing batch of 10 embeddings
2026-02-25 12:54:02,794 - Knowledge - INFO - process ingested knowledge for /app/data/T0015/326202/b9060hi/Rufesi/java_console/autotest/src/com/rusefi/TestingUtils.java
2026-02-25 12:54:02,808 - Knowledge - INFO - process ingested knowledge for /app/data/T0015/326202/b9060hi/Rufesi/java_console/romraider/src/com/romraider/logger/ecu/profile/UserProfileImpl.java
2026-02-25 12:54:03,163 - Knowledge - INFO - Fast-tracked /app/data/T0015/326202/b9060hi/Rufesi/java_console/jssc/readme.txt (ext=.txt, size=89)
2026-02-25 12:54:03,281 - Knowledge - INFO - Fast-tracked /app/data/T0015/326202/b9060hi/Rufesi/java_console/lib/batik/LICENSE.xalan-2.6.0.txt (ext=.txt, size=142)
2026-02-25 12:54:03,436 - Knowledge - INFO - Async storage completed for 10 embeddings
2026-02-25 12:54:03,437 - Knowledge - INFO - Fast-tracked /app/data/T0015/326202/b9060hi/Rufesi/java_console/lib/batik/LICENSE.sax.txt (ext=.txt, size=779)
2026-02-25 12:54:04,092 - Knowledge - INFO - Worker kw7 processing /app/data/T0015/326202/b9060hi/Rufesi/misc/console_launcher/rusefi_console.xml
2026-02-25 12:54:04,366 - Knowledge - INFO - process ingested knowledge for /app/data/T0015/326202/b9060hi/Rufesi/java_console/romraider/src/com/romraider/util/Platform.java
2026-02-25 12:54:04,451 - Knowledge - INFO - Worker kw12 processing /app/data/T0015/326202/b9060hi/Rufesi/java_console/lib/batik/README.xerces_2_5_0.txt
2026-02-25 12:54:04,594 - Knowledge - INFO - Worker kw13 processing /app/data/T0015/326202/b9060hi/Rufesi/java_console/lib/batik/LICENSE.js.txt
2026-02-25 12:54:04,816 - Knowledge - INFO - Worker kw10 processing /app/data/T0015/326202/b9060hi/Rufesi/java_console/lib/batik/LICENSE.pdf-transcoder.txt
2026-02-25 12:54:04,978 - Knowledge - INFO - Fast-tracked /app/data/T0015/326202/b9060hi/Rufesi/misc/console_launcher/rusefi_console.xml (ext=.xml, size=892)
2026-02-25 12:54:04,989 - Knowledge - INFO - process ingested knowledge for /app/data/T0015/326202/b9060hi/Rufesi/java_console/legal/rusefi_console_legal.txt
2026-02-25 12:54:05,255 - Knowledge - INFO - Fast-tracked /app/data/T0015/326202/b9060hi/Rufesi/java_console/lib/batik/README.xerces_2_5_0.txt (ext=.txt, size=214)
2026-02-25 12:54:05,358 - Knowledge - INFO - Fast-tracked /app/data/T0015/326202/b9060hi/Rufesi/java_console/lib/batik/LICENSE.js.txt (ext=.txt, size=46904)
2026-02-25 12:54:05,519 - Knowledge - INFO - Fast-tracked /app/data/T0015/326202/b9060hi/Rufesi/java_console/lib/batik/LICENSE.pdf-transcoder.txt (ext=.txt, size=145)
2026-02-25 12:54:05,628 - Knowledge - INFO - Worker kw7 processing /app/data/T0015/326202/b9060hi/Rufesi/misc/ms_logs/page_issue/TunerStudioAppDebug.first_launch.txt
2026-02-25 12:54:06,019 - Knowledge - INFO - Worker kw13 processing /app/data/T0015/326202/b9060hi/Rufesi/java_console/lib/batik/README.pdf-transcoder.txt
2026-02-25 12:54:06,117 - Knowledge - INFO - Worker kw10 processing /app/data/T0015/326202/b9060hi/Rufesi/java_console/lib/batik/README.js.txt
2026-02-25 12:54:06,225 - Knowledge - INFO - process ingested knowledge for /app/data/T0015/326202/b9060hi/Rufesi/java_console/romraider/src/com/romraider/logger/ecu/profile/UserProfileFileFilter.java
2026-02-25 12:54:06,243 - Knowledge - INFO - process ingested knowledge for /app/data/T0015/326202/b9060hi/Rufesi/java_console/romraider/src/com/romraider/util/JEPUtil.java
2026-02-25 12:54:06,258 - Knowledge - INFO - process ingested knowledge for /app/data/T0015/326202/b9060hi/Rufesi/java_console/romraider/src/ZoeloeSoft/projects/JFontChooser/JFontChooser.java
2026-02-25 12:54:06,313 - Knowledge - INFO - Fast-tracked /app/data/T0015/326202/b9060hi/Rufesi/misc/ms_logs/page_issue/TunerStudioAppDebug.first_launch.txt (ext=.txt, size=212054)
2026-02-25 12:54:06,435 - Knowledge - INFO - Fast-tracked /app/data/T0015/326202/b9060hi/Rufesi/java_console/lib/batik/README.pdf-transcoder.txt (ext=.txt, size=345)
2026-02-25 12:54:06,538 - Knowledge - INFO - Fast-tracked /app/data/T0015/326202/b9060hi/Rufesi/java_console/lib/batik/README.js.txt (ext=.txt, size=743)
2026-02-25 12:54:07,055 - Knowledge - INFO - Worker kw7 processing /app/data/T0015/326202/b9060hi/Rufesi/misc/ms_logs/page_issue/plain.TunerStudioAppDebug.second_launch.txt
2026-02-25 12:54:07,330 - Knowledge - INFO - Worker kw13 processing /app/data/T0015/326202/b9060hi/Rufesi/java_console/lib/batik/LICENSE.dom-documentation.txt
2026-02-25 12:54:07,561 - Knowledge - INFO - Worker kw10 processing /app/data/T0015/326202/b9060hi/Rufesi/java_console/lib/batik/LICENSE.dom-software.txt
2026-02-25 12:54:07,763 - Knowledge - INFO - Fast-tracked /app/data/T0015/326202/b9060hi/Rufesi/misc/ms_logs/page_issue/plain.TunerStudioAppDebug.second_launch.txt (ext=.txt, size=98340)
2026-02-25 12:54:07,913 - Knowledge - INFO - Fast-tracked /app/data/T0015/326202/b9060hi/Rufesi/java_console/lib/batik/LICENSE.dom-documentation.txt (ext=.txt, size=3995)
2026-02-25 12:54:08,027 - Knowledge - INFO - Fast-tracked /app/data/T0015/326202/b9060hi/Rufesi/java_console/lib/batik/LICENSE.dom-software.txt (ext=.txt, size=3544)
2026-02-25 12:54:08,132 - Knowledge - INFO - Worker kw7 processing /app/data/T0015/326202/b9060hi/Rufesi/misc/ms_logs/page_issue/plain.TunerStudioAppDebug.first_launch.txt
2026-02-25 12:54:08,154 - Knowledge - INFO - process ingested knowledge for /app/data/T0015/326202/b9060hi/Rufesi/java_console/romraider/src/com/romraider/util/LogManager.java
2026-02-25 12:54:08,279 - Knowledge - INFO - Worker kw13 processing /app/data/T0015/326202/b9060hi/Rufesi/java_console/lib/batik/README.xml-apis.txt
2026-02-25 12:54:08,300 - Knowledge - INFO - [LLM_CALL] Completed: TableMenuBar.java:chunk1, Duration: 21698ms, PromptTokens: 6406, CompletionTokens: 643, Cost: $0.00090
2026-02-25 12:54:08,400 - Knowledge - INFO - Worker kw10 processing /app/data/T0015/326202/b9060hi/Rufesi/java_console/lib/batik/README.xalan-2.6.0.txt
2026-02-25 12:54:08,610 - Knowledge - INFO - Fast-tracked /app/data/T0015/326202/b9060hi/Rufesi/misc/ms_logs/page_issue/plain.TunerStudioAppDebug.first_launch.txt (ext=.txt, size=164791)
2026-02-25 12:54:08,834 - Knowledge - INFO - Fast-tracked /app/data/T0015/326202/b9060hi/Rufesi/java_console/lib/batik/README.xml-apis.txt (ext=.txt, size=872)
2026-02-25 12:54:08,915 - Knowledge - INFO - done ingest for /app/data/T0015/326202/b9060hi/Rufesi/java_console/romraider/src/com/romraider/swing/TableMenuBar.java
2026-02-25 12:54:09,038 - Knowledge - INFO - Fast-tracked /app/data/T0015/326202/b9060hi/Rufesi/java_console/lib/batik/README.xalan-2.6.0.txt (ext=.txt, size=216)
2026-02-25 12:54:09,161 - Knowledge - INFO - Worker kw7 processing /app/data/T0015/326202/b9060hi/Rufesi/misc/ms_logs/page_issue/TunerStudioAppDebug.second_launch_trancated.txt
2026-02-25 12:54:09,266 - Knowledge - INFO - Worker kw13 processing /app/data/T0015/326202/b9060hi/Rufesi/java_console/lib/batik/LICENSE.xerces_2_5_0.txt
2026-02-25 12:54:09,472 - Knowledge - INFO - Worker kw10 processing /app/data/T0015/326202/b9060hi/Rufesi/java_console/logging/src/com/rusefi/FileLog.java
2026-02-25 12:54:09,669 - Knowledge - INFO - Fast-tracked /app/data/T0015/326202/b9060hi/Rufesi/misc/ms_logs/page_issue/TunerStudioAppDebug.second_launch_trancated.txt (ext=.txt, size=30653)
2026-02-25 12:54:09,778 - Knowledge - INFO - Fast-tracked /app/data/T0015/326202/b9060hi/Rufesi/java_console/lib/batik/LICENSE.xerces_2_5_0.txt (ext=.txt, size=2892)
2026-02-25 12:54:09,910 - Knowledge - INFO - Worker kw10 processing /app/data/T0015/326202/b9060hi/Rufesi/java_console/build.xml
2026-02-25 12:54:10,000 - Knowledge - INFO - Worker kw7 processing /app/data/T0015/326202/b9060hi/Rufesi/misc/weird_stuff/chibi_contr/misra_2004_report.txt
2026-02-25 12:54:10,105 - Knowledge - INFO - Worker kw13 processing /app/data/T0015/326202/b9060hi/Rufesi/java_console/lib/batik/README.xml-apis-ext.txt
2026-02-25 12:54:10,244 - Knowledge - INFO - Fast-tracked /app/data/T0015/326202/b9060hi/Rufesi/java_console/build.xml (ext=.xml, size=4728)
2026-02-25 12:54:10,394 - Knowledge - INFO - Fast-tracked /app/data/T0015/326202/b9060hi/Rufesi/misc/weird_stuff/chibi_contr/misra_2004_report.txt (ext=.txt, size=1193290)
2026-02-25 12:54:10,526 - Knowledge - INFO - Fast-tracked /app/data/T0015/326202/b9060hi/Rufesi/java_console/lib/batik/README.xml-apis-ext.txt (ext=.txt, size=593)
2026-02-25 12:54:10,695 - Knowledge - INFO - Worker kw10 processing /app/data/T0015/326202/b9060hi/Rufesi/work_in_progress.md
2026-02-25 12:54:10,824 - Knowledge - INFO - Worker kw7 processing /app/data/T0015/326202/b9060hi/Rufesi/misc/weird_stuff/chibi_contr/misra_1998_report.txt
2026-02-25 12:54:10,970 - Knowledge - INFO - Worker kw13 processing /app/data/T0015/326202/b9060hi/Rufesi/java_console/lib/batik/make-squiggle-app.sh
2026-02-25 12:54:11,283 - Knowledge - INFO - Fast-tracked /app/data/T0015/326202/b9060hi/Rufesi/work_in_progress.md (ext=.md, size=653)
2026-02-25 12:54:11,428 - Knowledge - INFO - Fast-tracked /app/data/T0015/326202/b9060hi/Rufesi/misc/weird_stuff/chibi_contr/misra_1998_report.txt (ext=.txt, size=1181884)
2026-02-25 12:54:11,690 - Knowledge - INFO - Fast-tracked /app/data/T0015/326202/b9060hi/Rufesi/java_console/lib/batik/make-squiggle-app.sh (small file (2807 bytes))
2026-02-25 12:54:11,866 - Knowledge - INFO - Worker kw7 processing /app/data/T0015/326202/b9060hi/Rufesi/misc/weird_stuff/hip9011_test_code/hip9011.c
2026-02-25 12:54:11,883 - Knowledge - INFO - [LLM_CALL] Completed: CustomToolbarLayout.java:chunk1, Duration: 31116ms, PromptTokens: 2290, CompletionTokens: 466, Cost: $0.00042
2026-02-25 12:54:12,007 - Knowledge - INFO - Async storage completed for 10 embeddings
2026-02-25 12:54:12,282 - Knowledge - INFO - done ingest for /app/data/T0015/326202/b9060hi/Rufesi/java_console/romraider/src/com/romraider/swing/CustomToolbarLayout.java
2026-02-25 12:54:14,526 - Knowledge - INFO - [kw6] Queue=912, InProgress=0, PendingWorkers=20/20, Completed=428/1454 (29.4%)
2026-02-25 12:54:14,752 - Knowledge - INFO - Batch sizing: calculated=8, max_allowed=10, queue=912, active_workers=20/20
2026-02-25 12:54:16,781 - Knowledge - INFO - Async storing batch of 10 embeddings
2026-02-25 12:54:17,012 - Knowledge - INFO - Worker kw6 processing /app/data/T0015/326202/b9060hi/Rufesi/misc/jenkins/InteractiveHtmlBom/readme.md
2026-02-25 12:54:17,335 - Knowledge - INFO - Fast-tracked /app/data/T0015/326202/b9060hi/Rufesi/misc/jenkins/InteractiveHtmlBom/readme.md (ext=.md, size=129)
2026-02-25 12:54:17,490 - Knowledge - INFO - [LLM_CALL] Completed: ECUEditorMenuBar.java:chunk1, Duration: 24720ms, PromptTokens: 9688, CompletionTokens: 972, Cost: $0.00136
2026-02-25 12:54:17,641 - Knowledge - INFO - Worker kw6 processing /app/data/T0015/326202/b9060hi/Rufesi/misc/hex2dfu/readme.md
2026-02-25 12:54:17,742 - Knowledge - INFO - done ingest for /app/data/T0015/326202/b9060hi/Rufesi/java_console/romraider/src/com/romraider/swing/ECUEditorMenuBar.java
2026-02-25 12:54:17,941 - Knowledge - INFO - Fast-tracked /app/data/T0015/326202/b9060hi/Rufesi/misc/hex2dfu/readme.md (ext=.md, size=111)
2026-02-25 12:54:18,204 - Knowledge - INFO - Worker kw6 processing /app/data/T0015/326202/b9060hi/Rufesi/misc/git_cheat_sheet.txt
2026-02-25 12:54:18,433 - Knowledge - INFO - [kw16] Queue=904, InProgress=0, PendingWorkers=20/20, Completed=431/1454 (29.6%)
2026-02-25 12:54:18,459 - Knowledge - INFO - Fast-tracked /app/data/T0015/326202/b9060hi/Rufesi/misc/git_cheat_sheet.txt (ext=.txt, size=2360)
2026-02-25 12:54:18,620 - Knowledge - INFO - Batch sizing: calculated=8, max_allowed=10, queue=904, active_workers=20/20
2026-02-25 12:54:18,860 - Knowledge - INFO - Worker kw6 processing /app/data/T0015/326202/b9060hi/Rufesi/misc/extract_trigger_angles.py
2026-02-25 12:54:19,191 - Knowledge - INFO - Fast-tracked /app/data/T0015/326202/b9060hi/Rufesi/misc/extract_trigger_angles.py (ext=.py, size=1400)
2026-02-25 12:54:19,432 - Knowledge - INFO - Worker kw6 processing /app/data/T0015/326202/b9060hi/Rufesi/misc/stm32f1_test_project/readme.txt
2026-02-25 12:54:19,719 - Knowledge - INFO - Fast-tracked /app/data/T0015/326202/b9060hi/Rufesi/misc/stm32f1_test_project/readme.txt (ext=.txt, size=1047)
2026-02-25 12:54:20,232 - Knowledge - INFO - [kw3] Queue=904, InProgress=0, PendingWorkers=20/20, Completed=436/1454 (30.0%)
2026-02-25 12:54:20,320 - Knowledge - INFO - Worker kw6 processing /app/data/T0015/326202/b9060hi/Rufesi/misc/stm32f1_test_project/main.c
2026-02-25 12:54:20,531 - Knowledge - INFO - Batch sizing: calculated=8, max_allowed=10, queue=904, active_workers=20/20
2026-02-25 12:54:20,604 - Knowledge - INFO - Async storage completed for 10 embeddings
2026-02-25 12:54:20,712 - Knowledge - INFO - Fast-tracked /app/data/T0015/326202/b9060hi/Rufesi/misc/stm32f1_test_project/main.c (ext=.c, size=1958)
2026-02-25 12:54:21,073 - Knowledge - INFO - Worker kw6 processing /app/data/T0015/326202/b9060hi/Rufesi/misc/stm32f1_test_project/mcuconf.h
2026-02-25 12:54:21,074 - Knowledge - INFO - Async storing batch of 10 embeddings
2026-02-25 12:54:21,323 - Knowledge - INFO - Worker kw6 processing /app/data/T0015/326202/b9060hi/Rufesi/misc/stm32f1_test_project/halconf.h
2026-02-25 12:54:21,448 - Knowledge - INFO - Worker kw16 processing /app/data/T0015/326202/b9060hi/Rufesi/misc/stm32f1_test_project/chconf.h
2026-02-25 12:54:21,461 - Knowledge - INFO - Processing batch of 8 files
2026-02-25 12:54:21,678 - Knowledge - INFO - Worker kw16 processing /app/data/T0015/326202/b9060hi/Rufesi/misc/www/style/font/font_info.txt
2026-02-25 12:54:21,763 - Knowledge - INFO - Async storage completed for 10 embeddings
2026-02-25 12:54:21,776 - Knowledge - INFO - process ingested knowledge for /app/data/T0015/326202/b9060hi/Rufesi/java_console/lib/batik/LICENSE.xalan-2.6.0.txt
2026-02-25 12:54:21,810 - Knowledge - INFO - [LLM_CALL] Completed: ByteUtil.java:chunk1, Duration: 34218ms, PromptTokens: 2450, CompletionTokens: 509, Cost: $0.00045
2026-02-25 12:54:21,979 - Knowledge - INFO - Fast-tracked /app/data/T0015/326202/b9060hi/Rufesi/misc/www/style/font/font_info.txt (ext=.txt, size=94)
2026-02-25 12:54:22,468 - Knowledge - INFO - done ingest for /app/data/T0015/326202/b9060hi/Rufesi/java_console/romraider/src/com/romraider/util/ByteUtil.java
2026-02-25 12:54:22,511 - Knowledge - INFO - Async storing batch of 10 embeddings
2026-02-25 12:54:22,584 - Knowledge - INFO - Worker kw16 processing /app/data/T0015/326202/b9060hi/Rufesi/misc/www/forum/styles/template/overall_header.html
2026-02-25 12:54:22,967 - Knowledge - INFO - Worker kw3 processing /app/data/T0015/326202/b9060hi/Rufesi/misc/git_scripts/readme.md
2026-02-25 12:54:23,112 - Knowledge - INFO - Worker kw16 processing /app/data/T0015/326202/b9060hi/Rufesi/misc/www/forum/styles/template/overall_footer.html
2026-02-25 12:54:23,324 - Knowledge - INFO - Fast-tracked /app/data/T0015/326202/b9060hi/Rufesi/misc/git_scripts/readme.md (ext=.md, size=157)
2026-02-25 12:54:23,476 - Knowledge - INFO - process ingested knowledge for /app/data/T0015/326202/b9060hi/Rufesi/java_console/lib/batik/LICENSE.js.txt
2026-02-25 12:54:23,723 - Knowledge - INFO - Worker kw16 processing /app/data/T0015/326202/b9060hi/Rufesi/misc/www/forum/styles/prosilver/theme/common.css
2026-02-25 12:54:23,813 - Knowledge - INFO - Processing batch of 10 files
2026-02-25 12:54:23,818 - Knowledge - INFO - [LLM_CALL] Completed: SettingsManager.java:chunk1, Duration: 38441ms, PromptTokens: 2334, CompletionTokens: 520, Cost: $0.00044
2026-02-25 12:54:23,898 - Knowledge - INFO - Worker kw3 processing /app/data/T0015/326202/b9060hi/Rufesi/misc/benchmark_reports.txt
2026-02-25 12:54:24,144 - Knowledge - INFO - Fast-tracked /app/data/T0015/326202/b9060hi/Rufesi/misc/www/forum/styles/prosilver/theme/common.css (ext=.css, size=20366)
2026-02-25 12:54:24,249 - Knowledge - INFO - process ingested knowledge for /app/data/T0015/326202/b9060hi/Rufesi/java_console/romraider/src/com/romraider/swing/TableMenuItem.java
2026-02-25 12:54:24,417 - Knowledge - INFO - done ingest for /app/data/T0015/326202/b9060hi/Rufesi/java_console/romraider/src/com/romraider/util/SettingsManager.java
2026-02-25 12:54:24,426 - Knowledge - INFO - [WEBSOCKET] Sent: Type=progress_update, Size: 296, Duration: 0ms
2026-02-25 12:54:24,497 - Knowledge - INFO - process ingested knowledge for /app/data/T0015/326202/b9060hi/Rufesi/java_console/lib/batik/README.pdf-transcoder.txt
2026-02-25 12:54:24,522 - Knowledge - INFO - Fast-tracked /app/data/T0015/326202/b9060hi/Rufesi/misc/benchmark_reports.txt (ext=.txt, size=952)
2026-02-25 12:54:24,611 - Knowledge - INFO - Worker kw16 processing /app/data/T0015/326202/b9060hi/Rufesi/misc/www/forum/styles/prosilver/theme/colours.css
2026-02-25 12:54:25,040 - Knowledge - INFO - [WEBSOCKET] Sent: Type=unknown, Size: ?, Duration: 615ms
2026-02-25 12:54:25,385 - Knowledge - INFO - Worker kw3 processing /app/data/T0015/326202/b9060hi/Rufesi/unit_tests/map_resize.cpp
2026-02-25 12:54:25,537 - Knowledge - INFO - Fast-tracked /app/data/T0015/326202/b9060hi/Rufesi/misc/www/forum/styles/prosilver/theme/colours.css (ext=.css, size=25431)
2026-02-25 12:54:25,685 - Knowledge - INFO - Progress: 30.7% | Files: 446/1454 | Rate: 1.40 files/sec | Queue: 888
2026-02-25 12:54:25,895 - Knowledge - INFO - Worker kw3 processing /app/data/T0015/326202/b9060hi/Rufesi/unit_tests/adc_inputs.h
2026-02-25 12:54:26,015 - Knowledge - INFO - Worker kw16 processing /app/data/T0015/326202/b9060hi/Rufesi/misc/www/forum/ext/ernadoo/qte/event/main_listener.php
2026-02-25 12:54:26,141 - Knowledge - INFO - process ingested knowledge for /app/data/T0015/326202/b9060hi/Rufesi/java_console/romraider/src/com/romraider/swing/CustomToolbarLayout.java
2026-02-25 12:54:26,392 - Knowledge - INFO - Fast-tracked /app/data/T0015/326202/b9060hi/Rufesi/unit_tests/adc_inputs.h (ext=.h, size=172)
2026-02-25 12:54:26,625 - Knowledge - INFO - Worker kw16 processing /app/data/T0015/326202/b9060hi/Rufesi/misc/www/error404.html
2026-02-25 12:54:26,899 - Knowledge - INFO - Worker kw3 processing /app/data/T0015/326202/b9060hi/Rufesi/unit_tests/gmock-all.cpp
2026-02-25 12:54:26,921 - Knowledge - INFO - Fast-tracked /app/data/T0015/326202/b9060hi/Rufesi/java_console/romraider/src/com/romraider/swing/JProgressPane.java (small file (2580 bytes))
2026-02-25 12:54:27,212 - Knowledge - INFO - Fast-tracked /app/data/T0015/326202/b9060hi/Rufesi/misc/www/error404.html (ext=.html, size=323)
2026-02-25 12:54:27,247 - Knowledge - INFO - process ingested knowledge for /app/data/T0015/326202/b9060hi/Rufesi/java_console/lib/batik/LICENSE.dom-documentation.txt
2026-02-25 12:54:27,255 - Knowledge - INFO - [kw4] Queue=888, InProgress=0, PendingWorkers=20/20, Completed=446/1454 (30.7%)
2026-02-25 12:54:27,271 - Knowledge - INFO - [kw8] Queue=888, InProgress=0, PendingWorkers=20/20, Completed=446/1454 (30.7%)
2026-02-25 12:54:27,281 - Knowledge - INFO - process ingested knowledge for /app/data/T0015/326202/b9060hi/Rufesi/java_console/romraider/src/com/romraider/swing/SwitchStateTableModel.java
2026-02-25 12:54:27,344 - Knowledge - INFO - Fast-tracked /app/data/T0015/326202/b9060hi/Rufesi/unit_tests/gmock-all.cpp (ext=.cpp, size=413)
2026-02-25 12:54:27,481 - Knowledge - INFO - Async storage completed for 10 embeddings
2026-02-25 12:54:27,544 - Knowledge - INFO - [LLM_CALL] Completed: ParamChecker.java:chunk1, Duration: 28761ms, PromptTokens: 2374, CompletionTokens: 456, Cost: $0.00042
2026-02-25 12:54:27,846 - Knowledge - INFO - [kw5] Queue=888, InProgress=0, PendingWorkers=20/20, Completed=446/1454 (30.7%)
2026-02-25 12:54:27,860 - Knowledge - INFO - process ingested knowledge for /app/data/T0015/326202/b9060hi/Rufesi/java_console/lib/batik/README.xml-apis.txt
2026-02-25 12:54:27,868 - Knowledge - INFO - Batch sizing: calculated=8, max_allowed=10, queue=888, active_workers=20/20
2026-02-25 12:54:28,029 - Knowledge - INFO - Batch sizing: calculated=8, max_allowed=10, queue=888, active_workers=20/20
2026-02-25 12:54:28,240 - Knowledge - INFO - process ingested knowledge for /app/data/T0015/326202/b9060hi/Rufesi/java_console/romraider/src/com/romraider/swing/TableMenuBar.java
2026-02-25 12:54:28,422 - Knowledge - INFO - Worker kw3 processing /app/data/T0015/326202/b9060hi/Rufesi/unit_tests/boards.cpp
2026-02-25 12:54:28,719 - Knowledge - INFO - done ingest for /app/data/T0015/326202/b9060hi/Rufesi/java_console/romraider/src/com/romraider/util/ParamChecker.java
2026-02-25 12:54:28,864 - Knowledge - INFO - Batch sizing: calculated=8, max_allowed=10, queue=888, active_workers=20/20
2026-02-25 12:54:28,882 - Knowledge - INFO - [kw19] Queue=888, InProgress=0, PendingWorkers=20/20, Completed=446/1454 (30.7%)
2026-02-25 12:54:28,990 - Knowledge - INFO - process ingested knowledge for /app/data/T0015/326202/b9060hi/Rufesi/java_console/lib/batik/LICENSE.xerces_2_5_0.txt
2026-02-25 12:54:29,040 - Knowledge - INFO - [LLM_CALL] Completed: MDIDesktopPane.java:chunk1, Duration: 48346ms, PromptTokens: 5078, CompletionTokens: 3478, Cost: $0.00190
2026-02-25 12:54:29,406 - Knowledge - INFO - process ingested knowledge for /app/data/T0015/326202/b9060hi/Rufesi/java_console/romraider/src/com/romraider/swing/ParameterIdsTableModel.java
2026-02-25 12:54:29,574 - Knowledge - INFO - Fast-tracked /app/data/T0015/326202/b9060hi/Rufesi/unit_tests/boards.cpp (ext=.cpp, size=549)
2026-02-25 12:54:29,999 - Knowledge - INFO - Batch sizing: calculated=8, max_allowed=10, queue=888, active_workers=20/20
2026-02-25 12:54:30,196 - Knowledge - INFO - process ingested knowledge for /app/data/T0015/326202/b9060hi/Rufesi/java_console/lib/batik/README.xml-apis-ext.txt
2026-02-25 12:54:30,317 - Knowledge - INFO - done ingest for /app/data/T0015/326202/b9060hi/Rufesi/java_console/romraider/src/com/romraider/swing/MDIDesktopPane.java
2026-02-25 12:54:30,363 - Knowledge - INFO - Async storing batch of 8 embeddings
2026-02-25 12:54:30,365 - Knowledge - INFO - Async storing batch of 10 embeddings
2026-02-25 12:54:30,374 - Knowledge - INFO - Async storing batch of 10 embeddings
2026-02-25 12:54:30,374 - Knowledge - INFO - [LLM_CALL] Completed: hip9011.c:chunk1, Duration: 18084ms, PromptTokens: 4746, CompletionTokens: 362, Cost: $0.00062
2026-02-25 12:54:30,459 - Knowledge - INFO - process ingested knowledge for /app/data/T0015/326202/b9060hi/Rufesi/java_console/romraider/src/com/romraider/swing/menubar/MenuItem.java
2026-02-25 12:54:30,559 - Knowledge - INFO - Worker kw3 processing /app/data/T0015/326202/b9060hi/Rufesi/unit_tests/readme.txt
2026-02-25 12:54:30,930 - Knowledge - INFO - process ingested knowledge for /app/data/T0015/326202/b9060hi/Rufesi/java_console/lib/batik/make-squiggle-app.sh
2026-02-25 12:54:31,212 - Knowledge - INFO - Worker kw4 processing /app/data/T0015/326202/b9060hi/Rufesi/unit_tests/afm2mapConverter.h
2026-02-25 12:54:31,363 - Knowledge - INFO - Worker kw8 processing /app/data/T0015/326202/b9060hi/Rufesi/unit_tests/main.cpp
2026-02-25 12:54:31,547 - Knowledge - INFO - Worker kw5 processing /app/data/T0015/326202/b9060hi/Rufesi/unit_tests/map_resize.h
2026-02-25 12:54:31,659 - Knowledge - INFO - done ingest for /app/data/T0015/326202/b9060hi/Rufesi/misc/weird_stuff/hip9011_test_code/hip9011.c
2026-02-25 12:54:31,661 - Knowledge - INFO - [LLM_CALL] Completed: ObjectCloner.java:chunk1, Duration: 37899ms, PromptTokens: 2176, CompletionTokens: 305, Cost: $0.00034
2026-02-25 12:54:31,815 - Knowledge - INFO - process ingested knowledge for /app/data/T0015/326202/b9060hi/Rufesi/java_console/romraider/src/com/romraider/swing/menubar/Menu.java
2026-02-25 12:54:31,950 - Knowledge - INFO - Fast-tracked /app/data/T0015/326202/b9060hi/Rufesi/unit_tests/readme.txt (ext=.txt, size=376)
2026-02-25 12:54:32,271 - Knowledge - INFO - Fast-tracked /app/data/T0015/326202/b9060hi/Rufesi/unit_tests/afm2mapConverter.h (ext=.h, size=225)
2026-02-25 12:54:32,390 - Knowledge - INFO - Fast-tracked /app/data/T0015/326202/b9060hi/Rufesi/unit_tests/main.cpp (ext=.cpp, size=1658)
2026-02-25 12:54:32,562 - Knowledge - INFO - Fast-tracked /app/data/T0015/326202/b9060hi/Rufesi/unit_tests/map_resize.h (ext=.h, size=196)
2026-02-25 12:54:32,741 - Knowledge - INFO - done ingest for /app/data/T0015/326202/b9060hi/Rufesi/java_console/romraider/src/com/romraider/util/ObjectCloner.java
2026-02-25 12:54:32,761 - Knowledge - INFO - Async storing batch of 10 embeddings
2026-02-25 12:54:32,778 - Knowledge - INFO - Processing batch of 10 files
2026-02-25 12:54:32,899 - Knowledge - INFO - [LLM_CALL] Completed: FileLog.java:chunk1, Duration: 21097ms, PromptTokens: 2218, CompletionTokens: 684, Cost: $0.00050
2026-02-25 12:54:32,919 - Knowledge - INFO - process ingested knowledge for /app/data/T0015/326202/b9060hi/Rufesi/java_console/romraider/src/com/romraider/swing/ECUImageFilter.java
2026-02-25 12:54:32,997 - Knowledge - INFO - Worker kw3 processing /app/data/T0015/326202/b9060hi/Rufesi/unit_tests/unit_test_framework.h
2026-02-25 12:54:33,204 - Knowledge - INFO - Worker kw4 processing /app/data/T0015/326202/b9060hi/Rufesi/unit_tests/test_basic_math/test_find_index.cpp
2026-02-25 12:54:33,344 - Knowledge - INFO - Worker kw8 processing /app/data/T0015/326202/b9060hi/Rufesi/unit_tests/global_execution_queue.h
2026-02-25 12:54:33,466 - Knowledge - INFO - Worker kw5 processing /app/data/T0015/326202/b9060hi/Rufesi/unit_tests/engine_test_helper.cpp
2026-02-25 12:54:33,732 - Knowledge - INFO - Worker kw19 processing /app/data/T0015/326202/b9060hi/Rufesi/unit_tests/tests/test_trigger_noiseless.cpp
2026-02-25 12:54:33,902 - Knowledge - INFO - process ingested knowledge for /app/data/T0015/326202/b9060hi/Rufesi/java_console/romraider/src/com/romraider/logger/ecu/comms/manager/TransmissionManager.java
2026-02-25 12:54:34,009 - Knowledge - INFO - done ingest for /app/data/T0015/326202/b9060hi/Rufesi/java_console/logging/src/com/rusefi/FileLog.java
2026-02-25 12:54:34,142 - Knowledge - INFO - Processing batch of 8 files
2026-02-25 12:54:34,151 - Knowledge - INFO - process ingested knowledge for /app/data/T0015/326202/b9060hi/Rufesi/java_console/romraider/src/com/romraider/swing/TableTreeNode.java
2026-02-25 12:54:34,240 - Knowledge - INFO - [LLM_CALL] Completed: ECUExec.java:chunk1, Duration: 34264ms, PromptTokens: 2798, CompletionTokens: 682, Cost: $0.00055
2026-02-25 12:54:34,253 - Knowledge - INFO - Fast-tracked /app/data/T0015/326202/b9060hi/Rufesi/unit_tests/unit_test_framework.h (ext=.h, size=847)
2026-02-25 12:54:34,839 - Knowledge - INFO - Worker kw4 processing /app/data/T0015/326202/b9060hi/Rufesi/unit_tests/test_basic_math/test_interpolation_3d.cpp
2026-02-25 12:54:34,957 - Knowledge - INFO - Fast-tracked /app/data/T0015/326202/b9060hi/Rufesi/unit_tests/global_execution_queue.h (ext=.h, size=688)
2026-02-25 12:54:35,049 - Knowledge - INFO - Fast-tracked /app/data/T0015/326202/b9060hi/Rufesi/java_console/jssc/src/jssc/SerialPortTimeoutException.java (small file (2043 bytes))
2026-02-25 12:54:35,049 - Knowledge - INFO - Worker kw5 processing /app/data/T0015/326202/b9060hi/Rufesi/unit_tests/triggers.txt
2026-02-25 12:54:35,184 - Knowledge - INFO - Fast-tracked /app/data/T0015/326202/b9060hi/Rufesi/unit_tests/tests/test_trigger_noiseless.cpp (ext=.cpp, size=7383)
2026-02-25 12:54:35,489 - Knowledge - INFO - process ingested knowledge for /app/data/T0015/326202/b9060hi/Rufesi/java_console/romraider/src/com/romraider/logger/ecu/comms/manager/TransmissionManagerImpl.java
2026-02-25 12:54:35,532 - Knowledge - INFO - process ingested knowledge for /app/data/T0015/326202/b9060hi/Rufesi/misc/console_launcher/rusefi_console.xml
2026-02-25 12:54:35,727 - Knowledge - INFO - process ingested knowledge for /app/data/T0015/326202/b9060hi/Rufesi/java_console/romraider/src/com/romraider/swing/ECUEditorMenuBar.java
2026-02-25 12:54:35,803 - Knowledge - INFO - done ingest for /app/data/T0015/326202/b9060hi/Rufesi/java_console/romraider/src/com/romraider/ECUExec.java
2026-02-25 12:54:35,804 - Knowledge - INFO - Processing batch of 8 files
2026-02-25 12:54:35,806 - Knowledge - INFO - [LLM_CALL] Completed: ThreadCheckingRepaintManager.java:chunk1, Duration: 45049ms, PromptTokens: 2218, CompletionTokens: 641, Cost: $0.00048
2026-02-25 12:54:36,016 - Knowledge - INFO - Worker kw4 processing /app/data/T0015/326202/b9060hi/Rufesi/unit_tests/test_basic_math/test_find_index.h
2026-02-25 12:54:36,132 - Knowledge - INFO - Worker kw8 processing /app/data/T0015/326202/b9060hi/Rufesi/unit_tests/gtest-all.cpp
2026-02-25 12:54:36,305 - Knowledge - INFO - Fast-tracked /app/data/T0015/326202/b9060hi/Rufesi/unit_tests/triggers.txt (ext=.txt, size=49418)
2026-02-25 12:54:36,414 - Knowledge - INFO - Worker kw19 processing /app/data/T0015/326202/b9060hi/Rufesi/unit_tests/tests/test_maf2map.cpp
2026-02-25 12:54:36,706 - Knowledge - INFO - Async storage completed for 10 embeddings
2026-02-25 12:54:36,711 - Knowledge - INFO - process ingested knowledge for /app/data/T0015/326202/b9060hi/Rufesi/java_console/romraider/src/com/romraider/io/connection/ConnectionProperties.java
2026-02-25 12:54:36,834 - Knowledge - INFO - process ingested knowledge for /app/data/T0015/326202/b9060hi/Rufesi/misc/ms_logs/page_issue/TunerStudioAppDebug.first_launch.txt
2026-02-25 12:54:37,024 - Knowledge - INFO - Async storage completed for 10 embeddings
2026-02-25 12:54:37,223 - Knowledge - INFO - process ingested knowledge for /app/data/T0015/326202/b9060hi/Rufesi/java_console/lib/batik/LICENSE.sax.txt
2026-02-25 12:54:37,313 - Knowledge - INFO - done ingest for /app/data/T0015/326202/b9060hi/Rufesi/java_console/romraider/src/com/romraider/util/ThreadCheckingRepaintManager.java
2026-02-25 12:54:37,410 - Knowledge - INFO - Fast-tracked /app/data/T0015/326202/b9060hi/Rufesi/unit_tests/test_basic_math/test_find_index.h (ext=.h, size=220)
2026-02-25 12:54:37,542 - Knowledge - INFO - Async storage completed for 10 embeddings
2026-02-25 12:54:37,560 - Knowledge - INFO - Fast-tracked /app/data/T0015/326202/b9060hi/Rufesi/unit_tests/gtest-all.cpp (ext=.cpp, size=508)
2026-02-25 12:54:37,585 - Knowledge - INFO - [kw13] Queue=856, InProgress=0, PendingWorkers=20/20, Completed=472/1454 (32.5%)
2026-02-25 12:54:37,708 - Knowledge - INFO - Worker kw5 processing /app/data/T0015/326202/b9060hi/Rufesi/unit_tests/afm2mapConverter.cpp
2026-02-25 12:54:37,828 - Knowledge - INFO - Fast-tracked /app/data/T0015/326202/b9060hi/Rufesi/unit_tests/tests/test_maf2map.cpp (ext=.cpp, size=688)
2026-02-25 12:54:38,020 - Knowledge - INFO - process ingested knowledge for /app/data/T0015/326202/b9060hi/Rufesi/java_console/romraider/src/com/romraider/io/connection/ConnectionManager.java
2026-02-25 12:54:38,454 - Knowledge - INFO - process ingested knowledge for /app/data/T0015/326202/b9060hi/Rufesi/misc/ms_logs/page_issue/plain.TunerStudioAppDebug.second_launch.txt
2026-02-25 12:54:38,455 - Knowledge - INFO - process ingested knowledge for /app/data/T0015/326202/b9060hi/Rufesi/java_console/lib/batik/LICENSE.pdf-transcoder.txt
2026-02-25 12:54:38,488 - Knowledge - INFO - Processing batch of 10 files
2026-02-25 12:54:38,591 - Knowledge - INFO - Worker kw4 processing /app/data/T0015/326202/b9060hi/Rufesi/unit_tests/test_basic_math/test_interpolation_3d.h
2026-02-25 12:54:38,895 - Knowledge - INFO - Worker kw8 processing /app/data/T0015/326202/b9060hi/Rufesi/unit_tests/boards.h
2026-02-25 12:54:39,016 - Knowledge - INFO - Batch sizing: calculated=8, max_allowed=10, queue=856, active_workers=20/20
2026-02-25 12:54:39,157 - Knowledge - INFO - Worker kw5 processing /app/data/T0015/326202/b9060hi/Rufesi/unit_tests/unit_test_framework.cpp
2026-02-25 12:54:39,289 - Knowledge - INFO - Worker kw19 processing /app/data/T0015/326202/b9060hi/Rufesi/unit_tests/tests/test_accel_enrichment.cpp
2026-02-25 12:54:39,810 - Knowledge - INFO - process ingested knowledge for /app/data/T0015/326202/b9060hi/Rufesi/java_console/romraider/src/com/romraider/io/connection/ConnectionPropertiesImpl.java
2026-02-25 12:54:39,823 - Knowledge - INFO - process ingested knowledge for /app/data/T0015/326202/b9060hi/Rufesi/misc/ms_logs/page_issue/plain.TunerStudioAppDebug.first_launch.txt
2026-02-25 12:54:39,851 - Knowledge - INFO - process ingested knowledge for /app/data/T0015/326202/b9060hi/Rufesi/java_console/lib/batik/README.js.txt
2026-02-25 12:54:39,887 - Knowledge - INFO - process ingested knowledge for /app/data/T0015/326202/b9060hi/Rufesi/java_console/romraider/src/com/romraider/util/SettingsManager.java
2026-02-25 12:54:39,999 - Knowledge - INFO - Fast-tracked /app/data/T0015/326202/b9060hi/Rufesi/unit_tests/test_basic_math/test_interpolation_3d.h (ext=.h, size=239)
2026-02-25 12:54:40,157 - Knowledge - INFO - Fast-tracked /app/data/T0015/326202/b9060hi/Rufesi/unit_tests/boards.h (ext=.h, size=436)
2026-02-25 12:54:40,284 - Knowledge - INFO - Async storing batch of 8 embeddings
2026-02-25 12:54:40,368 - Knowledge - INFO - [LLM_CALL] Completed: XMLFilter.java:chunk1, Duration: 47840ms, PromptTokens: 2176, CompletionTokens: 585, Cost: $0.00045
2026-02-25 12:54:40,392 - Knowledge - INFO - Fast-tracked /app/data/T0015/326202/b9060hi/Rufesi/unit_tests/unit_test_framework.cpp (ext=.cpp, size=1423)
2026-02-25 12:54:40,497 - Knowledge - INFO - Fast-tracked /app/data/T0015/326202/b9060hi/Rufesi/unit_tests/tests/test_accel_enrichment.cpp (ext=.cpp, size=1900)
2026-02-25 12:54:40,616 - Knowledge - INFO - process ingested knowledge for /app/data/T0015/326202/b9060hi/Rufesi/java_console/romraider/src/com/romraider/swing/RomTreeRootNode.java
2026-02-25 12:54:40,690 - Knowledge - INFO - process ingested knowledge for /app/data/T0015/326202/b9060hi/Rufesi/misc/ms_logs/page_issue/TunerStudioAppDebug.second_launch_trancated.txt
2026-02-25 12:54:41,067 - Knowledge - INFO - process ingested knowledge for /app/data/T0015/326202/b9060hi/Rufesi/java_console/lib/batik/LICENSE.dom-software.txt
2026-02-25 12:54:41,086 - Knowledge - INFO - process ingested knowledge for /app/data/T0015/326202/b9060hi/Rufesi/java_console/romraider/src/com/romraider/util/AxisRange.java
2026-02-25 12:54:41,100 - Knowledge - INFO - Worker kw4 processing /app/data/T0015/326202/b9060hi/Rufesi/unit_tests/test_basic_math/test_efilib.cpp
2026-02-25 12:54:41,288 - Knowledge - INFO - Worker kw8 processing /app/data/T0015/326202/b9060hi/Rufesi/unit_tests/rules.mk
2026-02-25 12:54:41,483 - Knowledge - INFO - Worker kw13 processing /app/data/T0015/326202/b9060hi/Rufesi/unit_tests/tests/test_fasterEngineSpinningUp.cpp
2026-02-25 12:54:41,659 - Knowledge - INFO - done ingest for /app/data/T0015/326202/b9060hi/Rufesi/java_console/romraider/src/com/romraider/swing/XMLFilter.java
2026-02-25 12:54:41,688 - Knowledge - INFO - Async storage completed for 10 embeddings
2026-02-25 12:54:41,780 - Knowledge - INFO - [WEBSOCKET] Sent: Type=progress_update, Size: 296, Duration: 0ms
2026-02-25 12:54:41,815 - Knowledge - INFO - Worker kw5 processing /app/data/T0015/326202/b9060hi/Rufesi/unit_tests/tests/test_speed_density.cpp
2026-02-25 12:54:41,958 - Knowledge - INFO - Worker kw19 processing /app/data/T0015/326202/b9060hi/Rufesi/unit_tests/tests/test_hip9011.cpp
2026-02-25 12:54:42,056 - Knowledge - INFO - process ingested knowledge for /app/data/T0015/326202/b9060hi/Rufesi/java_console/romraider/src/com/romraider/swing/MDIDesktopPane.java
2026-02-25 12:54:42,186 - Knowledge - INFO - process ingested knowledge for /app/data/T0015/326202/b9060hi/Rufesi/misc/weird_stuff/chibi_contr/misra_2004_report.txt
2026-02-25 12:54:42,322 - Knowledge - INFO - process ingested knowledge for /app/data/T0015/326202/b9060hi/Rufesi/java_console/lib/batik/README.xalan-2.6.0.txt
2026-02-25 12:54:42,404 - Knowledge - INFO - process ingested knowledge for /app/data/T0015/326202/b9060hi/Rufesi/java_console/romraider/src/com/romraider/util/proxy/Proxifier.java
2026-02-25 12:54:42,546 - Knowledge - INFO - Fast-tracked /app/data/T0015/326202/b9060hi/Rufesi/unit_tests/test_basic_math/test_efilib.cpp (ext=.cpp, size=393)
2026-02-25 12:54:42,679 - Knowledge - INFO - Worker kw8 processing /app/data/T0015/326202/b9060hi/Rufesi/unit_tests/global_execution_queue.cpp
2026-02-25 12:54:42,745 - Knowledge - INFO - Fast-tracked /app/data/T0015/326202/b9060hi/Rufesi/unit_tests/tests/test_fasterEngineSpinningUp.cpp (ext=.cpp, size=5232)
2026-02-25 12:54:43,206 - Knowledge - INFO - [WEBSOCKET] Sent: Type=unknown, Size: ?, Duration: 1426ms
2026-02-25 12:54:43,334 - Knowledge - INFO - Fast-tracked /app/data/T0015/326202/b9060hi/Rufesi/unit_tests/tests/test_speed_density.cpp (ext=.cpp, size=968)
2026-02-25 12:54:43,570 - Knowledge - INFO - Fast-tracked /app/data/T0015/326202/b9060hi/Rufesi/unit_tests/tests/test_hip9011.cpp (ext=.cpp, size=3135)
2026-02-25 12:54:43,599 - Knowledge - INFO - process ingested knowledge for /app/data/T0015/326202/b9060hi/Rufesi/java_console/romraider/src/com/romraider/swing/ScalesTableModel.java
2026-02-25 12:54:43,784 - Knowledge - INFO - process ingested knowledge for /app/data/T0015/326202/b9060hi/Rufesi/misc/weird_stuff/chibi_contr/misra_1998_report.txt
2026-02-25 12:54:43,835 - Knowledge - INFO - process ingested knowledge for /app/data/T0015/326202/b9060hi/Rufesi/java_console/logging/src/com/rusefi/FileLog.java
2026-02-25 12:54:43,966 - Knowledge - INFO - process ingested knowledge for /app/data/T0015/326202/b9060hi/Rufesi/java_console/romraider/src/com/romraider/util/proxy/TimerWrapper.java
2026-02-25 12:54:44,118 - Knowledge - INFO - Worker kw4 processing /app/data/T0015/326202/b9060hi/Rufesi/unit_tests/engine_test_helper.h
2026-02-25 12:54:44,352 - Knowledge - INFO - Fast-tracked /app/data/T0015/326202/b9060hi/Rufesi/unit_tests/global_execution_queue.cpp (ext=.cpp, size=1126)
2026-02-25 12:54:44,353 - Knowledge - INFO - Worker kw13 processing /app/data/T0015/326202/b9060hi/Rufesi/unit_tests/tests/test_util.cpp
2026-02-25 12:54:44,565 - Knowledge - INFO - Progress: 33.1% | Files: 482/1454 | Rate: 1.43 files/sec | Queue: 848
2026-02-25 12:54:44,615 - Knowledge - INFO - [LLM_CALL] Completed: mcuconf.h:chunk1, Duration: 23026ms, PromptTokens: 4274, CompletionTokens: 204, Cost: $0.00051
2026-02-25 12:54:44,698 - Knowledge - INFO - Async storage completed for 10 embeddings
2026-02-25 12:54:44,784 - Knowledge - INFO - Worker kw5 processing /app/data/T0015/326202/b9060hi/Rufesi/unit_tests/tests/test_fuelCut.cpp
2026-02-25 12:54:44,864 - Knowledge - INFO - Async storage completed for 10 embeddings
2026-02-25 12:54:44,932 - Knowledge - INFO - Worker kw19 processing /app/data/T0015/326202/b9060hi/Rufesi/unit_tests/tests/test_signal_executor.cpp
2026-02-25 12:54:45,005 - Knowledge - INFO - process ingested knowledge for /app/data/T0015/326202/b9060hi/Rufesi/java_console/romraider/src/com/romraider/swing/DefinitionManager.java
2026-02-25 12:54:45,144 - Knowledge - INFO - process ingested knowledge for /app/data/T0015/326202/b9060hi/Rufesi/misc/weird_stuff/hip9011_test_code/hip9011.c
2026-02-25 12:54:45,236 - Knowledge - INFO - process ingested knowledge for /app/data/T0015/326202/b9060hi/Rufesi/java_console/build.xml
2026-02-25 12:54:45,468 - Knowledge - INFO - process ingested knowledge for /app/data/T0015/326202/b9060hi/Rufesi/java_console/romraider/src/com/romraider/util/proxy/Wrapper.java
2026-02-25 12:54:45,628 - Knowledge - INFO - Worker kw4 processing /app/data/T0015/326202/b9060hi/Rufesi/unit_tests/test.mk
2026-02-25 12:54:45,716 - Knowledge - INFO - Worker kw8 processing /app/data/T0015/326202/b9060hi/Rufesi/unit_tests/globalaccess.h
2026-02-25 12:54:45,894 - Knowledge - INFO - Fast-tracked /app/data/T0015/326202/b9060hi/Rufesi/unit_tests/tests/test_util.cpp (ext=.cpp, size=13793)
2026-02-25 12:54:46,048 - Knowledge - INFO - [kw15] Queue=848, InProgress=0, PendingWorkers=20/20, Completed=482/1454 (33.1%)
2026-02-25 12:54:46,193 - Knowledge - INFO - done ingest for /app/data/T0015/326202/b9060hi/Rufesi/misc/stm32f1_test_project/mcuconf.h
2026-02-25 12:54:46,482 - Knowledge - INFO - Fast-tracked /app/data/T0015/326202/b9060hi/Rufesi/unit_tests/tests/test_fuelCut.cpp (ext=.cpp, size=4602)
2026-02-25 12:54:46,802 - Knowledge - INFO - Fast-tracked /app/data/T0015/326202/b9060hi/Rufesi/unit_tests/tests/test_signal_executor.cpp (ext=.cpp, size=4069)
2026-02-25 12:54:46,856 - Knowledge - INFO - process ingested knowledge for /app/data/T0015/326202/b9060hi/Rufesi/java_console/romraider/src/com/romraider/swing/CategoryTreeNode.java
2026-02-25 12:54:47,498 - Knowledge - INFO - Fast-tracked /app/data/T0015/326202/b9060hi/Rufesi/unit_tests/test.mk (ext=.mk, size=978)
2026-02-25 12:54:47,518 - Knowledge - INFO - process ingested knowledge for /app/data/T0015/326202/b9060hi/Rufesi/work_in_progress.md
2026-02-25 12:54:47,533 - Knowledge - INFO - process ingested knowledge for /app/data/T0015/326202/b9060hi/Rufesi/java_console/romraider/src/com/romraider/util/ByteUtil.java
2026-02-25 12:54:47,764 - Knowledge - INFO - Worker kw13 processing /app/data/T0015/326202/b9060hi/Rufesi/unit_tests/tests/test_idle_controller.cpp
2026-02-25 12:54:47,765 - Knowledge - INFO - Fast-tracked /app/data/T0015/326202/b9060hi/Rufesi/unit_tests/globalaccess.h (ext=.h, size=1208)
2026-02-25 12:54:47,865 - Knowledge - INFO - Batch sizing: calculated=8, max_allowed=10, queue=848, active_workers=20/20
2026-02-25 12:54:48,155 - Knowledge - INFO - Worker kw5 processing /app/data/T0015/326202/b9060hi/Rufesi/unit_tests/tests/test_on_demand_parameters.cpp
2026-02-25 12:54:48,366 - Knowledge - INFO - Worker kw19 processing /app/data/T0015/326202/b9060hi/Rufesi/unit_tests/tests/test_pwm_generator.cpp
2026-02-25 12:54:48,714 - Knowledge - INFO - Fast-tracked /app/data/T0015/326202/b9060hi/Rufesi/unit_tests/test_basic_math/test_find_index.cpp (small file (2707 bytes))
2026-02-25 12:54:49,376 - Knowledge - INFO - Fast-tracked /app/data/T0015/326202/b9060hi/Rufesi/unit_tests/tests/test_idle_controller.cpp (ext=.cpp, size=1601)
2026-02-25 12:54:49,474 - Knowledge - INFO - Worker kw8 processing /app/data/T0015/326202/b9060hi/Rufesi/unit_tests/efifeatures.h
2026-02-25 12:54:50,379 - Knowledge - INFO - Fast-tracked /app/data/T0015/326202/b9060hi/Rufesi/unit_tests/tests/test_on_demand_parameters.cpp (ext=.cpp, size=1455)
2026-02-25 12:54:50,416 - Knowledge - INFO - process ingested knowledge for /app/data/T0015/326202/b9060hi/Rufesi/java_console/romraider/src/com/romraider/util/ThreadCheckingRepaintManager.java
2026-02-25 12:54:50,528 - Knowledge - INFO - Fast-tracked /app/data/T0015/326202/b9060hi/Rufesi/unit_tests/tests/test_pwm_generator.cpp (ext=.cpp, size=5137)
2026-02-25 12:54:50,934 - Knowledge - INFO - Worker kw13 processing /app/data/T0015/326202/b9060hi/Rufesi/unit_tests/tests/test_signal_executor.h
2026-02-25 12:54:50,983 - Knowledge - INFO - Async storage completed for 10 embeddings
2026-02-25 12:54:51,074 - Knowledge - INFO - [LLM_CALL] Completed: TableToolBar.java:chunk1, Duration: 64472ms, PromptTokens: 13360, CompletionTokens: 1174, Cost: $0.00181
2026-02-25 12:54:51,141 - Knowledge - INFO - Fast-tracked /app/data/T0015/326202/b9060hi/Rufesi/unit_tests/efifeatures.h (ext=.h, size=1084)
2026-02-25 12:54:51,712 - Knowledge - INFO - Worker kw19 processing /app/data/T0015/326202/b9060hi/Rufesi/unit_tests/tests/test_trigger_multi_sync.cpp
2026-02-25 12:54:51,881 - Knowledge - INFO - Async storage completed for 10 embeddings
2026-02-25 12:54:51,955 - Knowledge - INFO - Fast-tracked /app/data/T0015/326202/b9060hi/Rufesi/unit_tests/tests/test_signal_executor.h (ext=.h, size=242)
2026-02-25 12:54:52,035 - Knowledge - INFO - process ingested knowledge for /app/data/T0015/326202/b9060hi/Rufesi/java_console/romraider/src/com/romraider/util/FormatFilename.java
2026-02-25 12:54:52,130 - Knowledge - INFO - done ingest for /app/data/T0015/326202/b9060hi/Rufesi/java_console/romraider/src/com/romraider/swing/TableToolBar.java
2026-02-25 12:54:52,159 - Knowledge - INFO - Async storing batch of 10 embeddings
2026-02-25 12:54:52,186 - Knowledge - INFO - [LLM_CALL] Completed: map_resize.cpp:chunk1, Duration: 14873ms, PromptTokens: 7410, CompletionTokens: 177, Cost: $0.00081
2026-02-25 12:54:52,480 - Knowledge - INFO - Fast-tracked /app/data/T0015/326202/b9060hi/Rufesi/unit_tests/tests/test_trigger_multi_sync.cpp (ext=.cpp, size=307)
2026-02-25 12:54:52,735 - Knowledge - INFO - Worker kw13 processing /app/data/T0015/326202/b9060hi/Rufesi/unit_tests/tests/test_parameters.h
2026-02-25 12:54:52,921 - Knowledge - INFO - Fast-tracked /app/data/T0015/326202/b9060hi/Rufesi/unit_tests/engine_test_helper.h (small file (2175 bytes))
2026-02-25 12:54:53,201 - Knowledge - INFO - Worker kw15 processing /app/data/T0015/326202/b9060hi/Rufesi/unit_tests/tests/test_cj125.cpp
2026-02-25 12:54:53,307 - Knowledge - INFO - done ingest for /app/data/T0015/326202/b9060hi/Rufesi/unit_tests/map_resize.cpp
2026-02-25 12:54:53,360 - Knowledge - INFO - [LLM_CALL] Completed: RomChecksum.java:chunk1, Duration: 50565ms, PromptTokens: 2478, CompletionTokens: 417, Cost: $0.00041
2026-02-25 12:54:53,477 - Knowledge - INFO - Worker kw19 processing /app/data/T0015/326202/b9060hi/Rufesi/unit_tests/tests/test_ion.cpp
2026-02-25 12:54:53,690 - Knowledge - INFO - Fast-tracked /app/data/T0015/326202/b9060hi/Rufesi/unit_tests/tests/test_parameters.h (ext=.h, size=408)
2026-02-25 12:54:53,822 - Knowledge - INFO - Async storage completed for 8 embeddings
2026-02-25 12:54:53,970 - Knowledge - INFO - process ingested knowledge for /app/data/T0015/326202/b9060hi/Rufesi/java_console/romraider/src/com/romraider/util/ObjectCloner.java
2026-02-25 12:54:53,978 - Knowledge - INFO - Fast-tracked /app/data/T0015/326202/b9060hi/Rufesi/unit_tests/tests/test_cj125.cpp (ext=.cpp, size=1053)
2026-02-25 12:54:54,262 - Knowledge - INFO - done ingest for /app/data/T0015/326202/b9060hi/Rufesi/java_console/romraider/src/com/romraider/maps/RomChecksum.java
2026-02-25 12:54:54,271 - Knowledge - INFO - [LLM_CALL] Completed: halconf.h:chunk1, Duration: 23905ms, PromptTokens: 4530, CompletionTokens: 368, Cost: $0.00060
2026-02-25 12:54:54,490 - Knowledge - INFO - Fast-tracked /app/data/T0015/326202/b9060hi/Rufesi/unit_tests/tests/test_ion.cpp (ext=.cpp, size=541)
2026-02-25 12:54:54,593 - Knowledge - INFO - Worker kw13 processing /app/data/T0015/326202/b9060hi/Rufesi/unit_tests/tests/test_trigger_decoder.cpp
2026-02-25 12:54:55,176 - Knowledge - INFO - Worker kw15 processing /app/data/T0015/326202/b9060hi/Rufesi/unit_tests/tests/test_cam_vtt_input.cpp
2026-02-25 12:54:55,484 - Knowledge - INFO - done ingest for /app/data/T0015/326202/b9060hi/Rufesi/misc/stm32f1_test_project/halconf.h
2026-02-25 12:54:55,689 - Knowledge - INFO - [LLM_CALL] Completed: ECUEditorToolBar.java:chunk1, Duration: 60101ms, PromptTokens: 3450, CompletionTokens: 559, Cost: $0.00057
2026-02-25 12:54:55,695 - Knowledge - INFO - Async storage completed for 10 embeddings
2026-02-25 12:54:55,815 - Knowledge - INFO - process ingested knowledge for /app/data/T0015/326202/b9060hi/Rufesi/java_console/romraider/src/com/romraider/util/ParamChecker.java
2026-02-25 12:54:55,884 - Knowledge - INFO - Fast-tracked /app/data/T0015/326202/b9060hi/Rufesi/unit_tests/tests/test_trigger_decoder.cpp (ext=.cpp, size=49165)
2026-02-25 12:54:56,062 - Knowledge - INFO - Fast-tracked /app/data/T0015/326202/b9060hi/Rufesi/unit_tests/tests/test_cam_vtt_input.cpp (ext=.cpp, size=178)
2026-02-25 12:54:56,275 - Knowledge - INFO - done ingest for /app/data/T0015/326202/b9060hi/Rufesi/java_console/romraider/src/com/romraider/swing/ECUEditorToolBar.java
2026-02-25 12:54:56,775 - Knowledge - INFO - Worker kw13 processing /app/data/T0015/326202/b9060hi/Rufesi/unit_tests/tests/test_fuel_map.cpp
2026-02-25 12:54:56,914 - Knowledge - INFO - Worker kw15 processing /app/data/T0015/326202/b9060hi/Rufesi/unit_tests/tests/test_logic_expression.cpp
2026-02-25 12:54:57,237 - Knowledge - INFO - Fast-tracked /app/data/T0015/326202/b9060hi/Rufesi/unit_tests/tests/test_fuel_map.cpp (ext=.cpp, size=9307)
2026-02-25 12:54:57,324 - Knowledge - INFO - Fast-tracked /app/data/T0015/326202/b9060hi/Rufesi/unit_tests/tests/test_logic_expression.cpp (ext=.cpp, size=5941)
2026-02-25 12:54:57,498 - Knowledge - INFO - Worker kw13 processing /app/data/T0015/326202/b9060hi/Rufesi/unit_tests/tests/test_pid_auto.cpp
2026-02-25 12:54:57,664 - Knowledge - INFO - Worker kw15 processing /app/data/T0015/326202/b9060hi/Rufesi/unit_tests/tests/test_sensors.cpp
2026-02-25 12:54:57,997 - Knowledge - INFO - Fast-tracked /app/data/T0015/326202/b9060hi/Rufesi/unit_tests/tests/test_pid_auto.cpp (ext=.cpp, size=5953)
2026-02-25 12:54:58,153 - Knowledge - INFO - Fast-tracked /app/data/T0015/326202/b9060hi/Rufesi/unit_tests/tests/test_sensors.cpp (ext=.cpp, size=2270)
2026-02-25 12:54:58,239 - Knowledge - INFO - Async storage completed for 8 embeddings
2026-02-25 12:54:58,393 - Knowledge - INFO - Worker kw15 processing /app/data/T0015/326202/b9060hi/Rufesi/unit_tests/tests/test_startOfCrankingPrimingPulse.cpp
2026-02-25 12:54:58,754 - Knowledge - INFO - Async storage completed for 10 embeddings
2026-02-25 12:54:58,886 - Knowledge - INFO - Async storage completed for 10 embeddings
2026-02-25 12:54:58,975 - Knowledge - INFO - Fast-tracked /app/data/T0015/326202/b9060hi/Rufesi/unit_tests/tests/test_startOfCrankingPrimingPulse.cpp (ext=.cpp, size=1841)
2026-02-25 12:54:59,366 - Knowledge - INFO - Worker kw15 processing /app/data/T0015/326202/b9060hi/Rufesi/unit_tests/tests/test_engine_math.cpp
2026-02-25 12:54:59,880 - Knowledge - INFO - Fast-tracked /app/data/T0015/326202/b9060hi/Rufesi/unit_tests/tests/test_engine_math.cpp (ext=.cpp, size=4025)
2026-02-25 12:55:00,129 - Knowledge - INFO - [LLM_CALL] Completed: SerialPortList.java:chunk1, Duration: 43195ms, PromptTokens: 7050, CompletionTokens: 476, Cost: $0.00090
2026-02-25 12:55:00,284 - Knowledge - INFO - Worker kw15 processing /app/data/T0015/326202/b9060hi/Rufesi/unit_tests/jenkins.sh
2026-02-25 12:55:00,684 - Knowledge - INFO - done ingest for /app/data/T0015/326202/b9060hi/Rufesi/java_console/jssc/src/jssc/SerialPortList.java
2026-02-25 12:55:00,907 - Knowledge - INFO - [kw7] Queue=840, InProgress=0, PendingWorkers=20/20, Completed=495/1454 (34.0%)
2026-02-25 12:55:01,311 - Knowledge - INFO - [LLM_CALL] Completed: test_interpolation_3d.cpp:chunk1, Duration: 10425ms, PromptTokens: 3206, CompletionTokens: 267, Cost: $0.00043
2026-02-25 12:55:01,327 - Knowledge - INFO - Fast-tracked /app/data/T0015/326202/b9060hi/Rufesi/unit_tests/jenkins.sh (ext=.sh, size=744)
2026-02-25 12:55:01,794 - Knowledge - INFO - Batch sizing: calculated=8, max_allowed=10, queue=840, active_workers=20/20
2026-02-25 12:55:02,116 - Knowledge - INFO - done ingest for /app/data/T0015/326202/b9060hi/Rufesi/unit_tests/test_basic_math/test_interpolation_3d.cpp
2026-02-25 12:55:02,248 - Knowledge - INFO - Worker kw15 processing /app/data/T0015/326202/b9060hi/Rufesi/unit_tests/settings.h
2026-02-25 12:55:02,786 - Knowledge - INFO - Fast-tracked /app/data/T0015/326202/b9060hi/Rufesi/unit_tests/settings.h (ext=.h, size=167)
2026-02-25 12:55:02,806 - Knowledge - INFO - [LLM_CALL] Completed: rules.mk:chunk1, Duration: 7300ms, PromptTokens: 4386, CompletionTokens: 59, Cost: $0.00046
2026-02-25 12:55:03,025 - Knowledge - INFO - Async storage completed for 10 embeddings
2026-02-25 12:55:03,281 - Knowledge - INFO - done ingest for /app/data/T0015/326202/b9060hi/Rufesi/unit_tests/rules.mk
2026-02-25 12:55:04,536 - Knowledge - INFO - [LLM_CALL] Completed: TableFrame.java:chunk1, Duration: 83784ms, PromptTokens: 4462, CompletionTokens: 1722, Cost: $0.00113
2026-02-25 12:55:04,959 - Knowledge - INFO - done ingest for /app/data/T0015/326202/b9060hi/Rufesi/java_console/romraider/src/com/romraider/swing/TableFrame.java
2026-02-25 12:55:05,143 - Knowledge - INFO - Async storing batch of 8 embeddings
2026-02-25 12:55:05,439 - Knowledge - INFO - Worker kw7 processing /app/data/T0015/326202/b9060hi/Rufesi/unit_tests/global.h
2026-02-25 12:55:05,855 - Knowledge - INFO - Worker kw7 processing /app/data/T0015/326202/b9060hi/Rufesi/java_tools/configuration_definition/src/com/rusefi/test/ConfigDefinitionTest.java
2026-02-25 12:55:06,188 - Knowledge - INFO - Fast-tracked /app/data/T0015/326202/b9060hi/Rufesi/java_tools/configuration_definition/src/com/rusefi/test/ConfigDefinitionTest.java (ext=.java, size=3000)
2026-02-25 12:55:06,451 - Knowledge - INFO - Worker kw7 processing /app/data/T0015/326202/b9060hi/Rufesi/java_tools/configuration_definition/src/com/rusefi/test/VariableRegistryTest.java
2026-02-25 12:55:07,370 - Knowledge - INFO - Fast-tracked /app/data/T0015/326202/b9060hi/Rufesi/java_tools/configuration_definition/src/com/rusefi/test/VariableRegistryTest.java (ext=.java, size=710)
2026-02-25 12:55:07,609 - Knowledge - INFO - Worker kw7 processing /app/data/T0015/326202/b9060hi/Rufesi/java_tools/configuration_definition/src/com/rusefi/BitState.java
2026-02-25 12:55:08,033 - Knowledge - INFO - Fast-tracked /app/data/T0015/326202/b9060hi/Rufesi/java_tools/configuration_definition/src/com/rusefi/BitState.java (ext=.java, size=510)
2026-02-25 12:55:08,328 - Knowledge - INFO - Worker kw7 processing /app/data/T0015/326202/b9060hi/Rufesi/java_tools/configuration_definition/src/com/rusefi/CHeaderConsumer.java
2026-02-25 12:55:08,347 - Knowledge - INFO - Processing batch of 8 files
2026-02-25 12:55:08,755 - Knowledge - INFO - Fast-tracked /app/data/T0015/326202/b9060hi/Rufesi/java_tools/configuration_definition/src/com/rusefi/CHeaderConsumer.java (ext=.java, size=1165)
2026-02-25 12:55:08,910 - Knowledge - INFO - process ingested knowledge for /app/data/T0015/326202/b9060hi/Rufesi/misc/jenkins/InteractiveHtmlBom/readme.md
2026-02-25 12:55:08,936 - Knowledge - INFO - [kw20] Queue=832, InProgress=0, PendingWorkers=20/20, Completed=516/1454 (35.5%)
2026-02-25 12:55:09,020 - Knowledge - INFO - [WEBSOCKET] Sent: Type=progress_update, Size: 296, Duration: 0ms
2026-02-25 12:55:09,027 - Knowledge - INFO - Worker kw7 processing /app/data/T0015/326202/b9060hi/Rufesi/java_tools/configuration_definition/src/com/rusefi/ConfigurationConsumer.java
2026-02-25 12:55:09,192 - Knowledge - INFO - process ingested knowledge for /app/data/T0015/326202/b9060hi/Rufesi/misc/hex2dfu/readme.md
2026-02-25 12:55:09,610 - Knowledge - INFO - Batch sizing: calculated=8, max_allowed=10, queue=832, active_workers=20/20
2026-02-25 12:55:09,873 - Knowledge - INFO - Processing batch of 10 files
2026-02-25 12:55:09,917 - Knowledge - INFO - [WEBSOCKET] Sent: Type=unknown, Size: ?, Duration: 897ms
2026-02-25 12:55:09,941 - Knowledge - INFO - Fast-tracked /app/data/T0015/326202/b9060hi/Rufesi/java_tools/configuration_definition/src/com/rusefi/ConfigurationConsumer.java (ext=.java, size=247)
2026-02-25 12:55:10,168 - Knowledge - INFO - process ingested knowledge for /app/data/T0015/326202/b9060hi/Rufesi/misc/git_cheat_sheet.txt
2026-02-25 12:55:10,544 - Knowledge - INFO - process ingested knowledge for /app/data/T0015/326202/b9060hi/Rufesi/java_console/romraider/src/com/romraider/swing/TableFrame.java
2026-02-25 12:55:10,872 - Knowledge - INFO - Progress: 35.5% | Files: 527/1454 | Rate: 1.45 files/sec | Queue: 832
2026-02-25 12:55:10,988 - Knowledge - INFO - Worker kw7 processing /app/data/T0015/326202/b9060hi/Rufesi/java_tools/configuration_definition/src/com/rusefi/ReaderState.java
2026-02-25 12:55:11,134 - Knowledge - INFO - Processing batch of 8 files
2026-02-25 12:55:11,156 - Knowledge - INFO - Async storing batch of 10 embeddings
2026-02-25 12:55:11,195 - Knowledge - INFO - process ingested knowledge for /app/data/T0015/326202/b9060hi/Rufesi/misc/extract_trigger_angles.py
2026-02-25 12:55:12,020 - Knowledge - INFO - Fast-tracked /app/data/T0015/326202/b9060hi/Rufesi/java_tools/configuration_definition/src/com/rusefi/ReaderState.java (ext=.java, size=665)
2026-02-25 12:55:12,080 - Knowledge - INFO - process ingested knowledge for /app/data/T0015/326202/b9060hi/Rufesi/java_console/romraider/src/com/romraider/swing/SetFont.java
2026-02-25 12:55:12,195 - Knowledge - INFO - process ingested knowledge for /app/data/T0015/326202/b9060hi/Rufesi/misc/git_scripts/readme.md
2026-02-25 12:55:12,261 - Knowledge - INFO - [kw10] Queue=824, InProgress=0, PendingWorkers=20/20, Completed=535/1454 (36.8%)
2026-02-25 12:55:12,478 - Knowledge - INFO - Worker kw20 processing /app/data/T0015/326202/b9060hi/Rufesi/java_tools/configuration_definition/src/com/rusefi/TSProjectConsumer.java
2026-02-25 12:55:12,518 - Knowledge - INFO - Processing batch of 8 files
2026-02-25 12:55:13,148 - Knowledge - INFO - Worker kw7 processing /app/data/T0015/326202/b9060hi/Rufesi/java_tools/configuration_definition/src/com/rusefi/TsFileContent.java
2026-02-25 12:55:13,300 - Knowledge - INFO - process ingested knowledge for /app/data/T0015/326202/b9060hi/Rufesi/misc/stm32f1_test_project/readme.txt
2026-02-25 12:55:13,333 - Knowledge - INFO - [LLM_CALL] Completed: SerialPortException.java:chunk1, Duration: 67398ms, PromptTokens: 2272, CompletionTokens: 430, Cost: $0.00040
2026-02-25 12:55:13,357 - Knowledge - INFO - process ingested knowledge for /app/data/T0015/326202/b9060hi/Rufesi/java_console/romraider/src/com/romraider/swing/TableToolBar.java
2026-02-25 12:55:13,636 - Knowledge - INFO - process ingested knowledge for /app/data/T0015/326202/b9060hi/Rufesi/misc/benchmark_reports.txt
2026-02-25 12:55:13,833 - Knowledge - INFO - Batch sizing: calculated=8, max_allowed=10, queue=824, active_workers=20/20
2026-02-25 12:55:14,190 - Knowledge - INFO - Worker kw20 processing /app/data/T0015/326202/b9060hi/Rufesi/java_tools/configuration_definition/src/com/rusefi/ConfigField.java
2026-02-25 12:55:14,331 - Knowledge - INFO - process ingested knowledge for /app/data/T0015/326202/b9060hi/Rufesi/unit_tests/tests/test_trigger_noiseless.cpp
2026-02-25 12:55:14,583 - Knowledge - INFO - Fast-tracked /app/data/T0015/326202/b9060hi/Rufesi/java_tools/configuration_definition/src/com/rusefi/TsFileContent.java (ext=.java, size=393)
2026-02-25 12:55:14,652 - Knowledge - INFO - process ingested knowledge for /app/data/T0015/326202/b9060hi/Rufesi/misc/stm32f1_test_project/main.c
2026-02-25 12:55:14,895 - Knowledge - INFO - done ingest for /app/data/T0015/326202/b9060hi/Rufesi/java_console/jssc/src/jssc/SerialPortException.java
2026-02-25 12:55:15,567 - Knowledge - INFO - Worker kw20 processing /app/data/T0015/326202/b9060hi/Rufesi/java_tools/configuration_definition/src/com/rusefi/FieldIterator.java
2026-02-25 12:55:15,812 - Knowledge - INFO - process ingested knowledge for /app/data/T0015/326202/b9060hi/Rufesi/java_console/romraider/src/com/romraider/swing/DebugPanel.java
2026-02-25 12:55:15,834 - Knowledge - INFO - process ingested knowledge for /app/data/T0015/326202/b9060hi/Rufesi/unit_tests/map_resize.cpp
2026-02-25 12:55:15,908 - Knowledge - INFO - Async storing batch of 8 embeddings
2026-02-25 12:55:16,044 - Knowledge - INFO - process ingested knowledge for /app/data/T0015/326202/b9060hi/Rufesi/unit_tests/tests/test_maf2map.cpp
2026-02-25 12:55:16,044 - Knowledge - INFO - Fast-tracked /app/data/T0015/326202/b9060hi/Rufesi/unit_tests/global.h (small file (2001 bytes))
2026-02-25 12:55:16,053 - Knowledge - INFO - Processing batch of 8 files
2026-02-25 12:55:16,065 - Knowledge - INFO - [kw1] Queue=816, InProgress=0, PendingWorkers=20/20, Completed=545/1454 (37.5%)
2026-02-25 12:55:16,072 - Knowledge - INFO - Processing batch of 8 files
2026-02-25 12:55:16,092 - Knowledge - INFO - process ingested knowledge for /app/data/T0015/326202/b9060hi/Rufesi/misc/stm32f1_test_project/mcuconf.h
2026-02-25 12:55:16,463 - Knowledge - INFO - Processing batch of 8 files
2026-02-25 12:55:16,596 - Knowledge - INFO - Processing batch of 8 files
2026-02-25 12:55:16,792 - Knowledge - INFO - Fast-tracked /app/data/T0015/326202/b9060hi/Rufesi/java_tools/configuration_definition/src/com/rusefi/FieldIterator.java (ext=.java, size=147)
2026-02-25 12:55:16,992 - Knowledge - INFO - process ingested knowledge for /app/data/T0015/326202/b9060hi/Rufesi/java_console/romraider/src/com/romraider/swing/XMLFilter.java
2026-02-25 12:55:17,080 - Knowledge - INFO - process ingested knowledge for /app/data/T0015/326202/b9060hi/Rufesi/unit_tests/adc_inputs.h
2026-02-25 12:55:17,146 - Knowledge - INFO - Worker kw10 processing /app/data/T0015/326202/b9060hi/Rufesi/java_tools/configuration_definition/build.xml
2026-02-25 12:55:17,269 - Knowledge - INFO - process ingested knowledge for /app/data/T0015/326202/b9060hi/Rufesi/unit_tests/tests/test_accel_enrichment.cpp
2026-02-25 12:55:17,532 - Knowledge - INFO - Async storage completed for 8 embeddings
2026-02-25 12:55:17,634 - Knowledge - INFO - process ingested knowledge for /app/data/T0015/326202/b9060hi/Rufesi/unit_tests/tests/test_fasterEngineSpinningUp.cpp
2026-02-25 12:55:17,785 - Knowledge - INFO - Batch sizing: calculated=8, max_allowed=10, queue=816, active_workers=20/20
2026-02-25 12:55:17,967 - Knowledge - INFO - process ingested knowledge for /app/data/T0015/326202/b9060hi/Rufesi/unit_tests/tests/test_cj125.cpp
2026-02-25 12:55:18,076 - Knowledge - INFO - process ingested knowledge for /app/data/T0015/326202/b9060hi/Rufesi/misc/stm32f1_test_project/halconf.h
2026-02-25 12:55:18,344 - Knowledge - INFO - process ingested knowledge for /app/data/T0015/326202/b9060hi/Rufesi/unit_tests/afm2mapConverter.h
2026-02-25 12:55:18,610 - Knowledge - INFO - process ingested knowledge for /app/data/T0015/326202/b9060hi/Rufesi/unit_tests/main.cpp
2026-02-25 12:55:18,808 - Knowledge - INFO - Worker kw20 processing /app/data/T0015/326202/b9060hi/Rufesi/java_tools/configuration_definition/src/com/rusefi/JavaFieldsConsumer.java
2026-02-25 12:55:18,893 - Knowledge - INFO - process ingested knowledge for /app/data/T0015/326202/b9060hi/Rufesi/java_console/romraider/src/com/romraider/swing/ECUEditorToolBar.java
2026-02-25 12:55:19,067 - Knowledge - INFO - process ingested knowledge for /app/data/T0015/326202/b9060hi/Rufesi/unit_tests/gmock-all.cpp
2026-02-25 12:55:19,260 - Knowledge - INFO - Fast-tracked /app/data/T0015/326202/b9060hi/Rufesi/java_tools/configuration_definition/build.xml (ext=.xml, size=881)
2026-02-25 12:55:19,486 - Knowledge - INFO - process ingested knowledge for /app/data/T0015/326202/b9060hi/Rufesi/unit_tests/tests/test_hip9011.cpp
2026-02-25 12:55:19,837 - Knowledge - INFO - process ingested knowledge for /app/data/T0015/326202/b9060hi/Rufesi/unit_tests/tests/test_util.cpp
2026-02-25 12:55:19,838 - Knowledge - INFO - Processing batch of 8 files
2026-02-25 12:55:20,059 - Knowledge - INFO - Async storing batch of 10 embeddings
2026-02-25 12:55:20,224 - Knowledge - INFO - process ingested knowledge for /app/data/T0015/326202/b9060hi/Rufesi/unit_tests/tests/test_cam_vtt_input.cpp
2026-02-25 12:55:21,135 - Knowledge - INFO - Fast-tracked /app/data/T0015/326202/b9060hi/Rufesi/java_tools/configuration_definition/src/com/rusefi/JavaFieldsConsumer.java (ext=.java, size=1725)
2026-02-25 12:55:21,235 - Knowledge - INFO - process ingested knowledge for /app/data/T0015/326202/b9060hi/Rufesi/unit_tests/test_basic_math/test_find_index.cpp
2026-02-25 12:55:21,292 - Knowledge - INFO - process ingested knowledge for /app/data/T0015/326202/b9060hi/Rufesi/unit_tests/global_execution_queue.h
2026-02-25 12:55:21,368 - Knowledge - INFO - process ingested knowledge for /app/data/T0015/326202/b9060hi/Rufesi/java_console/romraider/src/com/romraider/swing/LookAndFeelManager.java
2026-02-25 12:55:21,815 - Knowledge - INFO - Worker kw10 processing /app/data/T0015/326202/b9060hi/Rufesi/java_tools/bin2header/src/rusefi/Bin2Header.java
2026-02-25 12:55:22,311 - Knowledge - INFO - process ingested knowledge for /app/data/T0015/326202/b9060hi/Rufesi/unit_tests/boards.cpp
2026-02-25 12:55:22,373 - Knowledge - INFO - process ingested knowledge for /app/data/T0015/326202/b9060hi/Rufesi/unit_tests/tests/test_signal_executor.cpp
2026-02-25 12:55:22,415 - Knowledge - INFO - process ingested knowledge for /app/data/T0015/326202/b9060hi/Rufesi/unit_tests/tests/test_idle_controller.cpp
2026-02-25 12:55:22,458 - Knowledge - INFO - process ingested knowledge for /app/data/T0015/326202/b9060hi/Rufesi/unit_tests/global.h
2026-02-25 12:55:22,727 - Knowledge - INFO - Worker kw1 processing /app/data/T0015/326202/b9060hi/Rufesi/java_tools/readme.txt
2026-02-25 12:55:22,756 - Knowledge - INFO - [LLM_CALL] Completed: RomAttributeParser.java:chunk1, Duration: 53857ms, PromptTokens: 3760, CompletionTokens: 712, Cost: $0.00066
2026-02-25 12:55:23,822 - Knowledge - INFO - Worker kw20 processing /app/data/T0015/326202/b9060hi/Rufesi/java_tools/configuration_definition/src/com/rusefi/TypesHelper.java
2026-02-25 12:55:24,041 - Knowledge - INFO - process ingested knowledge for /app/data/T0015/326202/b9060hi/Rufesi/unit_tests/tests/test_logic_expression.cpp
2026-02-25 12:55:24,060 - Knowledge - INFO - process ingested knowledge for /app/data/T0015/326202/b9060hi/Rufesi/unit_tests/test_basic_math/test_interpolation_3d.cpp
2026-02-25 12:55:24,723 - Knowledge - INFO - Fast-tracked /app/data/T0015/326202/b9060hi/Rufesi/java_tools/bin2header/src/rusefi/Bin2Header.java (ext=.java, size=1925)
2026-02-25 12:55:24,880 - Knowledge - INFO - process ingested knowledge for /app/data/T0015/326202/b9060hi/Rufesi/unit_tests/gtest-all.cpp
2026-02-25 12:55:24,941 - Knowledge - INFO - process ingested knowledge for /app/data/T0015/326202/b9060hi/Rufesi/java_console/romraider/src/com/romraider/swing/AbstractFrame.java
2026-02-25 12:55:24,941 - Knowledge - INFO - process ingested knowledge for /app/data/T0015/326202/b9060hi/Rufesi/unit_tests/readme.txt
2026-02-25 12:55:25,061 - Knowledge - INFO - process ingested knowledge for /app/data/T0015/326202/b9060hi/Rufesi/unit_tests/tests/test_pwm_generator.cpp
2026-02-25 12:55:25,624 - Knowledge - INFO - Fast-tracked /app/data/T0015/326202/b9060hi/Rufesi/java_tools/readme.txt (ext=.txt, size=372)
2026-02-25 12:55:25,721 - Knowledge - INFO - done ingest for /app/data/T0015/326202/b9060hi/Rufesi/java_console/romraider/src/com/romraider/xml/RomAttributeParser.java
2026-02-25 12:55:25,797 - Knowledge - INFO - [LLM_CALL] Completed: SerialPortEvent.java:chunk1, Duration: 48433ms, PromptTokens: 3422, CompletionTokens: 635, Cost: $0.00060
2026-02-25 12:55:26,042 - Knowledge - INFO - Fast-tracked /app/data/T0015/326202/b9060hi/Rufesi/java_tools/configuration_definition/src/com/rusefi/TypesHelper.java (ext=.java, size=1405)
2026-02-25 12:55:26,064 - Knowledge - INFO - process ingested knowledge for /app/data/T0015/326202/b9060hi/Rufesi/unit_tests/tests/test_signal_executor.h
2026-02-25 12:55:26,082 - Knowledge - INFO - process ingested knowledge for /app/data/T0015/326202/b9060hi/Rufesi/java_tools/configuration_definition/src/com/rusefi/test/ConfigDefinitionTest.java
2026-02-25 12:55:26,105 - Knowledge - INFO - process ingested knowledge for /app/data/T0015/326202/b9060hi/Rufesi/unit_tests/tests/test_sensors.cpp
2026-02-25 12:55:26,373 - Knowledge - INFO - Worker kw10 processing /app/data/T0015/326202/b9060hi/Rufesi/java_tools/bin2header/build.xml
2026-02-25 12:55:26,699 - Knowledge - INFO - process ingested knowledge for /app/data/T0015/326202/b9060hi/Rufesi/unit_tests/test_basic_math/test_find_index.h
2026-02-25 12:55:26,728 - Knowledge - INFO - process ingested knowledge for /app/data/T0015/326202/b9060hi/Rufesi/unit_tests/boards.h
2026-02-25 12:55:26,776 - Knowledge - INFO - process ingested knowledge for /app/data/T0015/326202/b9060hi/Rufesi/java_console/romraider/src/com/romraider/ECUExec.java
2026-02-25 12:55:27,121 - Knowledge - INFO - Worker kw1 processing /app/data/T0015/326202/b9060hi/Rufesi/java_tools/serial_tester/src/com/rusefi/io/serial/SerialPortReader.java
2026-02-25 12:55:27,210 - Knowledge - INFO - process ingested knowledge for /app/data/T0015/326202/b9060hi/Rufesi/unit_tests/unit_test_framework.h
2026-02-25 12:55:27,232 - Knowledge - INFO - process ingested knowledge for /app/data/T0015/326202/b9060hi/Rufesi/unit_tests/tests/test_trigger_multi_sync.cpp
2026-02-25 12:55:27,417 - Knowledge - INFO - done ingest for /app/data/T0015/326202/b9060hi/Rufesi/java_console/jssc/src/jssc/SerialPortEvent.java
2026-02-25 12:55:27,448 - Knowledge - INFO - [LLM_CALL] Completed: Table1D.java:chunk1, Duration: 79149ms, PromptTokens: 5286, CompletionTokens: 991, Cost: $0.00092
2026-02-25 12:55:27,528 - Knowledge - INFO - Worker kw20 processing /app/data/T0015/326202/b9060hi/Rufesi/java_tools/configuration_definition/src/com/rusefi/ConfigStructure.java
2026-02-25 12:55:27,858 - Knowledge - INFO - process ingested knowledge for /app/data/T0015/326202/b9060hi/Rufesi/unit_tests/tests/test_parameters.h
2026-02-25 12:55:27,865 - Knowledge - INFO - process ingested knowledge for /app/data/T0015/326202/b9060hi/Rufesi/java_tools/configuration_definition/src/com/rusefi/test/VariableRegistryTest.java
2026-02-25 12:55:27,989 - Knowledge - INFO - process ingested knowledge for /app/data/T0015/326202/b9060hi/Rufesi/unit_tests/tests/test_startOfCrankingPrimingPulse.cpp
2026-02-25 12:55:28,184 - Knowledge - INFO - Fast-tracked /app/data/T0015/326202/b9060hi/Rufesi/java_tools/bin2header/build.xml (ext=.xml, size=652)
2026-02-25 12:55:28,291 - Knowledge - INFO - process ingested knowledge for /app/data/T0015/326202/b9060hi/Rufesi/unit_tests/test_basic_math/test_interpolation_3d.h
2026-02-25 12:55:28,470 - Knowledge - INFO - process ingested knowledge for /app/data/T0015/326202/b9060hi/Rufesi/unit_tests/rules.mk
2026-02-25 12:55:28,610 - Knowledge - INFO - process ingested knowledge for /app/data/T0015/326202/b9060hi/Rufesi/java_console/romraider/src/com/romraider/Version.java
2026-02-25 12:55:28,735 - Knowledge - INFO - Fast-tracked /app/data/T0015/326202/b9060hi/Rufesi/java_tools/serial_tester/src/com/rusefi/io/serial/SerialPortReader.java (ext=.java, size=1170)
2026-02-25 12:55:29,184 - Knowledge - INFO - process ingested knowledge for /app/data/T0015/326202/b9060hi/Rufesi/unit_tests/tests/test_ion.cpp
2026-02-25 12:55:29,404 - Knowledge - INFO - done ingest for /app/data/T0015/326202/b9060hi/Rufesi/java_console/romraider/src/com/romraider/maps/Table1D.java
2026-02-25 12:55:29,406 - Knowledge - INFO - [LLM_CALL] Completed: BrowserControl.java:chunk1, Duration: 76297ms, PromptTokens: 2216, CompletionTokens: 443, Cost: $0.00040
2026-02-25 12:55:29,517 - Knowledge - INFO - Worker kw20 processing /app/data/T0015/326202/b9060hi/Rufesi/java_tools/configuration_definition/src/com/rusefi/VariableRegistry.java
2026-02-25 12:55:29,723 - Knowledge - INFO - process ingested knowledge for /app/data/T0015/326202/b9060hi/Rufesi/unit_tests/tests/test_trigger_decoder.cpp
2026-02-25 12:55:29,803 - Knowledge - INFO - process ingested knowledge for /app/data/T0015/326202/b9060hi/Rufesi/java_tools/configuration_definition/src/com/rusefi/BitState.java
2026-02-25 12:55:30,076 - Knowledge - INFO - Worker kw10 processing /app/data/T0015/326202/b9060hi/Rufesi/java_tools/gcc_map_reader/src/rusefi/GccMapReader.java
2026-02-25 12:55:30,389 - Knowledge - INFO - process ingested knowledge for /app/data/T0015/326202/b9060hi/Rufesi/unit_tests/test_basic_math/test_efilib.cpp
2026-02-25 12:55:30,430 - Knowledge - INFO - process ingested knowledge for /app/data/T0015/326202/b9060hi/Rufesi/unit_tests/tests/test_engine_math.cpp
2026-02-25 12:55:30,470 - Knowledge - INFO - process ingested knowledge for /app/data/T0015/326202/b9060hi/Rufesi/unit_tests/global_execution_queue.cpp
2026-02-25 12:55:30,812 - Knowledge - INFO - Worker kw1 processing /app/data/T0015/326202/b9060hi/Rufesi/java_tools/serial_tester/src/com/rusefi/io/DataListener.java
2026-02-25 12:55:31,308 - Knowledge - INFO - done ingest for /app/data/T0015/326202/b9060hi/Rufesi/java_console/romraider/src/com/romraider/net/BrowserControl.java
2026-02-25 12:55:31,315 - Knowledge - INFO - [LLM_CALL] Completed: RomCellRenderer.java:chunk1, Duration: 101142ms, PromptTokens: 3348, CompletionTokens: 319, Cost: $0.00046
2026-02-25 12:55:31,436 - Knowledge - INFO - Worker kw20 processing /app/data/T0015/326202/b9060hi/Rufesi/java_tools/configuration_definition/src/com/rusefi/ConfigDefinition.java
2026-02-25 12:55:32,087 - Knowledge - INFO - Worker kw10 processing /app/data/T0015/326202/b9060hi/Rufesi/java_tools/gcc_map_reader/build.xml
2026-02-25 12:55:32,612 - Knowledge - INFO - process ingested knowledge for /app/data/T0015/326202/b9060hi/Rufesi/unit_tests/tests/test_fuel_map.cpp
2026-02-25 12:55:32,948 - Knowledge - INFO - Fast-tracked /app/data/T0015/326202/b9060hi/Rufesi/java_tools/serial_tester/src/com/rusefi/io/DataListener.java (ext=.java, size=155)
2026-02-25 12:55:33,323 - Knowledge - INFO - process ingested knowledge for /app/data/T0015/326202/b9060hi/Rufesi/unit_tests/engine_test_helper.h
2026-02-25 12:55:33,331 - Knowledge - INFO - done ingest for /app/data/T0015/326202/b9060hi/Rufesi/java_console/romraider/src/com/romraider/swing/RomCellRenderer.java
2026-02-25 12:55:33,346 - Knowledge - INFO - [LLM_CALL] Completed: afm2mapConverter.cpp:chunk1, Duration: 37741ms, PromptTokens: 9846, CompletionTokens: 291, Cost: $0.00110
2026-02-25 12:55:33,910 - Knowledge - INFO - Worker kw1 processing /app/data/T0015/326202/b9060hi/Rufesi/java_tools/serial_tester/src/com/rusefi/io/TwoWayTester.java
2026-02-25 12:55:33,919 - Knowledge - INFO - process ingested knowledge for /app/data/T0015/326202/b9060hi/Rufesi/java_tools/configuration_definition/src/com/rusefi/CHeaderConsumer.java
2026-02-25 12:55:34,163 - Knowledge - INFO - Fast-tracked /app/data/T0015/326202/b9060hi/Rufesi/java_tools/gcc_map_reader/build.xml (ext=.xml, size=787)
2026-02-25 12:55:34,503 - Knowledge - INFO - process ingested knowledge for /app/data/T0015/326202/b9060hi/Rufesi/unit_tests/jenkins.sh
2026-02-25 12:55:34,519 - Knowledge - INFO - done ingest for /app/data/T0015/326202/b9060hi/Rufesi/unit_tests/afm2mapConverter.cpp
2026-02-25 12:55:34,522 - Knowledge - INFO - process ingested knowledge for /app/data/T0015/326202/b9060hi/Rufesi/unit_tests/test.mk
2026-02-25 12:55:34,522 - Knowledge - INFO - process ingested knowledge for /app/data/T0015/326202/b9060hi/Rufesi/unit_tests/tests/test_pid_auto.cpp
2026-02-25 12:55:34,529 - Knowledge - INFO - [LLM_CALL] Completed: HexUtil.java:chunk1, Duration: 100155ms, PromptTokens: 2652, CompletionTokens: 414, Cost: $0.00043
2026-02-25 12:55:34,656 - Knowledge - INFO - Worker kw1 processing /app/data/T0015/326202/b9060hi/Rufesi/java_tools/pcb_sync/src/com/rusefi/misc/RemoveUnneededTraces.java
2026-02-25 12:55:34,953 - Knowledge - INFO - process ingested knowledge for /app/data/T0015/326202/b9060hi/Rufesi/unit_tests/globalaccess.h
2026-02-25 12:55:34,978 - Knowledge - INFO - Worker kw10 processing /app/data/T0015/326202/b9060hi/Rufesi/java_tools/ts2c/src/com/rusefi/OBD2C.java
2026-02-25 12:55:35,529 - Knowledge - INFO - process ingested knowledge for /app/data/T0015/326202/b9060hi/Rufesi/java_tools/configuration_definition/src/com/rusefi/ConfigurationConsumer.java
2026-02-25 12:55:35,933 - Knowledge - INFO - done ingest for /app/data/T0015/326202/b9060hi/Rufesi/java_console/romraider/src/com/romraider/util/HexUtil.java
2026-02-25 12:55:35,980 - Knowledge - INFO - [LLM_CALL] Completed: chconf.h:chunk1, Duration: 67120ms, PromptTokens: 8108, CompletionTokens: 442, Cost: $0.00099
2026-02-25 12:55:36,039 - Knowledge - INFO - process ingested knowledge for /app/data/T0015/326202/b9060hi/Rufesi/unit_tests/settings.h
2026-02-25 12:55:36,160 - Knowledge - INFO - Worker kw1 processing /app/data/T0015/326202/b9060hi/Rufesi/java_tools/pcb_sync/src/com/rusefi/misc/ChangesModel.java
2026-02-25 12:55:36,482 - Knowledge - INFO - Worker kw10 processing /app/data/T0015/326202/b9060hi/Rufesi/java_tools/ts2c/input.txt
2026-02-25 12:55:36,862 - Knowledge - INFO - done ingest for /app/data/T0015/326202/b9060hi/Rufesi/misc/stm32f1_test_project/chconf.h
2026-02-25 12:55:36,983 - Knowledge - INFO - [WEBSOCKET] Sent: Type=progress_update, Size: 296, Duration: 1021ms
2026-02-25 12:55:37,098 - Knowledge - INFO - Worker kw1 processing /app/data/T0015/326202/b9060hi/Rufesi/java_tools/pcb_sync/src/com/rusefi/misc/CmpMergeTool.java
2026-02-25 12:55:37,384 - Knowledge - INFO - Fast-tracked /app/data/T0015/326202/b9060hi/Rufesi/java_tools/ts2c/input.txt (ext=.txt, size=2051)
2026-02-25 12:55:37,757 - Knowledge - INFO - [WEBSOCKET] Sent: Type=unknown, Size: ?, Duration: 1796ms
2026-02-25 12:55:37,982 - Knowledge - INFO - Fast-tracked /app/data/T0015/326202/b9060hi/Rufesi/java_tools/pcb_sync/src/com/rusefi/misc/CmpMergeTool.java (ext=.java, size=1206)
2026-02-25 12:55:38,059 - Knowledge - INFO - Worker kw10 processing /app/data/T0015/326202/b9060hi/Rufesi/java_tools/ts2c/build.xml
2026-02-25 12:55:38,450 - Knowledge - INFO - Progress: 38.2% | Files: 556/1454 | Rate: 1.43 files/sec | Queue: 808
2026-02-25 12:55:38,739 - Knowledge - INFO - Worker kw1 processing /app/data/T0015/326202/b9060hi/Rufesi/java_tools/pcb_sync/src/com/rusefi/misc/TwoFileRequest.java
2026-02-25 12:55:38,853 - Knowledge - INFO - process ingested knowledge for /app/data/T0015/326202/b9060hi/Rufesi/unit_tests/efifeatures.h
2026-02-25 12:55:39,309 - Knowledge - INFO - Fast-tracked /app/data/T0015/326202/b9060hi/Rufesi/java_tools/ts2c/build.xml (ext=.xml, size=644)
2026-02-25 12:55:39,682 - Knowledge - INFO - Fast-tracked /app/data/T0015/326202/b9060hi/Rufesi/java_tools/pcb_sync/src/com/rusefi/misc/TwoFileRequest.java (ext=.java, size=624)
2026-02-25 12:55:40,350 - Knowledge - INFO - [LLM_CALL] Completed: engine_test_helper.cpp:chunk1, Duration: 46997ms, PromptTokens: 5336, CompletionTokens: 1183, Cost: $0.00101
2026-02-25 12:55:40,488 - Knowledge - INFO - Fast-tracked /app/data/T0015/326202/b9060hi/Rufesi/java_tools/serial_tester/src/com/rusefi/io/TwoWayTester.java (small file (2773 bytes))
2026-02-25 12:55:40,855 - Knowledge - INFO - done ingest for /app/data/T0015/326202/b9060hi/Rufesi/unit_tests/engine_test_helper.cpp
2026-02-25 12:55:41,405 - Knowledge - INFO - process ingested knowledge for /app/data/T0015/326202/b9060hi/Rufesi/java_tools/configuration_definition/src/com/rusefi/ReaderState.java
2026-02-25 12:55:41,672 - Knowledge - INFO - [LLM_CALL] Completed: overall_footer.html:chunk1, Duration: 57090ms, PromptTokens: 3162, CompletionTokens: 440, Cost: $0.00049
2026-02-25 12:55:42,108 - Knowledge - INFO - done ingest for /app/data/T0015/326202/b9060hi/Rufesi/misc/www/forum/styles/template/overall_footer.html
2026-02-25 12:55:42,136 - Knowledge - INFO - [LLM_CALL] Completed: RomPropertyPanel.java:chunk1, Duration: 85455ms, PromptTokens: 5812, CompletionTokens: 570, Cost: $0.00081
2026-02-25 12:55:42,592 - Knowledge - INFO - done ingest for /app/data/T0015/326202/b9060hi/Rufesi/java_console/romraider/src/com/romraider/swing/RomPropertyPanel.java
2026-02-25 12:55:44,236 - Knowledge - INFO - [LLM_CALL] Completed: GenericFileFilter.java:chunk1, Duration: 95249ms, PromptTokens: 2184, CompletionTokens: 526, Cost: $0.00043
2026-02-25 12:55:44,268 - Knowledge - INFO - process ingested knowledge for /app/data/T0015/326202/b9060hi/Rufesi/java_tools/configuration_definition/src/com/rusefi/TsFileContent.java
2026-02-25 12:55:44,646 - Knowledge - INFO - done ingest for /app/data/T0015/326202/b9060hi/Rufesi/java_console/romraider/src/com/romraider/swing/GenericFileFilter.java
2026-02-25 12:55:46,979 - Knowledge - INFO - [kw6] Queue=808, InProgress=0, PendingWorkers=20/20, Completed=557/1454 (38.3%)
2026-02-25 12:55:46,982 - Knowledge - INFO - [LLM_CALL] Completed: SerialNativeInterface.java:chunk1, Duration: 69600ms, PromptTokens: 8164, CompletionTokens: 959, Cost: $0.00120
2026-02-25 12:55:47,228 - Knowledge - INFO - Batch sizing: calculated=8, max_allowed=10, queue=808, active_workers=20/20
2026-02-25 12:55:47,381 - Knowledge - INFO - done ingest for /app/data/T0015/326202/b9060hi/Rufesi/java_console/jssc/src/jssc/SerialNativeInterface.java
2026-02-25 12:55:48,403 - Knowledge - INFO - Fast-tracked /app/data/T0015/326202/b9060hi/Rufesi/java_tools/ts2c/src/com/rusefi/OBD2C.java (small file (3030 bytes))
2026-02-25 12:55:48,540 - Knowledge - INFO - [LLM_CALL] Completed: DOMSettingsUnmarshaller.java:chunk1, Duration: 89516ms, PromptTokens: 9814, CompletionTokens: 687, Cost: $0.00126
2026-02-25 12:55:48,819 - Knowledge - INFO - Async storage completed for 8 embeddings
2026-02-25 12:55:49,074 - Knowledge - INFO - done ingest for /app/data/T0015/326202/b9060hi/Rufesi/java_console/romraider/src/com/romraider/xml/DOMSettingsUnmarshaller.java
2026-02-25 12:55:49,625 - Knowledge - INFO - [LLM_CALL] Completed: RomID.java:chunk1, Duration: 93649ms, PromptTokens: 3334, CompletionTokens: 1092, Cost: $0.00077
2026-02-25 12:55:49,696 - Knowledge - INFO - [kw3] Queue=808, InProgress=0, PendingWorkers=20/20, Completed=558/1454 (38.4%)
2026-02-25 12:55:49,961 - Knowledge - INFO - done ingest for /app/data/T0015/326202/b9060hi/Rufesi/java_console/romraider/src/com/romraider/maps/RomID.java
2026-02-25 12:55:50,181 - Knowledge - INFO - Batch sizing: calculated=8, max_allowed=10, queue=808, active_workers=20/20
2026-02-25 12:55:50,585 - Knowledge - INFO - Async storing batch of 8 embeddings
2026-02-25 12:55:50,732 - Knowledge - INFO - Async storage completed for 10 embeddings
2026-02-25 12:55:50,902 - Knowledge - INFO - Worker kw6 processing /app/data/T0015/326202/b9060hi/Rufesi/java_tools/pcb_sync/src/com/rusefi/misc/NameAndOffset.java
2026-02-25 12:55:51,458 - Knowledge - INFO - Fast-tracked /app/data/T0015/326202/b9060hi/Rufesi/java_tools/pcb_sync/src/com/rusefi/misc/NameAndOffset.java (ext=.java, size=953)
2026-02-25 12:55:51,631 - Knowledge - INFO - [LLM_CALL] Completed: SerialPort.java:chunk1, Duration: 84678ms, PromptTokens: 22012, CompletionTokens: 1382, Cost: $0.00275
2026-02-25 12:55:51,683 - Knowledge - INFO - Async storage completed for 10 embeddings
2026-02-25 12:55:51,815 - Knowledge - INFO - Worker kw6 processing /app/data/T0015/326202/b9060hi/Rufesi/java_tools/pcb_sync/src/com/rusefi/PcbCopyTool.java
2026-02-25 12:55:51,938 - Knowledge - INFO - done ingest for /app/data/T0015/326202/b9060hi/Rufesi/java_console/jssc/src/jssc/SerialPort.java
2026-02-25 12:55:52,607 - Knowledge - INFO - Fast-tracked /app/data/T0015/326202/b9060hi/Rufesi/java_tools/pcb_sync/src/com/rusefi/PcbCopyTool.java (ext=.java, size=884)
2026-02-25 12:55:52,943 - Knowledge - INFO - Worker kw6 processing /app/data/T0015/326202/b9060hi/Rufesi/java_tools/pcb_sync/src/com/rusefi/bom/CpmFileModel.java
2026-02-25 12:55:53,578 - Knowledge - INFO - Worker kw6 processing /app/data/T0015/326202/b9060hi/Rufesi/java_tools/pcb_sync/src/com/rusefi/bom/BomComponent.java
2026-02-25 12:55:53,879 - Knowledge - INFO - [LLM_CALL] Completed: overall_header.html:chunk1, Duration: 76555ms, PromptTokens: 8504, CompletionTokens: 965, Cost: $0.00124
2026-02-25 12:55:54,022 - Knowledge - INFO - Fast-tracked /app/data/T0015/326202/b9060hi/Rufesi/java_tools/pcb_sync/src/com/rusefi/bom/BomComponent.java (ext=.java, size=368)
2026-02-25 12:55:54,094 - Knowledge - INFO - done ingest for /app/data/T0015/326202/b9060hi/Rufesi/misc/www/forum/styles/template/overall_header.html
2026-02-25 12:55:54,133 - Knowledge - INFO - [LLM_CALL] Completed: CompareImagesForm.java:chunk1, Duration: 127532ms, PromptTokens: 6576, CompletionTokens: 891, Cost: $0.00101
2026-02-25 12:55:54,253 - Knowledge - INFO - Worker kw6 processing /app/data/T0015/326202/b9060hi/Rufesi/java_tools/pcb_sync/src/com/rusefi/bom/BomBuilder.java
2026-02-25 12:55:54,656 - Knowledge - INFO - done ingest for /app/data/T0015/326202/b9060hi/Rufesi/java_console/romraider/src/com/romraider/swing/CompareImagesForm.java
2026-02-25 12:55:54,964 - Knowledge - INFO - Async storing batch of 8 embeddings
2026-02-25 12:55:55,016 - Knowledge - INFO - [kw19] Queue=792, InProgress=0, PendingWorkers=20/20, Completed=559/1454 (38.4%)
2026-02-25 12:55:55,205 - Knowledge - INFO - Worker kw6 processing /app/data/T0015/326202/b9060hi/Rufesi/java_tools/pcb_sync/src/com/rusefi/bom/BomRecord.java
2026-02-25 12:55:55,567 - Knowledge - INFO - Worker kw3 processing /app/data/T0015/326202/b9060hi/Rufesi/java_tools/pcb_sync/src/com/rusefi/pcb/test/PointNodeTest.java
2026-02-25 12:55:55,709 - Knowledge - INFO - Batch sizing: calculated=8, max_allowed=10, queue=792, active_workers=20/20
2026-02-25 12:55:55,863 - Knowledge - INFO - Fast-tracked /app/data/T0015/326202/b9060hi/Rufesi/java_tools/pcb_sync/src/com/rusefi/bom/BomRecord.java (ext=.java, size=913)
2026-02-25 12:55:56,310 - Knowledge - INFO - Fast-tracked /app/data/T0015/326202/b9060hi/Rufesi/java_tools/pcb_sync/src/com/rusefi/pcb/test/PointNodeTest.java (ext=.java, size=957)
2026-02-25 12:55:56,343 - Knowledge - INFO - [LLM_CALL] Completed: Scale.java:chunk1, Duration: 111737ms, PromptTokens: 3162, CompletionTokens: 355, Cost: $0.00046
2026-02-25 12:55:56,532 - Knowledge - INFO - Worker kw6 processing /app/data/T0015/326202/b9060hi/Rufesi/java_tools/pcb_sync/src/com/rusefi/util/FileUtils.java
2026-02-25 12:55:56,686 - Knowledge - INFO - Worker kw3 processing /app/data/T0015/326202/b9060hi/Rufesi/java_tools/pcb_sync/src/com/rusefi/pcb/test/ChangesModelTest.java
2026-02-25 12:55:56,932 - Knowledge - INFO - done ingest for /app/data/T0015/326202/b9060hi/Rufesi/java_console/romraider/src/com/romraider/maps/Scale.java
2026-02-25 12:55:57,146 - Knowledge - INFO - Fast-tracked /app/data/T0015/326202/b9060hi/Rufesi/java_tools/pcb_sync/src/com/rusefi/util/FileUtils.java (ext=.java, size=1537)
2026-02-25 12:55:57,437 - Knowledge - INFO - Fast-tracked /app/data/T0015/326202/b9060hi/Rufesi/java_tools/pcb_sync/src/com/rusefi/pcb/test/ChangesModelTest.java (ext=.java, size=1041)
2026-02-25 12:55:57,812 - Knowledge - INFO - Worker kw6 processing /app/data/T0015/326202/b9060hi/Rufesi/java_tools/pcb_sync/src/com/rusefi/RenameComponents.java
2026-02-25 12:55:58,056 - Knowledge - INFO - Worker kw3 processing /app/data/T0015/326202/b9060hi/Rufesi/java_tools/pcb_sync/src/com/rusefi/pcb/test/PcbNodeTest.java
2026-02-25 12:55:58,289 - Knowledge - INFO - [LLM_CALL] Completed: TablePropertyPanel.java:chunk1, Duration: 118410ms, PromptTokens: 7004, CompletionTokens: 652, Cost: $0.00096
2026-02-25 12:55:58,439 - Knowledge - INFO - Fast-tracked /app/data/T0015/326202/b9060hi/Rufesi/java_tools/pcb_sync/src/com/rusefi/bom/CpmFileModel.java (small file (2368 bytes))
2026-02-25 12:55:58,637 - Knowledge - INFO - Fast-tracked /app/data/T0015/326202/b9060hi/Rufesi/java_tools/pcb_sync/src/com/rusefi/pcb/test/PcbNodeTest.java (ext=.java, size=14526)
2026-02-25 12:55:58,674 - Knowledge - INFO - done ingest for /app/data/T0015/326202/b9060hi/Rufesi/java_console/romraider/src/com/romraider/swing/TablePropertyPanel.java
2026-02-25 12:55:58,927 - Knowledge - INFO - Worker kw3 processing /app/data/T0015/326202/b9060hi/Rufesi/java_tools/pcb_sync/src/com/rusefi/pcb/PointNode.java
2026-02-25 12:55:59,374 - Knowledge - INFO - Worker kw3 processing /app/data/T0015/326202/b9060hi/Rufesi/java_tools/pcb_sync/src/com/rusefi/pcb/ModuleNode.java
2026-02-25 12:55:59,785 - Knowledge - INFO - Fast-tracked /app/data/T0015/326202/b9060hi/Rufesi/java_tools/pcb_sync/src/com/rusefi/pcb/ModuleNode.java (ext=.java, size=1058)
2026-02-25 12:55:59,945 - Knowledge - INFO - Async storing batch of 8 embeddings
2026-02-25 12:56:00,102 - Knowledge - INFO - Worker kw3 processing /app/data/T0015/326202/b9060hi/Rufesi/java_tools/pcb_sync/src/com/rusefi/pcb/ZoneNode.java
2026-02-25 12:56:00,712 - Knowledge - INFO - Worker kw19 processing /app/data/T0015/326202/b9060hi/Rufesi/java_tools/pcb_sync/src/com/rusefi/pcb/AddNetNode.java
2026-02-25 12:56:00,782 - Knowledge - INFO - Fast-tracked /app/data/T0015/326202/b9060hi/Rufesi/java_tools/pcb_sync/src/com/rusefi/pcb/ZoneNode.java (ext=.java, size=408)
2026-02-25 12:56:01,126 - Knowledge - INFO - Fast-tracked /app/data/T0015/326202/b9060hi/Rufesi/java_tools/pcb_sync/src/com/rusefi/pcb/AddNetNode.java (ext=.java, size=255)
2026-02-25 12:56:01,419 - Knowledge - INFO - Worker kw3 processing /app/data/T0015/326202/b9060hi/Rufesi/java_tools/pcb_sync/src/com/rusefi/pcb/PcbMoveTool.java
2026-02-25 12:56:01,792 - Knowledge - INFO - Worker kw19 processing /app/data/T0015/326202/b9060hi/Rufesi/java_tools/pcb_sync/src/com/rusefi/pcb/SizeNode.java
2026-02-25 12:56:02,204 - Knowledge - INFO - Worker kw3 processing /app/data/T0015/326202/b9060hi/Rufesi/java_tools/pcb_sync/src/com/rusefi/pcb/ViaNode.java
2026-02-25 12:56:02,486 - Knowledge - INFO - Fast-tracked /app/data/T0015/326202/b9060hi/Rufesi/java_tools/pcb_sync/src/com/rusefi/pcb/SizeNode.java (ext=.java, size=830)
2026-02-25 12:56:02,774 - Knowledge - INFO - Fast-tracked /app/data/T0015/326202/b9060hi/Rufesi/java_tools/pcb_sync/src/com/rusefi/pcb/ViaNode.java (ext=.java, size=755)
2026-02-25 12:56:02,809 - Knowledge - INFO - Worker kw19 processing /app/data/T0015/326202/b9060hi/Rufesi/java_tools/pcb_sync/src/com/rusefi/pcb/RectPadNode.java
2026-02-25 12:56:03,225 - Knowledge - INFO - [LLM_CALL] Completed: RomTree.java:chunk1, Duration: 142481ms, PromptTokens: 2984, CompletionTokens: 669, Cost: $0.00057
2026-02-25 12:56:03,473 - Knowledge - INFO - Fast-tracked /app/data/T0015/326202/b9060hi/Rufesi/java_tools/pcb_sync/src/com/rusefi/pcb/RectPadNode.java (ext=.java, size=460)
2026-02-25 12:56:03,502 - Knowledge - INFO - Fast-tracked /app/data/T0015/326202/b9060hi/Rufesi/java_tools/pcb_sync/src/com/rusefi/pcb/PointNode.java (small file (2197 bytes))
2026-02-25 12:56:03,555 - Knowledge - INFO - Async storage completed for 8 embeddings
2026-02-25 12:56:03,662 - Knowledge - INFO - done ingest for /app/data/T0015/326202/b9060hi/Rufesi/java_console/romraider/src/com/romraider/swing/RomTree.java
2026-02-25 12:56:03,859 - Knowledge - INFO - Worker kw19 processing /app/data/T0015/326202/b9060hi/Rufesi/java_tools/pcb_sync/src/com/rusefi/pcb/SegmentNode.java
2026-02-25 12:56:04,225 - Knowledge - INFO - [LLM_CALL] Completed: main_listener.php:chunk1, Duration: 76435ms, PromptTokens: 5464, CompletionTokens: 859, Cost: $0.00089
2026-02-25 12:56:04,906 - Knowledge - INFO - Fast-tracked /app/data/T0015/326202/b9060hi/Rufesi/java_tools/pcb_sync/src/com/rusefi/pcb/SegmentNode.java (ext=.java, size=921)
2026-02-25 12:56:05,086 - Knowledge - INFO - done ingest for /app/data/T0015/326202/b9060hi/Rufesi/misc/www/forum/ext/ernadoo/qte/event/main_listener.php
2026-02-25 12:56:05,331 - Knowledge - INFO - [LLM_CALL] Completed: GccMapReader.java:chunk1, Duration: 24463ms, PromptTokens: 2776, CompletionTokens: 485, Cost: $0.00047
2026-02-25 12:56:05,375 - Knowledge - INFO - Worker kw19 processing /app/data/T0015/326202/b9060hi/Rufesi/java_tools/pcb_sync/src/com/rusefi/pcb/CirclePadNode.java
2026-02-25 12:56:05,834 - Knowledge - INFO - done ingest for /app/data/T0015/326202/b9060hi/Rufesi/java_tools/gcc_map_reader/src/rusefi/GccMapReader.java
2026-02-25 12:56:06,096 - Knowledge - INFO - Fast-tracked /app/data/T0015/326202/b9060hi/Rufesi/java_tools/pcb_sync/src/com/rusefi/pcb/CirclePadNode.java (ext=.java, size=432)
2026-02-25 12:56:06,569 - Knowledge - INFO - Worker kw19 processing /app/data/T0015/326202/b9060hi/Rufesi/java_tools/pcb_sync/src/com/rusefi/pcb/NetNode.java
2026-02-25 12:56:07,158 - Knowledge - INFO - Async storage completed for 8 embeddings
2026-02-25 12:56:07,227 - Knowledge - INFO - Fast-tracked /app/data/T0015/326202/b9060hi/Rufesi/java_tools/pcb_sync/src/com/rusefi/pcb/NetNode.java (ext=.java, size=759)
2026-02-25 12:56:07,311 - Knowledge - INFO - [LLM_CALL] Completed: JTableChooser.java:chunk1, Duration: 135007ms, PromptTokens: 2854, CompletionTokens: 558, Cost: $0.00051
2026-02-25 12:56:08,634 - Knowledge - INFO - Worker kw19 processing /app/data/T0015/326202/b9060hi/Rufesi/java_tools/pcb_sync/src/com/rusefi/pcb/LayerNode.java
2026-02-25 12:56:09,071 - Knowledge - INFO - done ingest for /app/data/T0015/326202/b9060hi/Rufesi/java_console/romraider/src/com/romraider/swing/JTableChooser.java
2026-02-25 12:56:09,552 - Knowledge - INFO - Fast-tracked /app/data/T0015/326202/b9060hi/Rufesi/java_tools/pcb_sync/src/com/rusefi/pcb/LayerNode.java (ext=.java, size=462)
2026-02-25 12:56:09,973 - Knowledge - INFO - Worker kw19 processing /app/data/T0015/326202/b9060hi/Rufesi/java_tools/pcb_sync/src/com/rusefi/pcb/PcbMergeTool.java
2026-02-25 12:56:12,603 - Knowledge - INFO - Async storage completed for 8 embeddings
2026-02-25 12:56:14,759 - Knowledge - INFO - [kw13] Queue=784, InProgress=0, PendingWorkers=20/20, Completed=569/1454 (39.1%)
2026-02-25 12:56:14,842 - Knowledge - INFO - [LLM_CALL] Completed: ChangesModel.java:chunk1, Duration: 30000ms, PromptTokens: 2592, CompletionTokens: 498, Cost: $0.00046
2026-02-25 12:56:15,101 - Knowledge - INFO - Batch sizing: calculated=8, max_allowed=10, queue=784, active_workers=20/20
2026-02-25 12:56:15,295 - Knowledge - INFO - done ingest for /app/data/T0015/326202/b9060hi/Rufesi/java_tools/pcb_sync/src/com/rusefi/misc/ChangesModel.java
2026-02-25 12:56:15,601 - Knowledge - INFO - Processing batch of 8 files
2026-02-25 12:56:15,679 - Knowledge - INFO - [LLM_CALL] Completed: DOMSettingsBuilder.java:chunk1, Duration: 134931ms, PromptTokens: 9472, CompletionTokens: 1154, Cost: $0.00141
2026-02-25 12:56:15,905 - Knowledge - INFO - process ingested knowledge for /app/data/T0015/326202/b9060hi/Rufesi/unit_tests/map_resize.h
2026-02-25 12:56:16,158 - Knowledge - INFO - done ingest for /app/data/T0015/326202/b9060hi/Rufesi/java_console/romraider/src/com/romraider/xml/DOMSettingsBuilder.java
2026-02-25 12:56:16,501 - Knowledge - INFO - [kw11] Queue=784, InProgress=0, PendingWorkers=20/20, Completed=574/1454 (39.5%)
2026-02-25 12:56:16,600 - Knowledge - INFO - Async storing batch of 8 embeddings
2026-02-25 12:56:16,663 - Knowledge - INFO - process ingested knowledge for /app/data/T0015/326202/b9060hi/Rufesi/unit_tests/engine_test_helper.cpp
2026-02-25 12:56:16,843 - Knowledge - INFO - [LLM_CALL] Completed: ConfigField.java:chunk1, Duration: 39882ms, PromptTokens: 5408, CompletionTokens: 521, Cost: $0.00075
2026-02-25 12:56:16,922 - Knowledge - INFO - Batch sizing: calculated=8, max_allowed=10, queue=784, active_workers=20/20
2026-02-25 12:56:17,305 - Knowledge - INFO - Worker kw13 processing /app/data/T0015/326202/b9060hi/Rufesi/java_tools/pcb_sync/src/com/rusefi/pcb/PadNode.java
2026-02-25 12:56:17,400 - Knowledge - INFO - done ingest for /app/data/T0015/326202/b9060hi/Rufesi/java_tools/configuration_definition/src/com/rusefi/ConfigField.java
2026-02-25 12:56:17,843 - Knowledge - INFO - Fast-tracked /app/data/T0015/326202/b9060hi/Rufesi/java_tools/pcb_sync/src/com/rusefi/pcb/PadNode.java (ext=.java, size=1302)
2026-02-25 12:56:18,203 - Knowledge - INFO - Worker kw13 processing /app/data/T0015/326202/b9060hi/Rufesi/java_tools/pcb_sync/src/com/rusefi/pcb/PcbNode.java
2026-02-25 12:56:18,550 - Knowledge - INFO - Processing batch of 8 files
2026-02-25 12:56:18,606 - Knowledge - INFO - [kw15] Queue=776, InProgress=0, PendingWorkers=20/20, Completed=581/1454 (40.0%)
2026-02-25 12:56:18,639 - Knowledge - INFO - process ingested knowledge for /app/data/T0015/326202/b9060hi/Rufesi/unit_tests/triggers.txt
2026-02-25 12:56:18,716 - Knowledge - INFO - Async storing batch of 10 embeddings
2026-02-25 12:56:18,804 - Knowledge - INFO - Worker kw13 processing /app/data/T0015/326202/b9060hi/Rufesi/java_tools/pcb_sync/src/com/rusefi/pcb/GrLineNode.java
2026-02-25 12:56:18,870 - Knowledge - INFO - process ingested knowledge for /app/data/T0015/326202/b9060hi/Rufesi/java_tools/configuration_definition/build.xml
2026-02-25 12:56:19,097 - Knowledge - INFO - Batch sizing: calculated=8, max_allowed=10, queue=776, active_workers=20/20
2026-02-25 12:56:19,464 - Knowledge - INFO - Worker kw11 processing /app/data/T0015/326202/b9060hi/Rufesi/java_tools/pcb_sync/build.xml
2026-02-25 12:56:19,644 - Knowledge - WARNING - Timeout processing /app/data/T0015/326202/b9060hi/Rufesi/java_console/romraider/src/com/romraider/maps/Table3D.java after 90s - using fallback metadata
2026-02-25 12:56:19,965 - Knowledge - INFO - Fast-tracked /app/data/T0015/326202/b9060hi/Rufesi/java_tools/pcb_sync/src/com/rusefi/pcb/GrLineNode.java (ext=.java, size=350)
2026-02-25 12:56:20,464 - Knowledge - INFO - [WEBSOCKET] Sent: Type=progress_update, Size: 293, Duration: 0ms
2026-02-25 12:56:20,512 - Knowledge - INFO - process ingested knowledge for /app/data/T0015/326202/b9060hi/Rufesi/unit_tests/afm2mapConverter.cpp
2026-02-25 12:56:20,537 - Knowledge - INFO - Fast-tracked /app/data/T0015/326202/b9060hi/Rufesi/java_tools/pcb_sync/build.xml (ext=.xml, size=648)
2026-02-25 12:56:20,585 - Knowledge - INFO - process ingested knowledge for /app/data/T0015/326202/b9060hi/Rufesi/java_tools/bin2header/src/rusefi/Bin2Header.java
2026-02-25 12:56:20,613 - Knowledge - INFO - [kw7] Queue=768, InProgress=0, PendingWorkers=20/20, Completed=588/1454 (40.4%)
2026-02-25 12:56:20,859 - Knowledge - INFO - Worker kw13 processing /app/data/T0015/326202/b9060hi/Rufesi/java_tools/pcb_sync/src/com/rusefi/Main.java
2026-02-25 12:56:21,343 - Knowledge - INFO - Processing batch of 8 files
2026-02-25 12:56:21,367 - Knowledge - INFO - Processing batch of 8 files
2026-02-25 12:56:21,495 - Knowledge - INFO - process ingested knowledge for /app/data/T0015/326202/b9060hi/Rufesi/unit_tests/unit_test_framework.cpp
2026-02-25 12:56:21,591 - Knowledge - INFO - Processing batch of 8 files
2026-02-25 12:56:21,603 - Knowledge - INFO - Worker kw11 processing /app/data/T0015/326202/b9060hi/Rufesi/java_tools/net_list_merge/src/rusefi/NetListMergeUtil.java
2026-02-25 12:56:21,625 - Knowledge - INFO - Async storing batch of 8 embeddings
2026-02-25 12:56:21,680 - Knowledge - INFO - [kw8] Queue=760, InProgress=0, PendingWorkers=20/20, Completed=596/1454 (41.0%)
2026-02-25 12:56:21,763 - Knowledge - INFO - [WEBSOCKET] Sent: Type=unknown, Size: ?, Duration: 1300ms
2026-02-25 12:56:21,793 - Knowledge - INFO - process ingested knowledge for /app/data/T0015/326202/b9060hi/Rufesi/java_tools/bin2header/build.xml
2026-02-25 12:56:22,012 - Knowledge - INFO - Batch sizing: calculated=8, max_allowed=10, queue=768, active_workers=20/20
2026-02-25 12:56:22,336 - Knowledge - INFO - Fast-tracked /app/data/T0015/326202/b9060hi/Rufesi/java_tools/pcb_sync/src/com/rusefi/Main.java (ext=.java, size=1921)
2026-02-25 12:56:22,522 - Knowledge - INFO - process ingested knowledge for /app/data/T0015/326202/b9060hi/Rufesi/misc/stm32f1_test_project/chconf.h
2026-02-25 12:56:22,823 - Knowledge - INFO - process ingested knowledge for /app/data/T0015/326202/b9060hi/Rufesi/java_console/jssc/src/jssc/SerialPortException.java
2026-02-25 12:56:23,431 - Knowledge - INFO - process ingested knowledge for /app/data/T0015/326202/b9060hi/Rufesi/unit_tests/tests/test_speed_density.cpp
2026-02-25 12:56:23,472 - Knowledge - INFO - process ingested knowledge for /app/data/T0015/326202/b9060hi/Rufesi/java_console/romraider/src/com/romraider/maps/CopySelection2DWorker.java
2026-02-25 12:56:23,577 - Knowledge - INFO - Fast-tracked /app/data/T0015/326202/b9060hi/Rufesi/java_tools/net_list_merge/src/rusefi/NetListMergeUtil.java (ext=.java, size=1555)
2026-02-25 12:56:23,858 - Knowledge - INFO - Worker kw15 processing /app/data/T0015/326202/b9060hi/Rufesi/java_tools/enum_to_string/build.xml
2026-02-25 12:56:23,868 - Knowledge - INFO - Batch sizing: calculated=8, max_allowed=10, queue=760, active_workers=20/20
2026-02-25 12:56:24,201 - Knowledge - INFO - Progress: 40.3% | Files: 596/1454 | Rate: 1.37 files/sec | Queue: 760
2026-02-25 12:56:24,250 - Knowledge - INFO - [LLM_CALL] Completed: TSProjectConsumer.java:chunk1, Duration: 49722ms, PromptTokens: 2308, CompletionTokens: 428, Cost: $0.00040
2026-02-25 12:56:24,502 - Knowledge - INFO - process ingested knowledge for /app/data/T0015/326202/b9060hi/Rufesi/java_tools/gcc_map_reader/src/rusefi/GccMapReader.java
2026-02-25 12:56:24,742 - Knowledge - INFO - Worker kw13 processing /app/data/T0015/326202/b9060hi/Rufesi/java_tools/pcb_sync/6ch_replace.txt
2026-02-25 12:56:24,857 - Knowledge - INFO - process ingested knowledge for /app/data/T0015/326202/b9060hi/Rufesi/misc/www/style/font/font_info.txt
2026-02-25 12:56:25,052 - Knowledge - INFO - process ingested knowledge for /app/data/T0015/326202/b9060hi/Rufesi/java_console/jssc/src/jssc/SerialPortList.java
2026-02-25 12:56:25,274 - Knowledge - INFO - process ingested knowledge for /app/data/T0015/326202/b9060hi/Rufesi/unit_tests/tests/test_fuelCut.cpp
2026-02-25 12:56:25,431 - Knowledge - INFO - process ingested knowledge for /app/data/T0015/326202/b9060hi/Rufesi/java_console/romraider/src/com/romraider/maps/RomChecksum.java
2026-02-25 12:56:25,568 - Knowledge - INFO - Worker kw11 processing /app/data/T0015/326202/b9060hi/Rufesi/java_tools/net_list_merge/src/rusefi/NetListMerge.java
2026-02-25 12:56:25,857 - Knowledge - INFO - Fast-tracked /app/data/T0015/326202/b9060hi/Rufesi/java_tools/enum_to_string/build.xml (ext=.xml, size=678)
2026-02-25 12:56:26,260 - Knowledge - INFO - [kw4] Queue=744, InProgress=0, PendingWorkers=20/20, Completed=596/1454 (41.0%)
2026-02-25 12:56:26,469 - Knowledge - INFO - done ingest for /app/data/T0015/326202/b9060hi/Rufesi/java_tools/configuration_definition/src/com/rusefi/TSProjectConsumer.java
2026-02-25 12:56:26,481 - Knowledge - INFO - [LLM_CALL] Completed: PcbMoveTool.java:chunk1, Duration: 21371ms, PromptTokens: 3312, CompletionTokens: 476, Cost: $0.00052
2026-02-25 12:56:26,655 - Knowledge - INFO - process ingested knowledge for /app/data/T0015/326202/b9060hi/Rufesi/java_tools/gcc_map_reader/build.xml
2026-02-25 12:56:26,850 - Knowledge - INFO - Fast-tracked /app/data/T0015/326202/b9060hi/Rufesi/java_tools/pcb_sync/6ch_replace.txt (ext=.txt, size=299)
2026-02-25 12:56:26,923 - Knowledge - INFO - process ingested knowledge for /app/data/T0015/326202/b9060hi/Rufesi/misc/www/forum/styles/template/overall_header.html
2026-02-25 12:56:27,018 - Knowledge - INFO - process ingested knowledge for /app/data/T0015/326202/b9060hi/Rufesi/java_console/jssc/src/jssc/SerialPort.java
2026-02-25 12:56:27,158 - Knowledge - INFO - process ingested knowledge for /app/data/T0015/326202/b9060hi/Rufesi/unit_tests/tests/test_on_demand_parameters.cpp
2026-02-25 12:56:27,300 - Knowledge - INFO - process ingested knowledge for /app/data/T0015/326202/b9060hi/Rufesi/java_console/romraider/src/com/romraider/maps/CopyTableWorker.java
2026-02-25 12:56:27,440 - Knowledge - INFO - Worker kw11 processing /app/data/T0015/326202/b9060hi/Rufesi/java_tools/net_list_merge/build.xml
2026-02-25 12:56:27,563 - Knowledge - INFO - Worker kw15 processing /app/data/T0015/326202/b9060hi/Rufesi/java_tools/path2iar/src/com/rusefi/Path2IAR.java
2026-02-25 12:56:27,704 - Knowledge - INFO - Batch sizing: calculated=8, max_allowed=10, queue=744, active_workers=20/20
2026-02-25 12:56:28,641 - Knowledge - INFO - done ingest for /app/data/T0015/326202/b9060hi/Rufesi/java_tools/pcb_sync/src/com/rusefi/pcb/PcbMoveTool.java
2026-02-25 12:56:28,642 - Knowledge - INFO - [LLM_CALL] Completed: RemoveUnneededTraces.java:chunk1, Duration: 47381ms, PromptTokens: 2786, CompletionTokens: 573, Cost: $0.00051
2026-02-25 12:56:28,940 - Knowledge - INFO - process ingested knowledge for /app/data/T0015/326202/b9060hi/Rufesi/java_tools/ts2c/src/com/rusefi/OBD2C.java
2026-02-25 12:56:29,097 - Knowledge - INFO - Worker kw13 processing /app/data/T0015/326202/b9060hi/Rufesi/java_tools/pcb_sync/pcb_merge_changes.txt
2026-02-25 12:56:29,244 - Knowledge - INFO - process ingested knowledge for /app/data/T0015/326202/b9060hi/Rufesi/misc/www/forum/styles/template/overall_footer.html
2026-02-25 12:56:29,482 - Knowledge - INFO - process ingested knowledge for /app/data/T0015/326202/b9060hi/Rufesi/java_console/jssc/src/jssc/SerialPortEventListener.java
2026-02-25 12:56:29,985 - Knowledge - INFO - Fast-tracked /app/data/T0015/326202/b9060hi/Rufesi/java_tools/net_list_merge/build.xml (ext=.xml, size=658)
2026-02-25 12:56:30,014 - Knowledge - INFO - process ingested knowledge for /app/data/T0015/326202/b9060hi/Rufesi/java_console/romraider/src/com/romraider/maps/Table1D.java
2026-02-25 12:56:30,117 - Knowledge - INFO - Worker kw15 processing /app/data/T0015/326202/b9060hi/Rufesi/java_tools/cmp_merge/src/rusefi/CmpMerge.java
2026-02-25 12:56:30,688 - Knowledge - INFO - done ingest for /app/data/T0015/326202/b9060hi/Rufesi/java_tools/pcb_sync/src/com/rusefi/misc/RemoveUnneededTraces.java
2026-02-25 12:56:30,691 - Knowledge - INFO - Async storing batch of 8 embeddings
2026-02-25 12:56:30,702 - Knowledge - INFO - Async storing batch of 8 embeddings
2026-02-25 12:56:30,717 - Knowledge - INFO - [LLM_CALL] Completed: BomBuilder.java:chunk1, Duration: 31698ms, PromptTokens: 4646, CompletionTokens: 523, Cost: $0.00067
2026-02-25 12:56:31,122 - Knowledge - INFO - Fast-tracked /app/data/T0015/326202/b9060hi/Rufesi/java_tools/pcb_sync/pcb_merge_changes.txt (ext=.txt, size=721)
2026-02-25 12:56:31,429 - Knowledge - INFO - Worker kw11 processing /app/data/T0015/326202/b9060hi/Rufesi/java_tools/version2header/src/com/rusefi/Version2Header.java
2026-02-25 12:56:31,488 - Knowledge - INFO - process ingested knowledge for /app/data/T0015/326202/b9060hi/Rufesi/java_tools/ts2c/input.txt
2026-02-25 12:56:31,511 - Knowledge - INFO - process ingested knowledge for /app/data/T0015/326202/b9060hi/Rufesi/misc/www/forum/styles/prosilver/theme/common.css
2026-02-25 12:56:31,527 - Knowledge - INFO - process ingested knowledge for /app/data/T0015/326202/b9060hi/Rufesi/java_console/jssc/src/jssc/SerialPortTimeoutException.java
2026-02-25 12:56:31,600 - Knowledge - INFO - process ingested knowledge for /app/data/T0015/326202/b9060hi/Rufesi/java_console/romraider/src/com/romraider/maps/CopyTable2DWorker.java
2026-02-25 12:56:31,890 - Knowledge - INFO - Fast-tracked /app/data/T0015/326202/b9060hi/Rufesi/java_tools/cmp_merge/src/rusefi/CmpMerge.java (ext=.java, size=1807)
2026-02-25 12:56:32,188 - Knowledge - INFO - Worker kw7 processing /app/data/T0015/326202/b9060hi/Rufesi/hardware/DDPAK_breakout/readme.md
2026-02-25 12:56:32,451 - Knowledge - INFO - done ingest for /app/data/T0015/326202/b9060hi/Rufesi/java_tools/pcb_sync/src/com/rusefi/bom/BomBuilder.java
2026-02-25 12:56:32,452 - Knowledge - INFO - Worker kw8 processing /app/data/T0015/326202/b9060hi/Rufesi/hardware/frankenstein/merge/mmc_ttl_prepare_changes.txt
2026-02-25 12:56:32,454 - Knowledge - INFO - [LLM_CALL] Completed: SettingsForm.java:chunk1, Duration: 156764ms, PromptTokens: 23226, CompletionTokens: 889, Cost: $0.00268
2026-02-25 12:56:32,552 - Knowledge - INFO - Worker kw13 processing /app/data/T0015/326202/b9060hi/Rufesi/java_tools/pcb_sync/mmc_replace.txt
2026-02-25 12:56:32,737 - Knowledge - INFO - Worker kw11 processing /app/data/T0015/326202/b9060hi/Rufesi/java_tools/version2header/build.xml
2026-02-25 12:56:32,800 - Knowledge - INFO - process ingested knowledge for /app/data/T0015/326202/b9060hi/Rufesi/java_tools/ts2c/build.xml
2026-02-25 12:56:33,204 - Knowledge - INFO - process ingested knowledge for /app/data/T0015/326202/b9060hi/Rufesi/misc/www/forum/styles/prosilver/theme/colours.css
2026-02-25 12:56:33,235 - Knowledge - INFO - process ingested knowledge for /app/data/T0015/326202/b9060hi/Rufesi/java_console/jssc/src/jssc/SerialPortEvent.java
2026-02-25 12:56:33,242 - Knowledge - INFO - process ingested knowledge for /app/data/T0015/326202/b9060hi/Rufesi/java_console/romraider/src/com/romraider/maps/CopySelectionWorker.java
2026-02-25 12:56:33,308 - Knowledge - INFO - Worker kw15 processing /app/data/T0015/326202/b9060hi/Rufesi/java_tools/cmp_merge/build.xml
2026-02-25 12:56:33,454 - Knowledge - INFO - Fast-tracked /app/data/T0015/326202/b9060hi/Rufesi/hardware/DDPAK_breakout/readme.md (ext=.md, size=71)
2026-02-25 12:56:33,797 - Knowledge - INFO - Fast-tracked /app/data/T0015/326202/b9060hi/Rufesi/hardware/frankenstein/merge/mmc_ttl_prepare_changes.txt (ext=.txt, size=48)
2026-02-25 12:56:33,940 - Knowledge - INFO - done ingest for /app/data/T0015/326202/b9060hi/Rufesi/java_console/romraider/src/com/romraider/swing/SettingsForm.java
2026-02-25 12:56:33,955 - Knowledge - INFO - Async storing batch of 8 embeddings
2026-02-25 12:56:33,967 - Knowledge - INFO - Processing batch of 8 files
2026-02-25 12:56:33,980 - Knowledge - INFO - [LLM_CALL] Completed: DOMRomUnmarshaller.java:chunk1, Duration: 145044ms, PromptTokens: 11112, CompletionTokens: 2582, Cost: $0.00214
2026-02-25 12:56:34,131 - Knowledge - INFO - Fast-tracked /app/data/T0015/326202/b9060hi/Rufesi/java_tools/pcb_sync/mmc_replace.txt (ext=.txt, size=310)
2026-02-25 12:56:34,293 - Knowledge - INFO - Fast-tracked /app/data/T0015/326202/b9060hi/Rufesi/java_tools/version2header/build.xml (ext=.xml, size=664)
2026-02-25 12:56:34,654 - Knowledge - INFO - process ingested knowledge for /app/data/T0015/326202/b9060hi/Rufesi/misc/www/forum/ext/ernadoo/qte/event/main_listener.php
2026-02-25 12:56:34,655 - Knowledge - INFO - process ingested knowledge for /app/data/T0015/326202/b9060hi/Rufesi/java_console/jssc/readme.txt
2026-02-25 12:56:34,980 - Knowledge - INFO - Fast-tracked /app/data/T0015/326202/b9060hi/Rufesi/java_tools/cmp_merge/build.xml (ext=.xml, size=649)
2026-02-25 12:56:35,141 - Knowledge - INFO - Worker kw7 processing /app/data/T0015/326202/b9060hi/Rufesi/hardware/DDPAK_breakout/DDPAK_breakout.pro
2026-02-25 12:56:35,153 - Knowledge - INFO - process ingested knowledge for /app/data/T0015/326202/b9060hi/Rufesi/java_console/romraider/src/com/romraider/maps/RomID.java
2026-02-25 12:56:35,288 - Knowledge - INFO - Worker kw8 processing /app/data/T0015/326202/b9060hi/Rufesi/hardware/frankenstein/merge/pcb_merge_changes.txt
2026-02-25 12:56:35,600 - Knowledge - INFO - Worker kw4 processing /app/data/T0015/326202/b9060hi/Rufesi/hardware/368255-2-connector/368255-2.pro
2026-02-25 12:56:35,738 - Knowledge - INFO - process ingested knowledge for /app/data/T0015/326202/b9060hi/Rufesi/java_tools/pcb_sync/src/com/rusefi/pcb/test/PointNodeTest.java
2026-02-25 12:56:35,849 - Knowledge - INFO - done ingest for /app/data/T0015/326202/b9060hi/Rufesi/java_console/romraider/src/com/romraider/xml/DOMRomUnmarshaller.java
2026-02-25 12:56:35,871 - Knowledge - INFO - [LLM_CALL] Completed: PcbMergeTool.java:chunk1, Duration: 25133ms, PromptTokens: 4912, CompletionTokens: 813, Cost: $0.00082
2026-02-25 12:56:36,030 - Knowledge - INFO - Worker kw13 processing /app/data/T0015/326202/b9060hi/Rufesi/java_tools/pcb_sync/changes.txt
2026-02-25 12:56:36,169 - Knowledge - INFO - Worker kw11 processing /app/data/T0015/326202/b9060hi/Rufesi/java_tools/enum_to_string/src/com/rusefi/EnumToStringTest.java
2026-02-25 12:56:36,443 - Knowledge - INFO - process ingested knowledge for /app/data/T0015/326202/b9060hi/Rufesi/misc/www/error404.html
2026-02-25 12:56:36,510 - Knowledge - INFO - process ingested knowledge for /app/data/T0015/326202/b9060hi/Rufesi/java_console/lib/batik/README.xerces_2_5_0.txt
2026-02-25 12:56:36,665 - Knowledge - INFO - Worker kw15 processing /app/data/T0015/326202/b9060hi/Rufesi/hardware/brain_board_STM32F407_SD_wing-it/brain_board_STM32F407_SD_wing-it.pro
2026-02-25 12:56:36,829 - Knowledge - INFO - Fast-tracked /app/data/T0015/326202/b9060hi/Rufesi/hardware/DDPAK_breakout/DDPAK_breakout.pro (ext=.pro, size=1322)
2026-02-25 12:56:37,015 - Knowledge - INFO - process ingested knowledge for /app/data/T0015/326202/b9060hi/Rufesi/java_console/romraider/src/com/romraider/maps/Table3D.java
2026-02-25 12:56:37,016 - Knowledge - INFO - Fast-tracked /app/data/T0015/326202/b9060hi/Rufesi/hardware/frankenstein/merge/pcb_merge_changes.txt (ext=.txt, size=1433)
2026-02-25 12:56:37,143 - Knowledge - INFO - Fast-tracked /app/data/T0015/326202/b9060hi/Rufesi/hardware/368255-2-connector/368255-2.pro (ext=.pro, size=1583)
2026-02-25 12:56:37,478 - Knowledge - INFO - done ingest for /app/data/T0015/326202/b9060hi/Rufesi/java_tools/pcb_sync/src/com/rusefi/pcb/PcbMergeTool.java
2026-02-25 12:56:37,521 - Knowledge - INFO - Processing batch of 8 files
2026-02-25 12:56:37,563 - Knowledge - INFO - [LLM_CALL] Completed: TableWithData.java:chunk1, Duration: 124802ms, PromptTokens: 3784, CompletionTokens: 705, Cost: $0.00066
2026-02-25 12:56:37,635 - Knowledge - INFO - process ingested knowledge for /app/data/T0015/326202/b9060hi/Rufesi/java_tools/pcb_sync/src/com/rusefi/pcb/test/ChangesModelTest.java
2026-02-25 12:56:37,647 - Knowledge - INFO - Fast-tracked /app/data/T0015/326202/b9060hi/Rufesi/java_tools/pcb_sync/changes.txt (ext=.txt, size=73)
2026-02-25 12:56:37,776 - Knowledge - INFO - Fast-tracked /app/data/T0015/326202/b9060hi/Rufesi/java_tools/enum_to_string/src/com/rusefi/EnumToStringTest.java (ext=.java, size=367)
2026-02-25 12:56:38,196 - Knowledge - INFO - Fast-tracked /app/data/T0015/326202/b9060hi/Rufesi/hardware/brain_board_STM32F407_SD_wing-it/brain_board_STM32F407_SD_wing-it.pro (ext=.pro, size=1140)
2026-02-25 12:56:38,280 - Knowledge - INFO - Worker kw7 processing /app/data/T0015/326202/b9060hi/Rufesi/hardware/common_parts.txt
2026-02-25 12:56:38,543 - Knowledge - INFO - Worker kw8 processing /app/data/T0015/326202/b9060hi/Rufesi/hardware/frankenstein/merge/vr_changes.txt
2026-02-25 12:56:38,740 - Knowledge - INFO - Worker kw4 processing /app/data/T0015/326202/b9060hi/Rufesi/hardware/Stimulator/known_issues.txt
2026-02-25 12:56:39,023 - Knowledge - INFO - process ingested knowledge for /app/data/T0015/326202/b9060hi/Rufesi/java_tools/readme.txt
2026-02-25 12:56:39,144 - Knowledge - INFO - done ingest for /app/data/T0015/326202/b9060hi/Rufesi/java_console/romraider/src/com/romraider/maps/TableWithData.java
2026-02-25 12:56:39,145 - Knowledge - INFO - Processing batch of 10 files
2026-02-25 12:56:39,160 - Knowledge - INFO - [LLM_CALL] Completed: RenameComponents.java:chunk1, Duration: 37962ms, PromptTokens: 2458, CompletionTokens: 608, Cost: $0.00049
2026-02-25 12:56:39,499 - Knowledge - INFO - Worker kw11 processing /app/data/T0015/326202/b9060hi/Rufesi/java_tools/enum_to_string/src/com/rusefi/EnumToString.java
2026-02-25 12:56:39,559 - Knowledge - WARNING - Timeout processing /app/data/T0015/326202/b9060hi/Rufesi/java_console/romraider/src/com/romraider/Settings.java after 90s - using fallback metadata
2026-02-25 12:56:39,669 - Knowledge - INFO - Worker kw15 processing /app/data/T0015/326202/b9060hi/Rufesi/hardware/gerbmerge/ki2gm.py
2026-02-25 12:56:39,838 - Knowledge - INFO - Fast-tracked /app/data/T0015/326202/b9060hi/Rufesi/hardware/common_parts.txt (ext=.txt, size=258)
2026-02-25 12:56:39,993 - Knowledge - INFO - Fast-tracked /app/data/T0015/326202/b9060hi/Rufesi/hardware/frankenstein/merge/vr_changes.txt (ext=.txt, size=288)
2026-02-25 12:56:40,070 - Knowledge - INFO - Fast-tracked /app/data/T0015/326202/b9060hi/Rufesi/hardware/Stimulator/known_issues.txt (ext=.txt, size=380)
2026-02-25 12:56:40,408 - Knowledge - INFO - process ingested knowledge for /app/data/T0015/326202/b9060hi/Rufesi/java_console/romraider/src/com/romraider/swing/RomTree.java
2026-02-25 12:56:40,514 - Knowledge - INFO - done ingest for /app/data/T0015/326202/b9060hi/Rufesi/java_tools/pcb_sync/src/com/rusefi/RenameComponents.java
2026-02-25 12:56:40,557 - Knowledge - INFO - Processing batch of 8 files
2026-02-25 12:56:40,749 - Knowledge - INFO - process ingested knowledge for /app/data/T0015/326202/b9060hi/Rufesi/java_tools/pcb_sync/src/com/rusefi/pcb/test/PcbNodeTest.java
2026-02-25 12:56:40,858 - Knowledge - WARNING - Timeout processing /app/data/T0015/326202/b9060hi/Rufesi/java_console/romraider/src/com/romraider/editor/ecu/ECUEditor.java after 90s - using fallback metadata
2026-02-25 12:56:41,000 - Knowledge - INFO - Worker kw15 processing /app/data/T0015/326202/b9060hi/Rufesi/hardware/gerbmerge/jobs.py
2026-02-25 12:56:41,170 - Knowledge - INFO - Worker kw7 processing /app/data/T0015/326202/b9060hi/Rufesi/hardware/knock_VR_Art_ELectro/cps_vrs_io_1.pro
2026-02-25 12:56:41,261 - Knowledge - INFO - [WEBSOCKET] Sent: Type=progress_update, Size: 296, Duration: 0ms
2026-02-25 12:56:41,289 - Knowledge - INFO - process ingested knowledge for /app/data/T0015/326202/b9060hi/Rufesi/java_tools/serial_tester/src/com/rusefi/io/serial/SerialPortReader.java
2026-02-25 12:56:41,294 - Knowledge - INFO - Worker kw8 processing /app/data/T0015/326202/b9060hi/Rufesi/hardware/frankenstein/known_issues.txt
2026-02-25 12:56:41,426 - Knowledge - INFO - Worker kw4 processing /app/data/T0015/326202/b9060hi/Rufesi/hardware/Stimulator/README.md
2026-02-25 12:56:41,731 - Knowledge - INFO - [kw10] Queue=736, InProgress=0, PendingWorkers=20/20, Completed=638/1454 (43.9%)
2026-02-25 12:56:41,869 - Knowledge - INFO - process ingested knowledge for /app/data/T0015/326202/b9060hi/Rufesi/java_console/romraider/src/com/romraider/xml/DOMHelper.java
2026-02-25 12:56:42,221 - Knowledge - INFO - process ingested knowledge for /app/data/T0015/326202/b9060hi/Rufesi/java_console/romraider/src/com/romraider/swing/CompareImagesForm.java
2026-02-25 12:56:42,294 - Knowledge - INFO - Worker kw15 processing /app/data/T0015/326202/b9060hi/Rufesi/hardware/DDPAK_breakout/known_issues.txt
2026-02-25 12:56:42,409 - Knowledge - INFO - Fast-tracked /app/data/T0015/326202/b9060hi/Rufesi/hardware/knock_VR_Art_ELectro/cps_vrs_io_1.pro (ext=.pro, size=1109)
2026-02-25 12:56:42,536 - Knowledge - INFO - Processing batch of 8 files
2026-02-25 12:56:42,542 - Knowledge - INFO - [WEBSOCKET] Sent: Type=unknown, Size: ?, Duration: 1281ms
2026-02-25 12:56:42,802 - Knowledge - INFO - Fast-tracked /app/data/T0015/326202/b9060hi/Rufesi/hardware/frankenstein/known_issues.txt (ext=.txt, size=1185)
2026-02-25 12:56:42,872 - Knowledge - INFO - process ingested knowledge for /app/data/T0015/326202/b9060hi/Rufesi/java_tools/pcb_sync/src/com/rusefi/pcb/PointNode.java
2026-02-25 12:56:42,930 - Knowledge - INFO - Fast-tracked /app/data/T0015/326202/b9060hi/Rufesi/hardware/Stimulator/README.md (ext=.md, size=41)
2026-02-25 12:56:43,091 - Knowledge - INFO - Batch sizing: calculated=8, max_allowed=10, queue=736, active_workers=20/20
2026-02-25 12:56:43,174 - Knowledge - INFO - Async storage completed for 8 embeddings
2026-02-25 12:56:43,413 - Knowledge - INFO - Fast-tracked /app/data/T0015/326202/b9060hi/Rufesi/hardware/DDPAK_breakout/known_issues.txt (ext=.txt, size=324)
2026-02-25 12:56:43,487 - Knowledge - INFO - process ingested knowledge for /app/data/T0015/326202/b9060hi/Rufesi/java_tools/serial_tester/src/com/rusefi/io/DataListener.java
2026-02-25 12:56:43,499 - Knowledge - INFO - process ingested knowledge for /app/data/T0015/326202/b9060hi/Rufesi/java_console/romraider/src/com/romraider/xml/DOMSettingsBuilder.java
2026-02-25 12:56:43,508 - Knowledge - INFO - process ingested knowledge for /app/data/T0015/326202/b9060hi/Rufesi/java_console/romraider/src/com/romraider/swing/TableChooserTreeNode.java
2026-02-25 12:56:43,607 - Knowledge - INFO - process ingested knowledge for /app/data/T0015/326202/b9060hi/Rufesi/java_tools/pcb_sync/src/com/rusefi/pcb/AddNetNode.java
2026-02-25 12:56:43,689 - Knowledge - INFO - Progress: 43.8% | Files: 643/1454 | Rate: 1.41 files/sec | Queue: 736
2026-02-25 12:56:43,689 - Knowledge - INFO - [LLM_CALL] Completed: ConfigStructure.java:chunk1, Duration: 64271ms, PromptTokens: 2960, CompletionTokens: 528, Cost: $0.00051
2026-02-25 12:56:43,761 - Knowledge - INFO - Worker kw8 processing /app/data/T0015/326202/b9060hi/Rufesi/hardware/frankenstein/readme.md
2026-02-25 12:56:43,967 - Knowledge - INFO - Worker kw4 processing /app/data/T0015/326202/b9060hi/Rufesi/hardware/Stimulator/Stimulator.pro
2026-02-25 12:56:44,054 - Knowledge - INFO - Worker kw7 processing /app/data/T0015/326202/b9060hi/Rufesi/hardware/Low-Z_LM1949/readme.md
2026-02-25 12:56:44,162 - Knowledge - INFO - process ingested knowledge for /app/data/T0015/326202/b9060hi/Rufesi/java_tools/pcb_sync/src/com/rusefi/pcb/ModuleNode.java
2026-02-25 12:56:44,289 - Knowledge - INFO - Fast-tracked /app/data/T0015/326202/b9060hi/Rufesi/java_tools/path2iar/src/com/rusefi/Path2IAR.java (small file (2037 bytes))
2026-02-25 12:56:44,442 - Knowledge - INFO - process ingested knowledge for /app/data/T0015/326202/b9060hi/Rufesi/java_tools/serial_tester/src/com/rusefi/io/TwoWayTester.java
2026-02-25 12:56:44,729 - Knowledge - INFO - process ingested knowledge for /app/data/T0015/326202/b9060hi/Rufesi/java_console/romraider/src/com/romraider/xml/TableNotFoundException.java
2026-02-25 12:56:44,730 - Knowledge - INFO - process ingested knowledge for /app/data/T0015/326202/b9060hi/Rufesi/java_console/romraider/src/com/romraider/swing/RomCellRenderer.java
2026-02-25 12:56:44,732 - Knowledge - INFO - process ingested knowledge for /app/data/T0015/326202/b9060hi/Rufesi/java_tools/pcb_sync/src/com/rusefi/pcb/SizeNode.java
2026-02-25 12:56:44,878 - Knowledge - INFO - done ingest for /app/data/T0015/326202/b9060hi/Rufesi/java_tools/configuration_definition/src/com/rusefi/ConfigStructure.java
2026-02-25 12:56:44,879 - Knowledge - INFO - [LLM_CALL] Completed: TableSwitch.java:chunk1, Duration: 153453ms, PromptTokens: 5362, CompletionTokens: 757, Cost: $0.00084
2026-02-25 12:56:44,912 - Knowledge - INFO - [kw5] Queue=728, InProgress=0, PendingWorkers=20/20, Completed=654/1454 (45.0%)
2026-02-25 12:56:44,965 - Knowledge - INFO - Fast-tracked /app/data/T0015/326202/b9060hi/Rufesi/hardware/frankenstein/readme.md (ext=.md, size=247)
2026-02-25 12:56:45,047 - Knowledge - INFO - Fast-tracked /app/data/T0015/326202/b9060hi/Rufesi/hardware/Stimulator/Stimulator.pro (ext=.pro, size=1789)
2026-02-25 12:56:45,162 - Knowledge - INFO - Fast-tracked /app/data/T0015/326202/b9060hi/Rufesi/hardware/Low-Z_LM1949/readme.md (ext=.md, size=49)
2026-02-25 12:56:45,232 - Knowledge - INFO - process ingested knowledge for /app/data/T0015/326202/b9060hi/Rufesi/java_tools/pcb_sync/src/com/rusefi/pcb/ZoneNode.java
2026-02-25 12:56:45,321 - Knowledge - INFO - Fast-tracked /app/data/T0015/326202/b9060hi/Rufesi/hardware/gerbmerge/ki2gm.py (small file (2046 bytes))
2026-02-25 12:56:45,416 - Knowledge - INFO - process ingested knowledge for /app/data/T0015/326202/b9060hi/Rufesi/java_tools/pcb_sync/src/com/rusefi/misc/RemoveUnneededTraces.java
2026-02-25 12:56:45,519 - Knowledge - INFO - process ingested knowledge for /app/data/T0015/326202/b9060hi/Rufesi/java_console/romraider/src/com/romraider/xml/DOMRomUnmarshaller.java
2026-02-25 12:56:45,625 - Knowledge - INFO - process ingested knowledge for /app/data/T0015/326202/b9060hi/Rufesi/java_console/romraider/src/com/romraider/swing/JTableChooser.java
2026-02-25 12:56:45,702 - Knowledge - INFO - process ingested knowledge for /app/data/T0015/326202/b9060hi/Rufesi/java_tools/pcb_sync/src/com/rusefi/pcb/RectPadNode.java
2026-02-25 12:56:45,870 - Knowledge - INFO - done ingest for /app/data/T0015/326202/b9060hi/Rufesi/java_console/romraider/src/com/romraider/maps/TableSwitch.java
2026-02-25 12:56:45,871 - Knowledge - INFO - Async storing batch of 8 embeddings
2026-02-25 12:56:45,872 - Knowledge - INFO - Processing batch of 8 files
2026-02-25 12:56:45,880 - Knowledge - INFO - [kw12] Queue=728, InProgress=0, PendingWorkers=20/20, Completed=654/1454 (45.0%)
2026-02-25 12:56:45,886 - Knowledge - INFO - Processing batch of 8 files
2026-02-25 12:56:45,887 - Knowledge - INFO - [kw14] Queue=728, InProgress=0, PendingWorkers=20/20, Completed=654/1454 (45.0%)
2026-02-25 12:56:45,888 - Knowledge - INFO - [kw16] Queue=728, InProgress=0, PendingWorkers=20/20, Completed=654/1454 (45.0%)
2026-02-25 12:56:46,013 - Knowledge - INFO - Batch sizing: calculated=8, max_allowed=10, queue=728, active_workers=20/20
2026-02-25 12:56:46,084 - Knowledge - INFO - Worker kw8 processing /app/data/T0015/326202/b9060hi/Rufesi/hardware/frankenstein/frankenstein.pro
2026-02-25 12:56:46,119 - Knowledge - INFO - [LLM_CALL] Completed: VariableRegistry.java:chunk1, Duration: 63995ms, PromptTokens: 2414, CompletionTokens: 501, Cost: $0.00044
2026-02-25 12:56:46,204 - Knowledge - INFO - Worker kw4 processing /app/data/T0015/326202/b9060hi/Rufesi/hardware/Stimulator/Stimulator.xml
2026-02-25 12:56:46,298 - Knowledge - INFO - Worker kw7 processing /app/data/T0015/326202/b9060hi/Rufesi/hardware/Low-Z_LM1949/Low-Z_LM1949.pro
2026-02-25 12:56:46,415 - Knowledge - INFO - process ingested knowledge for /app/data/T0015/326202/b9060hi/Rufesi/java_tools/pcb_sync/src/com/rusefi/pcb/PcbMoveTool.java
2026-02-25 12:56:46,579 - Knowledge - INFO - process ingested knowledge for /app/data/T0015/326202/b9060hi/Rufesi/java_tools/pcb_sync/src/com/rusefi/misc/ChangesModel.java
2026-02-25 12:56:46,674 - Knowledge - INFO - process ingested knowledge for /app/data/T0015/326202/b9060hi/Rufesi/java_console/romraider/src/com/romraider/xml/RomNotFoundException.java
2026-02-25 12:56:46,751 - Knowledge - INFO - Async storage completed for 10 embeddings
2026-02-25 12:56:46,780 - Knowledge - INFO - process ingested knowledge for /app/data/T0015/326202/b9060hi/Rufesi/java_console/romraider/src/com/romraider/swing/SettingsForm.java
2026-02-25 12:56:46,868 - Knowledge - INFO - process ingested knowledge for /app/data/T0015/326202/b9060hi/Rufesi/java_tools/pcb_sync/src/com/rusefi/pcb/SegmentNode.java
2026-02-25 12:56:47,070 - Knowledge - INFO - Worker kw10 processing /app/data/T0015/326202/b9060hi/Rufesi/hardware/breakout_board/merge.txt
2026-02-25 12:56:47,230 - Knowledge - INFO - process ingested knowledge for /app/data/T0015/326202/b9060hi/Rufesi/java_console/romraider/src/com/romraider/xml/InvalidTableNameException.java
2026-02-25 12:56:47,339 - Knowledge - INFO - Batch sizing: calculated=8, max_allowed=10, queue=728, active_workers=20/20
2026-02-25 12:56:47,479 - Knowledge - INFO - process ingested knowledge for /app/data/T0015/326202/b9060hi/Rufesi/java_tools/pcb_sync/src/com/rusefi/misc/NameAndOffset.java
2026-02-25 12:56:47,587 - Knowledge - INFO - Batch sizing: calculated=8, max_allowed=10, queue=728, active_workers=20/20
2026-02-25 12:56:47,707 - Knowledge - INFO - Batch sizing: calculated=8, max_allowed=10, queue=728, active_workers=20/20
2026-02-25 12:56:47,941 - Knowledge - INFO - Fast-tracked /app/data/T0015/326202/b9060hi/Rufesi/hardware/frankenstein/frankenstein.pro (ext=.pro, size=1582)
2026-02-25 12:56:48,050 - Knowledge - INFO - done ingest for /app/data/T0015/326202/b9060hi/Rufesi/java_tools/configuration_definition/src/com/rusefi/VariableRegistry.java
2026-02-25 12:56:48,079 - Knowledge - INFO - Async storing batch of 8 embeddings
2026-02-25 12:56:48,258 - Knowledge - INFO - Fast-tracked /app/data/T0015/326202/b9060hi/Rufesi/hardware/Stimulator/Stimulator.xml (ext=.xml, size=25889)
2026-02-25 12:56:48,327 - Knowledge - INFO - Fast-tracked /app/data/T0015/326202/b9060hi/Rufesi/hardware/Low-Z_LM1949/Low-Z_LM1949.pro (ext=.pro, size=1406)
2026-02-25 12:56:48,488 - Knowledge - INFO - process ingested knowledge for /app/data/T0015/326202/b9060hi/Rufesi/java_tools/pcb_sync/src/com/rusefi/pcb/ViaNode.java
2026-02-25 12:56:48,679 - Knowledge - INFO - process ingested knowledge for /app/data/T0015/326202/b9060hi/Rufesi/java_tools/pcb_sync/src/com/rusefi/misc/CmpMergeTool.java
2026-02-25 12:56:48,806 - Knowledge - INFO - process ingested knowledge for /app/data/T0015/326202/b9060hi/Rufesi/java_console/romraider/src/com/romraider/xml/TableIsOmittedException.java
2026-02-25 12:56:49,103 - Knowledge - INFO - process ingested knowledge for /app/data/T0015/326202/b9060hi/Rufesi/java_console/romraider/src/com/romraider/swing/TablePropertyPanel.java
2026-02-25 12:56:49,223 - Knowledge - INFO - process ingested knowledge for /app/data/T0015/326202/b9060hi/Rufesi/java_tools/pcb_sync/src/com/rusefi/pcb/CirclePadNode.java
2026-02-25 12:56:49,340 - Knowledge - INFO - Fast-tracked /app/data/T0015/326202/b9060hi/Rufesi/hardware/breakout_board/merge.txt (ext=.txt, size=32)
2026-02-25 12:56:49,357 - Knowledge - INFO - Async storage completed for 8 embeddings
2026-02-25 12:56:49,469 - Knowledge - INFO - process ingested knowledge for /app/data/T0015/326202/b9060hi/Rufesi/java_console/romraider/src/com/romraider/Settings.java
2026-02-25 12:56:49,602 - Knowledge - INFO - Async storing batch of 8 embeddings
2026-02-25 12:56:49,766 - Knowledge - INFO - process ingested knowledge for /app/data/T0015/326202/b9060hi/Rufesi/java_tools/pcb_sync/src/com/rusefi/PcbCopyTool.java
2026-02-25 12:56:49,940 - Knowledge - INFO - Async storing batch of 8 embeddings
2026-02-25 12:56:50,072 - Knowledge - INFO - Async storing batch of 8 embeddings
2026-02-25 12:56:50,234 - Knowledge - INFO - Worker kw8 processing /app/data/T0015/326202/b9060hi/Rufesi/hardware/368255-2-connector/known_issues.txt
2026-02-25 12:56:50,468 - Knowledge - INFO - Worker kw5 processing /app/data/T0015/326202/b9060hi/Rufesi/hardware/brain_board_176-pin/known_issues.txt
2026-02-25 12:56:50,700 - Knowledge - INFO - Worker kw4 processing /app/data/T0015/326202/b9060hi/Rufesi/hardware/hi-lo_driver/hi-lo.pro
2026-02-25 12:56:50,834 - Knowledge - INFO - Worker kw7 processing /app/data/T0015/326202/b9060hi/Rufesi/hardware/M52B28_by_Snake____1/readme.txt
2026-02-25 12:56:51,434 - Knowledge - INFO - process ingested knowledge for /app/data/T0015/326202/b9060hi/Rufesi/java_tools/pcb_sync/src/com/rusefi/misc/TwoFileRequest.java
2026-02-25 12:56:51,437 - Knowledge - INFO - process ingested knowledge for /app/data/T0015/326202/b9060hi/Rufesi/java_console/romraider/src/com/romraider/swing/GenericFileFilter.java
2026-02-25 12:56:51,438 - Knowledge - INFO - process ingested knowledge for /app/data/T0015/326202/b9060hi/Rufesi/java_console/romraider/src/com/romraider/xml/DOMSettingsUnmarshaller.java
2026-02-25 12:56:51,439 - Knowledge - INFO - process ingested knowledge for /app/data/T0015/326202/b9060hi/Rufesi/java_tools/pcb_sync/src/com/rusefi/pcb/NetNode.java
2026-02-25 12:56:51,611 - Knowledge - INFO - Worker kw10 processing /app/data/T0015/326202/b9060hi/Rufesi/hardware/breakout_board/pin_board_1.pro
2026-02-25 12:56:51,902 - Knowledge - INFO - [LLM_CALL] Completed: ConfigDefinition.java:chunk1, Duration: 64123ms, PromptTokens: 5066, CompletionTokens: 634, Cost: $0.00076
2026-02-25 12:56:51,912 - Knowledge - INFO - Worker kw12 processing /app/data/T0015/326202/b9060hi/Rufesi/hardware/rusefi_hardware_history/Stimulator_rev00.20/README.md
2026-02-25 12:56:52,052 - Knowledge - INFO - process ingested knowledge for /app/data/T0015/326202/b9060hi/Rufesi/java_console/romraider/src/com/romraider/net/BrowserControl.java
2026-02-25 12:56:52,071 - Knowledge - INFO - process ingested knowledge for /app/data/T0015/326202/b9060hi/Rufesi/java_tools/pcb_sync/src/com/rusefi/bom/CpmFileModel.java
2026-02-25 12:56:52,271 - Knowledge - INFO - Worker kw14 processing /app/data/T0015/326202/b9060hi/Rufesi/hardware/rusefi_hardware_history/thermocouiple_module_rev00.10/thermocouiple_module/thermocouple_module.pro
2026-02-25 12:56:52,421 - Knowledge - INFO - Worker kw16 processing /app/data/T0015/326202/b9060hi/Rufesi/hardware/rusefi_hardware_history/NGC_38_connector_rev00.20/NGC_38_connector/NGC_38_connector.pro
2026-02-25 12:56:52,610 - Knowledge - INFO - Fast-tracked /app/data/T0015/326202/b9060hi/Rufesi/hardware/368255-2-connector/known_issues.txt (ext=.txt, size=93)
2026-02-25 12:56:52,730 - Knowledge - INFO - Fast-tracked /app/data/T0015/326202/b9060hi/Rufesi/hardware/brain_board_176-pin/known_issues.txt (ext=.txt, size=346)
2026-02-25 12:56:52,912 - Knowledge - INFO - Fast-tracked /app/data/T0015/326202/b9060hi/Rufesi/hardware/hi-lo_driver/hi-lo.pro (ext=.pro, size=1443)
2026-02-25 12:56:53,054 - Knowledge - INFO - Fast-tracked /app/data/T0015/326202/b9060hi/Rufesi/hardware/M52B28_by_Snake____1/readme.txt (ext=.txt, size=49)
2026-02-25 12:56:53,742 - Knowledge - INFO - Fast-tracked /app/data/T0015/326202/b9060hi/Rufesi/hardware/breakout_board/pin_board_1.pro (ext=.pro, size=922)
2026-02-25 12:56:53,815 - Knowledge - INFO - done ingest for /app/data/T0015/326202/b9060hi/Rufesi/java_tools/configuration_definition/src/com/rusefi/ConfigDefinition.java
2026-02-25 12:56:54,620 - Knowledge - INFO - process ingested knowledge for /app/data/T0015/326202/b9060hi/Rufesi/java_console/romraider/src/com/romraider/swing/RomPropertyPanel.java
2026-02-25 12:56:54,638 - Knowledge - INFO - process ingested knowledge for /app/data/T0015/326202/b9060hi/Rufesi/java_console/romraider/src/com/romraider/xml/RomAttributeParser.java
2026-02-25 12:56:54,647 - Knowledge - INFO - process ingested knowledge for /app/data/T0015/326202/b9060hi/Rufesi/java_tools/pcb_sync/src/com/rusefi/pcb/LayerNode.java
2026-02-25 12:56:54,662 - Knowledge - INFO - Fast-tracked /app/data/T0015/326202/b9060hi/Rufesi/hardware/rusefi_hardware_history/Stimulator_rev00.20/README.md (ext=.md, size=41)
2026-02-25 12:56:55,217 - Knowledge - INFO - Fast-tracked /app/data/T0015/326202/b9060hi/Rufesi/hardware/rusefi_hardware_history/thermocouiple_module_rev00.10/thermocouiple_module/thermocouple_module.pro (ext=.pro, size=1623)
2026-02-25 12:56:55,428 - Knowledge - INFO - Fast-tracked /app/data/T0015/326202/b9060hi/Rufesi/hardware/rusefi_hardware_history/NGC_38_connector_rev00.20/NGC_38_connector/NGC_38_connector.pro (ext=.pro, size=1705)
2026-02-25 12:56:55,509 - Knowledge - INFO - Worker kw8 processing /app/data/T0015/326202/b9060hi/Rufesi/hardware/368255-2-connector/readme.md
2026-02-25 12:56:55,623 - Knowledge - INFO - process ingested knowledge for /app/data/T0015/326202/b9060hi/Rufesi/java_tools/pcb_sync/src/com/rusefi/bom/BomComponent.java
2026-02-25 12:56:55,665 - Knowledge - INFO - Worker kw5 processing /app/data/T0015/326202/b9060hi/Rufesi/hardware/brain_board_176-pin/readme.md
2026-02-25 12:56:55,830 - Knowledge - INFO - Worker kw4 processing /app/data/T0015/326202/b9060hi/Rufesi/hardware/hi-lo_driver/known_issues.txt
2026-02-25 12:56:55,986 - Knowledge - INFO - Worker kw7 processing /app/data/T0015/326202/b9060hi/Rufesi/hardware/M52B28_by_Snake____1/M52.pro
2026-02-25 12:56:56,106 - Knowledge - INFO - process ingested knowledge for /app/data/T0015/326202/b9060hi/Rufesi/java_console/romraider/src/com/romraider/net/URL.java
2026-02-25 12:56:56,196 - Knowledge - INFO - Worker kw10 processing /app/data/T0015/326202/b9060hi/Rufesi/hardware/Common_Rail_MC33816/scripts/props.py
2026-02-25 12:56:56,534 - Knowledge - WARNING - Timeout processing /app/data/T0015/326202/b9060hi/Rufesi/java_console/romraider/src/com/romraider/maps/Table.java after 90s - using fallback metadata
2026-02-25 12:56:56,774 - Knowledge - INFO - [LLM_CALL] Completed: PcbNode.java:chunk1, Duration: 16182ms, PromptTokens: 4196, CompletionTokens: 801, Cost: $0.00074
2026-02-25 12:56:56,969 - Knowledge - INFO - Worker kw12 processing /app/data/T0015/326202/b9060hi/Rufesi/hardware/rusefi_hardware_history/Stimulator_rev00.20/Stimulator.pro
2026-02-25 12:56:57,129 - Knowledge - INFO - Worker kw14 processing /app/data/T0015/326202/b9060hi/Rufesi/hardware/rusefi_hardware_history/power_supply_kb1gtt_rev00.10/PWR_buck_12V_switcher.pro
2026-02-25 12:56:57,152 - Knowledge - INFO - process ingested knowledge for /app/data/T0015/326202/b9060hi/Rufesi/java_console/romraider/src/com/romraider/swing/JProgressPane.java
2026-02-25 12:56:57,169 - Knowledge - INFO - process ingested knowledge for /app/data/T0015/326202/b9060hi/Rufesi/java_tools/pcb_sync/src/com/rusefi/pcb/PcbMergeTool.java
2026-02-25 12:56:57,255 - Knowledge - INFO - Worker kw16 processing /app/data/T0015/326202/b9060hi/Rufesi/hardware/rusefi_hardware_history/CJ125_board_rev00.20/scripts/props.py
2026-02-25 12:56:57,459 - Knowledge - INFO - Fast-tracked /app/data/T0015/326202/b9060hi/Rufesi/hardware/368255-2-connector/readme.md (ext=.md, size=339)
2026-02-25 12:56:57,749 - Knowledge - INFO - Fast-tracked /app/data/T0015/326202/b9060hi/Rufesi/hardware/brain_board_176-pin/readme.md (ext=.md, size=87)
2026-02-25 12:56:57,865 - Knowledge - INFO - Fast-tracked /app/data/T0015/326202/b9060hi/Rufesi/hardware/hi-lo_driver/known_issues.txt (ext=.txt, size=103)
2026-02-25 12:56:57,964 - Knowledge - INFO - Fast-tracked /app/data/T0015/326202/b9060hi/Rufesi/hardware/M52B28_by_Snake____1/M52.pro (ext=.pro, size=1243)
2026-02-25 12:56:58,240 - Knowledge - INFO - Worker kw10 processing /app/data/T0015/326202/b9060hi/Rufesi/hardware/Common_Rail_MC33816/known_issues.txt
2026-02-25 12:56:58,363 - Knowledge - WARNING - Timeout processing /app/data/T0015/326202/b9060hi/Rufesi/java_console/romraider/src/com/romraider/maps/DataCell.java after 90s - using fallback metadata
2026-02-25 12:56:58,382 - Knowledge - INFO - process ingested knowledge for /app/data/T0015/326202/b9060hi/Rufesi/java_tools/pcb_sync/src/com/rusefi/bom/BomBuilder.java
2026-02-25 12:56:58,383 - Knowledge - INFO - process ingested knowledge for /app/data/T0015/326202/b9060hi/Rufesi/java_console/romraider/src/com/romraider/editor/ecu/ECUEditor.java
2026-02-25 12:56:58,467 - Knowledge - INFO - done ingest for /app/data/T0015/326202/b9060hi/Rufesi/java_tools/pcb_sync/src/com/rusefi/pcb/PcbNode.java
2026-02-25 12:56:58,468 - Knowledge - INFO - [LLM_CALL] Completed: NetListMerge.java:chunk1, Duration: 17732ms, PromptTokens: 2904, CompletionTokens: 335, Cost: $0.00042
2026-02-25 12:56:58,563 - Knowledge - INFO - Fast-tracked /app/data/T0015/326202/b9060hi/Rufesi/hardware/rusefi_hardware_history/Stimulator_rev00.20/Stimulator.pro (ext=.pro, size=1789)
2026-02-25 12:56:58,635 - Knowledge - INFO - Fast-tracked /app/data/T0015/326202/b9060hi/Rufesi/hardware/rusefi_hardware_history/power_supply_kb1gtt_rev00.10/PWR_buck_12V_switcher.pro (ext=.pro, size=1490)
2026-02-25 12:56:58,980 - Knowledge - INFO - Worker kw16 processing /app/data/T0015/326202/b9060hi/Rufesi/hardware/rusefi_hardware_history/CJ125_board_rev00.20/known_issues.txt
2026-02-25 12:56:59,055 - Knowledge - INFO - Async storage completed for 8 embeddings
2026-02-25 12:56:59,211 - Knowledge - INFO - Worker kw5 processing /app/data/T0015/326202/b9060hi/Rufesi/hardware/CJ125_board/scripts/props.py
2026-02-25 12:56:59,278 - Knowledge - INFO - Worker kw4 processing /app/data/T0015/326202/b9060hi/Rufesi/hardware/breakout_board/rename.txt
2026-02-25 12:56:59,360 - Knowledge - INFO - Async storage completed for 8 embeddings
2026-02-25 12:56:59,475 - Knowledge - INFO - Fast-tracked /app/data/T0015/326202/b9060hi/Rufesi/hardware/Common_Rail_MC33816/known_issues.txt (ext=.txt, size=25)
2026-02-25 12:56:59,586 - Knowledge - WARNING - Timeout processing /app/data/T0015/326202/b9060hi/Rufesi/java_console/romraider/src/com/romraider/maps/Rom.java after 90s - using fallback metadata
2026-02-25 12:56:59,978 - Knowledge - INFO - done ingest for /app/data/T0015/326202/b9060hi/Rufesi/java_tools/net_list_merge/src/rusefi/NetListMerge.java
2026-02-25 12:56:59,983 - Knowledge - INFO - Processing batch of 8 files
2026-02-25 12:56:59,984 - Knowledge - INFO - [LLM_CALL] Completed: jobs.py:chunk1, Duration: 11928ms, PromptTokens: 36592, CompletionTokens: 547, Cost: $0.00388
2026-02-25 12:57:00,073 - Knowledge - INFO - Worker kw12 processing /app/data/T0015/326202/b9060hi/Rufesi/hardware/rusefi_hardware_history/Stimulator_rev00.20/Stimulator.xml
2026-02-25 12:57:00,155 - Knowledge - INFO - Worker kw14 processing /app/data/T0015/326202/b9060hi/Rufesi/hardware/rusefi_hardware_history/power_supply_kb1gtt_rev00.10/MIT_License.txt
2026-02-25 12:57:00,175 - Knowledge - INFO - process ingested knowledge for /app/data/T0015/326202/b9060hi/Rufesi/java_tools/pcb_sync/src/com/rusefi/bom/BomRecord.java
2026-02-25 12:57:00,234 - Knowledge - INFO - Fast-tracked /app/data/T0015/326202/b9060hi/Rufesi/hardware/rusefi_hardware_history/CJ125_board_rev00.20/known_issues.txt (ext=.txt, size=99)
2026-02-25 12:57:00,478 - Knowledge - INFO - Worker kw5 processing /app/data/T0015/326202/b9060hi/Rufesi/hardware/CJ125_board/known_issues.txt
2026-02-25 12:57:00,531 - Knowledge - INFO - process ingested knowledge for /app/data/T0015/326202/b9060hi/Rufesi/java_console/romraider/src/com/romraider/editor/ecu/ECUEditorManager.java
2026-02-25 12:57:00,593 - Knowledge - INFO - Fast-tracked /app/data/T0015/326202/b9060hi/Rufesi/hardware/breakout_board/rename.txt (ext=.txt, size=165)
2026-02-25 12:57:00,813 - Knowledge - INFO - Worker kw10 processing /app/data/T0015/326202/b9060hi/Rufesi/hardware/Common_Rail_MC33816/readme.md
2026-02-25 12:57:00,930 - Knowledge - WARNING - Timeout processing /app/data/T0015/326202/b9060hi/Rufesi/java_console/romraider/src/com/romraider/maps/Table2D.java after 90s - using fallback metadata
2026-02-25 12:57:01,174 - Knowledge - INFO - process ingested knowledge for /app/data/T0015/326202/b9060hi/Rufesi/java_tools/configuration_definition/src/com/rusefi/TSProjectConsumer.java
2026-02-25 12:57:01,295 - Knowledge - INFO - done ingest for /app/data/T0015/326202/b9060hi/Rufesi/hardware/gerbmerge/jobs.py
2026-02-25 12:57:01,320 - Knowledge - INFO - [WEBSOCKET] Sent: Type=progress_update, Size: 293, Duration: 17ms
2026-02-25 12:57:01,425 - Knowledge - INFO - Fast-tracked /app/data/T0015/326202/b9060hi/Rufesi/hardware/rusefi_hardware_history/Stimulator_rev00.20/Stimulator.xml (ext=.xml, size=25889)
2026-02-25 12:57:01,510 - Knowledge - INFO - Fast-tracked /app/data/T0015/326202/b9060hi/Rufesi/hardware/rusefi_hardware_history/power_supply_kb1gtt_rev00.10/MIT_License.txt (ext=.txt, size=1065)
2026-02-25 12:57:01,688 - Knowledge - INFO - [kw1] Queue=696, InProgress=0, PendingWorkers=20/20, Completed=684/1454 (47.0%)
2026-02-25 12:57:01,714 - Knowledge - INFO - Worker kw16 processing /app/data/T0015/326202/b9060hi/Rufesi/hardware/rusefi_hardware_history/CJ125_board_rev00.20/O2_input_CJ125.pro
2026-02-25 12:57:01,819 - Knowledge - INFO - Fast-tracked /app/data/T0015/326202/b9060hi/Rufesi/hardware/CJ125_board/known_issues.txt (ext=.txt, size=1624)
2026-02-25 12:57:01,892 - Knowledge - INFO - process ingested knowledge for /app/data/T0015/326202/b9060hi/Rufesi/java_tools/pcb_sync/src/com/rusefi/util/FileUtils.java
2026-02-25 12:57:02,008 - Knowledge - INFO - Async storage completed for 8 embeddings
2026-02-25 12:57:02,079 - Knowledge - INFO - Fast-tracked /app/data/T0015/326202/b9060hi/Rufesi/hardware/Common_Rail_MC33816/readme.md (ext=.md, size=92)
2026-02-25 12:57:02,103 - Knowledge - INFO - process ingested knowledge for /app/data/T0015/326202/b9060hi/Rufesi/java_console/rusefi.xml
2026-02-25 12:57:02,456 - Knowledge - INFO - process ingested knowledge for /app/data/T0015/326202/b9060hi/Rufesi/java_tools/configuration_definition/src/com/rusefi/ConfigField.java
2026-02-25 12:57:02,463 - Knowledge - INFO - [LLM_CALL] Completed: Version2Header.java:chunk1, Duration: 17585ms, PromptTokens: 2154, CompletionTokens: 265, Cost: $0.00032
2026-02-25 12:57:02,545 - Knowledge - INFO - Worker kw12 processing /app/data/T0015/326202/b9060hi/Rufesi/hardware/rusefi_hardware_history/brain_board_rev00.30/rusefi_lib/Credit_lic.txt
2026-02-25 12:57:02,621 - Knowledge - INFO - Worker kw14 processing /app/data/T0015/326202/b9060hi/Rufesi/hardware/rusefi_hardware_history/power_supply_kb1gtt_rev00.10/known_issues.txt
2026-02-25 12:57:02,712 - Knowledge - INFO - Batch sizing: calculated=8, max_allowed=10, queue=696, active_workers=20/20
2026-02-25 12:57:02,815 - Knowledge - INFO - Fast-tracked /app/data/T0015/326202/b9060hi/Rufesi/hardware/rusefi_hardware_history/CJ125_board_rev00.20/O2_input_CJ125.pro (ext=.pro, size=1900)
2026-02-25 12:57:02,924 - Knowledge - INFO - Worker kw5 processing /app/data/T0015/326202/b9060hi/Rufesi/hardware/CJ125_board/O2_input_CJ125.pro
2026-02-25 12:57:03,154 - Knowledge - INFO - process ingested knowledge for /app/data/T0015/326202/b9060hi/Rufesi/java_tools/pcb_sync/src/com/rusefi/RenameComponents.java
2026-02-25 12:57:03,196 - Knowledge - INFO - Worker kw10 processing /app/data/T0015/326202/b9060hi/Rufesi/hardware/Common_Rail_MC33816/Common_Rail_MC33816.xml
2026-02-25 12:57:03,269 - Knowledge - INFO - process ingested knowledge for /app/data/T0015/326202/b9060hi/Rufesi/java_console/jssc/src/jssc/SerialNativeInterface.java
2026-02-25 12:57:03,388 - Knowledge - INFO - process ingested knowledge for /app/data/T0015/326202/b9060hi/Rufesi/java_tools/configuration_definition/src/com/rusefi/FieldIterator.java
2026-02-25 12:57:03,467 - Knowledge - INFO - done ingest for /app/data/T0015/326202/b9060hi/Rufesi/java_tools/version2header/src/com/rusefi/Version2Header.java
2026-02-25 12:57:03,467 - Knowledge - INFO - Processing batch of 8 files
2026-02-25 12:57:03,468 - Knowledge - INFO - Processing batch of 8 files
2026-02-25 12:57:03,471 - Knowledge - INFO - Processing batch of 8 files
2026-02-25 12:57:03,472 - Knowledge - INFO - Processing batch of 8 files
2026-02-25 12:57:03,473 - Knowledge - INFO - Processing batch of 8 files
2026-02-25 12:57:03,473 - Knowledge - INFO - [WEBSOCKET] Sent: Type=unknown, Size: ?, Duration: 2ms
2026-02-25 12:57:03,554 - Knowledge - INFO - Fast-tracked /app/data/T0015/326202/b9060hi/Rufesi/hardware/rusefi_hardware_history/brain_board_rev00.30/rusefi_lib/Credit_lic.txt (ext=.txt, size=288)
2026-02-25 12:57:03,641 - Knowledge - INFO - Fast-tracked /app/data/T0015/326202/b9060hi/Rufesi/hardware/rusefi_hardware_history/power_supply_kb1gtt_rev00.10/known_issues.txt (ext=.txt, size=86)
2026-02-25 12:57:03,802 - Knowledge - INFO - Worker kw16 processing /app/data/T0015/326202/b9060hi/Rufesi/hardware/rusefi_hardware_history/NGC_38_connector_rev00.11/NGC_38_connector/NGC_38_connector.pro
2026-02-25 12:57:03,898 - Knowledge - INFO - Fast-tracked /app/data/T0015/326202/b9060hi/Rufesi/hardware/CJ125_board/O2_input_CJ125.pro (ext=.pro, size=1544)
2026-02-25 12:57:04,078 - Knowledge - INFO - Fast-tracked /app/data/T0015/326202/b9060hi/Rufesi/hardware/Common_Rail_MC33816/Common_Rail_MC33816.xml (ext=.xml, size=70434)
2026-02-25 12:57:04,482 - Knowledge - INFO - process ingested knowledge for /app/data/T0015/326202/b9060hi/Rufesi/hardware/frankenstein/merge/mmc_ttl_prepare_changes.txt
2026-02-25 12:57:04,654 - Knowledge - INFO - process ingested knowledge for /app/data/T0015/326202/b9060hi/Rufesi/java_tools/pcb_sync/src/com/rusefi/pcb/PadNode.java
2026-02-25 12:57:04,779 - Knowledge - INFO - process ingested knowledge for /app/data/T0015/326202/b9060hi/Rufesi/java_console/romraider/src/com/romraider/util/HexUtil.java
2026-02-25 12:57:04,796 - Knowledge - INFO - process ingested knowledge for /app/data/T0015/326202/b9060hi/Rufesi/java_tools/configuration_definition/src/com/rusefi/JavaFieldsConsumer.java
2026-02-25 12:57:04,869 - Knowledge - INFO - process ingested knowledge for /app/data/T0015/326202/b9060hi/Rufesi/hardware/368255-2-connector/368255-2.pro
2026-02-25 12:57:04,980 - Knowledge - INFO - process ingested knowledge for /app/data/T0015/326202/b9060hi/Rufesi/hardware/DDPAK_breakout/readme.md
2026-02-25 12:57:05,084 - Knowledge - INFO - Progress: 45.9% | Files: 708/1454 | Rate: 1.49 files/sec | Queue: 688
2026-02-25 12:57:05,086 - Knowledge - INFO - [WEBSOCKET] Sent: Type=progress_update, Size: 293, Duration: 1616ms
2026-02-25 12:57:05,179 - Knowledge - INFO - Worker kw12 processing /app/data/T0015/326202/b9060hi/Rufesi/hardware/rusefi_hardware_history/brain_board_rev00.30/rusefi_lib/revision_log.txt
2026-02-25 12:57:05,302 - Knowledge - INFO - Worker kw14 processing /app/data/T0015/326202/b9060hi/Rufesi/hardware/rusefi_hardware_history/1A_injector_6-channels_rev00.10/inj_6ch.pro
2026-02-25 12:57:05,424 - Knowledge - INFO - Fast-tracked /app/data/T0015/326202/b9060hi/Rufesi/hardware/rusefi_hardware_history/NGC_38_connector_rev00.11/NGC_38_connector/NGC_38_connector.pro (ext=.pro, size=1705)
2026-02-25 12:57:05,519 - Knowledge - INFO - Worker kw5 processing /app/data/T0015/326202/b9060hi/Rufesi/hardware/NGC_38_connector/readme.md
2026-02-25 12:57:05,622 - Knowledge - INFO - Worker kw10 processing /app/data/T0015/326202/b9060hi/Rufesi/hardware/Common_Rail_MC33816/Common_Rail_MC33816.pro
2026-02-25 12:57:05,934 - Knowledge - INFO - process ingested knowledge for /app/data/T0015/326202/b9060hi/Rufesi/hardware/frankenstein/merge/pcb_merge_changes.txt
2026-02-25 12:57:06,089 - Knowledge - INFO - process ingested knowledge for /app/data/T0015/326202/b9060hi/Rufesi/java_console/romraider/src/com/romraider/maps/Table.java
2026-02-25 12:57:06,091 - Knowledge - INFO - process ingested knowledge for /app/data/T0015/326202/b9060hi/Rufesi/java_tools/pcb_sync/src/com/rusefi/pcb/PcbNode.java
2026-02-25 12:57:06,209 - Knowledge - INFO - process ingested knowledge for /app/data/T0015/326202/b9060hi/Rufesi/java_tools/configuration_definition/src/com/rusefi/TypesHelper.java
2026-02-25 12:57:06,210 - Knowledge - INFO - process ingested knowledge for /app/data/T0015/326202/b9060hi/Rufesi/hardware/Stimulator/known_issues.txt
2026-02-25 12:57:06,210 - Knowledge - INFO - process ingested knowledge for /app/data/T0015/326202/b9060hi/Rufesi/hardware/DDPAK_breakout/DDPAK_breakout.pro
2026-02-25 12:57:06,384 - Knowledge - INFO - [LLM_CALL] Completed: EnumToString.java:chunk1, Duration: 20496ms, PromptTokens: 2894, CompletionTokens: 612, Cost: $0.00053
2026-02-25 12:57:06,384 - Knowledge - INFO - Async storing batch of 8 embeddings
2026-02-25 12:57:06,492 - Knowledge - INFO - Fast-tracked /app/data/T0015/326202/b9060hi/Rufesi/hardware/rusefi_hardware_history/brain_board_rev00.30/rusefi_lib/revision_log.txt (ext=.txt, size=253)
2026-02-25 12:57:06,493 - Knowledge - INFO - [kw3] Queue=688, InProgress=0, PendingWorkers=20/20, Completed=708/1454 (48.7%)
2026-02-25 12:57:06,494 - Knowledge - INFO - [kw19] Queue=688, InProgress=0, PendingWorkers=20/20, Completed=708/1454 (48.7%)
2026-02-25 12:57:06,624 - Knowledge - INFO - Fast-tracked /app/data/T0015/326202/b9060hi/Rufesi/hardware/rusefi_hardware_history/1A_injector_6-channels_rev00.10/inj_6ch.pro (ext=.pro, size=1166)
2026-02-25 12:57:06,716 - Knowledge - INFO - Worker kw16 processing /app/data/T0015/326202/b9060hi/Rufesi/hardware/rusefi_hardware_history/frankenstein_rev00.11/merge/mmc_ttl_prepare_changes.txt
2026-02-25 12:57:06,812 - Knowledge - INFO - Fast-tracked /app/data/T0015/326202/b9060hi/Rufesi/hardware/NGC_38_connector/readme.md (ext=.md, size=189)
2026-02-25 12:57:06,880 - Knowledge - INFO - Fast-tracked /app/data/T0015/326202/b9060hi/Rufesi/hardware/Common_Rail_MC33816/Common_Rail_MC33816.pro (ext=.pro, size=1368)
2026-02-25 12:57:07,095 - Knowledge - INFO - process ingested knowledge for /app/data/T0015/326202/b9060hi/Rufesi/hardware/frankenstein/merge/vr_changes.txt
2026-02-25 12:57:07,096 - Knowledge - INFO - process ingested knowledge for /app/data/T0015/326202/b9060hi/Rufesi/java_console/romraider/src/com/romraider/maps/Scale.java
2026-02-25 12:57:07,194 - Knowledge - INFO - process ingested knowledge for /app/data/T0015/326202/b9060hi/Rufesi/java_tools/pcb_sync/src/com/rusefi/pcb/GrLineNode.java
2026-02-25 12:57:07,280 - Knowledge - INFO - process ingested knowledge for /app/data/T0015/326202/b9060hi/Rufesi/java_tools/configuration_definition/src/com/rusefi/ConfigStructure.java
2026-02-25 12:57:07,376 - Knowledge - INFO - process ingested knowledge for /app/data/T0015/326202/b9060hi/Rufesi/hardware/Stimulator/README.md
2026-02-25 12:57:07,463 - Knowledge - INFO - process ingested knowledge for /app/data/T0015/326202/b9060hi/Rufesi/hardware/common_parts.txt
2026-02-25 12:57:07,543 - Knowledge - INFO - done ingest for /app/data/T0015/326202/b9060hi/Rufesi/java_tools/enum_to_string/src/com/rusefi/EnumToString.java
2026-02-25 12:57:07,543 - Knowledge - INFO - [kw17] Queue=688, InProgress=0, PendingWorkers=20/20, Completed=709/1454 (48.8%)
2026-02-25 12:57:07,544 - Knowledge - INFO - Progress: 48.7% | Files: 709/1454 | Rate: 1.48 files/sec | Queue: 688
2026-02-25 12:57:07,544 - Knowledge - INFO - [kw6] Queue=688, InProgress=0, PendingWorkers=20/20, Completed=709/1454 (48.8%)
2026-02-25 12:57:07,546 - Knowledge - INFO - [kw2] Queue=688, InProgress=0, PendingWorkers=20/20, Completed=709/1454 (48.8%)
2026-02-25 12:57:07,567 - Knowledge - INFO - Processing batch of 8 files
2026-02-25 12:57:07,628 - Knowledge - INFO - Worker kw1 processing /app/data/T0015/326202/b9060hi/Rufesi/hardware/rusefi_hardware_history/frankenstein_rev00.11/rusefi_lib/revision_log.txt
2026-02-25 12:57:07,736 - Knowledge - INFO - Worker kw12 processing /app/data/T0015/326202/b9060hi/Rufesi/hardware/rusefi_hardware_history/brain_board_rev00.30/brain_board/known_issues.txt
2026-02-25 12:57:07,831 - Knowledge - INFO - Batch sizing: calculated=8, max_allowed=10, queue=688, active_workers=20/20
2026-02-25 12:57:07,926 - Knowledge - INFO - Batch sizing: calculated=8, max_allowed=10, queue=688, active_workers=20/20
2026-02-25 12:57:07,998 - Knowledge - INFO - Worker kw14 processing /app/data/T0015/326202/b9060hi/Rufesi/hardware/rusefi_hardware_history/1A_injector_6-channels_rev00.10/MIT_License.txt
2026-02-25 12:57:08,063 - Knowledge - INFO - Fast-tracked /app/data/T0015/326202/b9060hi/Rufesi/hardware/rusefi_hardware_history/frankenstein_rev00.11/merge/mmc_ttl_prepare_changes.txt (ext=.txt, size=48)
2026-02-25 12:57:08,185 - Knowledge - INFO - Worker kw5 processing /app/data/T0015/326202/b9060hi/Rufesi/hardware/NGC_38_connector/NGC_38_connector.pro
2026-02-25 12:57:08,265 - Knowledge - INFO - Worker kw10 processing /app/data/T0015/326202/b9060hi/Rufesi/hardware/brain_board_176-pin/176-pin_board.pro
2026-02-25 12:57:08,345 - Knowledge - INFO - process ingested knowledge for /app/data/T0015/326202/b9060hi/Rufesi/hardware/frankenstein/known_issues.txt
2026-02-25 12:57:08,412 - Knowledge - INFO - process ingested knowledge for /app/data/T0015/326202/b9060hi/Rufesi/java_console/romraider/src/com/romraider/maps/TableSwitch.java
2026-02-25 12:57:08,504 - Knowledge - INFO - process ingested knowledge for /app/data/T0015/326202/b9060hi/Rufesi/java_tools/pcb_sync/src/com/rusefi/Main.java
2026-02-25 12:57:08,601 - Knowledge - INFO - process ingested knowledge for /app/data/T0015/326202/b9060hi/Rufesi/java_tools/configuration_definition/src/com/rusefi/VariableRegistry.java
2026-02-25 12:57:08,686 - Knowledge - INFO - process ingested knowledge for /app/data/T0015/326202/b9060hi/Rufesi/hardware/Stimulator/Stimulator.pro
2026-02-25 12:57:08,772 - Knowledge - INFO - process ingested knowledge for /app/data/T0015/326202/b9060hi/Rufesi/hardware/knock_VR_Art_ELectro/cps_vrs_io_1.pro
2026-02-25 12:57:08,857 - Knowledge - INFO - Processing batch of 8 files
2026-02-25 12:57:08,938 - Knowledge - INFO - Batch sizing: calculated=8, max_allowed=10, queue=688, active_workers=20/20
2026-02-25 12:57:09,056 - Knowledge - INFO - [kw9] Queue=688, InProgress=0, PendingWorkers=20/20, Completed=718/1454 (49.4%)
2026-02-25 12:57:09,141 - Knowledge - INFO - Batch sizing: calculated=8, max_allowed=10, queue=688, active_workers=20/20
2026-02-25 12:57:09,262 - Knowledge - INFO - Batch sizing: calculated=8, max_allowed=10, queue=688, active_workers=20/20
2026-02-25 12:57:09,377 - Knowledge - INFO - process ingested knowledge for /app/data/T0015/326202/b9060hi/Rufesi/java_tools/enum_to_string/build.xml
2026-02-25 12:57:09,494 - Knowledge - INFO - Fast-tracked /app/data/T0015/326202/b9060hi/Rufesi/hardware/rusefi_hardware_history/frankenstein_rev00.11/rusefi_lib/revision_log.txt (ext=.txt, size=253)
2026-02-25 12:57:09,612 - Knowledge - INFO - Fast-tracked /app/data/T0015/326202/b9060hi/Rufesi/hardware/rusefi_hardware_history/brain_board_rev00.30/brain_board/known_issues.txt (ext=.txt, size=833)
2026-02-25 12:57:09,712 - Knowledge - INFO - Async storing batch of 8 embeddings
2026-02-25 12:57:09,792 - Knowledge - INFO - Async storing batch of 8 embeddings
2026-02-25 12:57:09,907 - Knowledge - INFO - Fast-tracked /app/data/T0015/326202/b9060hi/Rufesi/hardware/rusefi_hardware_history/1A_injector_6-channels_rev00.10/MIT_License.txt (ext=.txt, size=1065)
2026-02-25 12:57:09,970 - Knowledge - INFO - Worker kw16 processing /app/data/T0015/326202/b9060hi/Rufesi/hardware/rusefi_hardware_history/frankenstein_rev00.11/merge/pcb_merge_changes.txt
2026-02-25 12:57:10,077 - Knowledge - INFO - Fast-tracked /app/data/T0015/326202/b9060hi/Rufesi/hardware/NGC_38_connector/NGC_38_connector.pro (ext=.pro, size=1372)
2026-02-25 12:57:10,185 - Knowledge - INFO - Fast-tracked /app/data/T0015/326202/b9060hi/Rufesi/hardware/brain_board_176-pin/176-pin_board.pro (ext=.pro, size=1122)
2026-02-25 12:57:10,258 - Knowledge - INFO - process ingested knowledge for /app/data/T0015/326202/b9060hi/Rufesi/hardware/frankenstein/readme.md
2026-02-25 12:57:10,334 - Knowledge - INFO - process ingested knowledge for /app/data/T0015/326202/b9060hi/Rufesi/java_console/romraider/src/com/romraider/maps/DataCell.java
2026-02-25 12:57:10,423 - Knowledge - INFO - process ingested knowledge for /app/data/T0015/326202/b9060hi/Rufesi/java_tools/pcb_sync/6ch_replace.txt
2026-02-25 12:57:10,546 - Knowledge - INFO - process ingested knowledge for /app/data/T0015/326202/b9060hi/Rufesi/java_tools/configuration_definition/src/com/rusefi/ConfigDefinition.java
2026-02-25 12:57:10,628 - Knowledge - INFO - process ingested knowledge for /app/data/T0015/326202/b9060hi/Rufesi/hardware/Stimulator/Stimulator.xml
2026-02-25 12:57:10,747 - Knowledge - INFO - process ingested knowledge for /app/data/T0015/326202/b9060hi/Rufesi/hardware/Low-Z_LM1949/readme.md
2026-02-25 12:57:10,866 - Knowledge - INFO - process ingested knowledge for /app/data/T0015/326202/b9060hi/Rufesi/java_tools/pcb_sync/build.xml
2026-02-25 12:57:10,969 - Knowledge - INFO - Async storing batch of 10 embeddings
2026-02-25 12:57:11,042 - Knowledge - INFO - Batch sizing: calculated=8, max_allowed=10, queue=688, active_workers=20/20
2026-02-25 12:57:11,163 - Knowledge - INFO - Async storing batch of 8 embeddings
2026-02-25 12:57:11,289 - Knowledge - INFO - Async storing batch of 8 embeddings
2026-02-25 12:57:11,404 - Knowledge - INFO - process ingested knowledge for /app/data/T0015/326202/b9060hi/Rufesi/java_tools/path2iar/src/com/rusefi/Path2IAR.java
2026-02-25 12:57:11,490 - Knowledge - INFO - Worker kw1 processing /app/data/T0015/326202/b9060hi/Rufesi/hardware/rusefi_hardware_history/frankenstein_rev00.11/known_issues.txt
2026-02-25 12:57:11,561 - Knowledge - INFO - Worker kw12 processing /app/data/T0015/326202/b9060hi/Rufesi/hardware/rusefi_hardware_history/brain_board_rev00.30/brain_board/brain_board_STM32F407.pro
2026-02-25 12:57:11,635 - Knowledge - INFO - Worker kw3 processing /app/data/T0015/326202/b9060hi/Rufesi/hardware/rusefi_hardware_history/Breakout_TLE6244_rev00.10/rusefi_lib/Credit_lic.txt
2026-02-25 12:57:11,748 - Knowledge - INFO - Worker kw19 processing /app/data/T0015/326202/b9060hi/Rufesi/hardware/rusefi_hardware_history/frankenso_power_supply_rev00.10/frankenso-PWR-Supply/frankenso-PWR-Supply.pro
2026-02-25 12:57:11,855 - Knowledge - INFO - Worker kw14 processing /app/data/T0015/326202/b9060hi/Rufesi/hardware/rusefi_hardware_history/1A_injector_6-channels_rev00.10/known_issues.txt
2026-02-25 12:57:11,935 - Knowledge - INFO - Fast-tracked /app/data/T0015/326202/b9060hi/Rufesi/hardware/rusefi_hardware_history/frankenstein_rev00.11/merge/pcb_merge_changes.txt (ext=.txt, size=1433)
2026-02-25 12:57:12,047 - Knowledge - INFO - Worker kw5 processing /app/data/T0015/326202/b9060hi/Rufesi/hardware/rusefi_hardware_history/Stimulator_rev00.20/known_issues.txt
2026-02-25 12:57:12,151 - Knowledge - INFO - Fast-tracked /app/data/T0015/326202/b9060hi/Rufesi/hardware/Common_Rail_MC33816/scripts/props.py (small file (2781 bytes))
2026-02-25 12:57:12,220 - Knowledge - INFO - process ingested knowledge for /app/data/T0015/326202/b9060hi/Rufesi/hardware/frankenstein/frankenstein.pro
2026-02-25 12:57:12,316 - Knowledge - INFO - process ingested knowledge for /app/data/T0015/326202/b9060hi/Rufesi/java_console/romraider/src/com/romraider/maps/TableWithData.java
2026-02-25 12:57:12,414 - Knowledge - INFO - process ingested knowledge for /app/data/T0015/326202/b9060hi/Rufesi/java_tools/pcb_sync/pcb_merge_changes.txt
2026-02-25 12:57:12,638 - Knowledge - INFO - process ingested knowledge for /app/data/T0015/326202/b9060hi/Rufesi/hardware/hi-lo_driver/hi-lo.pro
2026-02-25 12:57:12,790 - Knowledge - INFO - process ingested knowledge for /app/data/T0015/326202/b9060hi/Rufesi/hardware/Low-Z_LM1949/Low-Z_LM1949.pro
2026-02-25 12:57:12,815 - Knowledge - INFO - process ingested knowledge for /app/data/T0015/326202/b9060hi/Rufesi/java_tools/net_list_merge/src/rusefi/NetListMergeUtil.java
2026-02-25 12:57:12,913 - Knowledge - INFO - Worker kw17 processing /app/data/T0015/326202/b9060hi/Rufesi/hardware/rusefi_hardware_history/Map_MPX_rev00.20/Map_MPX/Map_MPX.pro
2026-02-25 12:57:12,987 - Knowledge - INFO - Async storing batch of 8 embeddings
2026-02-25 12:57:13,081 - Knowledge - INFO - Worker kw6 processing /app/data/T0015/326202/b9060hi/Rufesi/hardware/rusefi_hardware_history/can_board_rev00.20/rusefi_lib/revision_log.txt
2026-02-25 12:57:13,191 - Knowledge - INFO - Worker kw2 processing /app/data/T0015/326202/b9060hi/Rufesi/hardware/rusefi_hardware_history/usb_mmc_spi_rev00.20/known_issues.txt
2026-02-25 12:57:13,306 - Knowledge - INFO - process ingested knowledge for /app/data/T0015/326202/b9060hi/Rufesi/java_tools/cmp_merge/src/rusefi/CmpMerge.java
2026-02-25 12:57:13,400 - Knowledge - INFO - Fast-tracked /app/data/T0015/326202/b9060hi/Rufesi/hardware/rusefi_hardware_history/frankenstein_rev00.11/known_issues.txt (ext=.txt, size=781)
2026-02-25 12:57:13,500 - Knowledge - INFO - Fast-tracked /app/data/T0015/326202/b9060hi/Rufesi/hardware/rusefi_hardware_history/brain_board_rev00.30/brain_board/brain_board_STM32F407.pro (ext=.pro, size=1140)
2026-02-25 12:57:13,577 - Knowledge - INFO - Fast-tracked /app/data/T0015/326202/b9060hi/Rufesi/hardware/rusefi_hardware_history/Breakout_TLE6244_rev00.10/rusefi_lib/Credit_lic.txt (ext=.txt, size=195)
2026-02-25 12:57:13,704 - Knowledge - INFO - Fast-tracked /app/data/T0015/326202/b9060hi/Rufesi/hardware/rusefi_hardware_history/frankenso_power_supply_rev00.10/frankenso-PWR-Supply/frankenso-PWR-Supply.pro (ext=.pro, size=1979)
2026-02-25 12:57:13,784 - Knowledge - INFO - Fast-tracked /app/data/T0015/326202/b9060hi/Rufesi/hardware/rusefi_hardware_history/1A_injector_6-channels_rev00.10/known_issues.txt (ext=.txt, size=111)
2026-02-25 12:57:13,863 - Knowledge - INFO - Worker kw16 processing /app/data/T0015/326202/b9060hi/Rufesi/hardware/rusefi_hardware_history/frankenstein_rev00.11/merge/vr_changes.txt
2026-02-25 12:57:13,895 - Knowledge - INFO - [kw20] Queue=640, InProgress=0, PendingWorkers=20/20, Completed=718/1454 (49.4%)
2026-02-25 12:57:13,992 - Knowledge - INFO - Fast-tracked /app/data/T0015/326202/b9060hi/Rufesi/hardware/rusefi_hardware_history/Stimulator_rev00.20/known_issues.txt (ext=.txt, size=322)
2026-02-25 12:57:14,064 - Knowledge - INFO - Async storage completed for 8 embeddings
2026-02-25 12:57:14,157 - Knowledge - INFO - process ingested knowledge for /app/data/T0015/326202/b9060hi/Rufesi/hardware/368255-2-connector/known_issues.txt
2026-02-25 12:57:14,268 - Knowledge - INFO - process ingested knowledge for /app/data/T0015/326202/b9060hi/Rufesi/java_console/romraider/src/com/romraider/maps/Rom.java
2026-02-25 12:57:14,364 - Knowledge - INFO - process ingested knowledge for /app/data/T0015/326202/b9060hi/Rufesi/java_tools/pcb_sync/mmc_replace.txt
2026-02-25 12:57:14,454 - Knowledge - INFO - process ingested knowledge for /app/data/T0015/326202/b9060hi/Rufesi/hardware/hi-lo_driver/known_issues.txt
2026-02-25 12:57:14,531 - Knowledge - INFO - process ingested knowledge for /app/data/T0015/326202/b9060hi/Rufesi/hardware/M52B28_by_Snake____1/readme.txt
2026-02-25 12:57:14,621 - Knowledge - INFO - process ingested knowledge for /app/data/T0015/326202/b9060hi/Rufesi/java_tools/net_list_merge/src/rusefi/NetListMerge.java
2026-02-25 12:57:14,742 - Knowledge - INFO - Fast-tracked /app/data/T0015/326202/b9060hi/Rufesi/hardware/rusefi_hardware_history/Map_MPX_rev00.20/Map_MPX/Map_MPX.pro (ext=.pro, size=1735)
2026-02-25 12:57:14,825 - Knowledge - INFO - Worker kw9 processing /app/data/T0015/326202/b9060hi/Rufesi/hardware/rusefi_hardware_history/frankenso_rev00.20/rusefi_lib/revision_log.txt
2026-02-25 12:57:14,906 - Knowledge - INFO - Fast-tracked /app/data/T0015/326202/b9060hi/Rufesi/hardware/rusefi_hardware_history/can_board_rev00.20/rusefi_lib/revision_log.txt (ext=.txt, size=147)
2026-02-25 12:57:14,986 - Knowledge - INFO - Fast-tracked /app/data/T0015/326202/b9060hi/Rufesi/hardware/rusefi_hardware_history/usb_mmc_spi_rev00.20/known_issues.txt (ext=.txt, size=258)
2026-02-25 12:57:15,108 - Knowledge - INFO - process ingested knowledge for /app/data/T0015/326202/b9060hi/Rufesi/java_tools/cmp_merge/build.xml
2026-02-25 12:57:15,186 - Knowledge - INFO - Worker kw1 processing /app/data/T0015/326202/b9060hi/Rufesi/hardware/rusefi_hardware_history/frankenstein_rev00.11/frankenstein.pro
2026-02-25 12:57:15,289 - Knowledge - INFO - Worker kw12 processing /app/data/T0015/326202/b9060hi/Rufesi/hardware/rusefi_hardware_history/thermocouiple_module_rev00.10/thermocouiple_module/known_issues.txt
2026-02-25 12:57:15,414 - Knowledge - INFO - Worker kw3 processing /app/data/T0015/326202/b9060hi/Rufesi/hardware/rusefi_hardware_history/Breakout_TLE6244_rev00.10/rusefi_lib/revision_log.txt
2026-02-25 12:57:15,495 - Knowledge - INFO - Worker kw19 processing /app/data/T0015/326202/b9060hi/Rufesi/hardware/rusefi_hardware_history/frankenso_power_supply_rev00.10/frankenso-PWR-Supply/known_issues.txt
2026-02-25 12:57:15,579 - Knowledge - INFO - Worker kw14 processing /app/data/T0015/326202/b9060hi/Rufesi/hardware/rusefi_hardware_history/1A_injector_6-channels_rev00.10/gerber/rev_notes.txt
2026-02-25 12:57:15,672 - Knowledge - INFO - Fast-tracked /app/data/T0015/326202/b9060hi/Rufesi/hardware/rusefi_hardware_history/frankenstein_rev00.11/merge/vr_changes.txt (ext=.txt, size=288)
2026-02-25 12:57:15,763 - Knowledge - INFO - Batch sizing: calculated=8, max_allowed=10, queue=640, active_workers=20/20
2026-02-25 12:57:15,848 - Knowledge - INFO - Fast-tracked /app/data/T0015/326202/b9060hi/Rufesi/hardware/CJ125_board/scripts/props.py (small file (2781 bytes))
2026-02-25 12:57:16,326 - Knowledge - INFO - process ingested knowledge for /app/data/T0015/326202/b9060hi/Rufesi/hardware/breakout_board/rename.txt
2026-02-25 12:57:16,018 - Knowledge - INFO - process ingested knowledge for /app/data/T0015/326202/b9060hi/Rufesi/hardware/368255-2-connector/readme.md
2026-02-25 12:57:16,120 - Knowledge - INFO - process ingested knowledge for /app/data/T0015/326202/b9060hi/Rufesi/java_console/romraider/src/com/romraider/maps/Table2D.java
2026-02-25 12:57:16,228 - Knowledge - INFO - process ingested knowledge for /app/data/T0015/326202/b9060hi/Rufesi/java_tools/pcb_sync/changes.txt
2026-02-25 12:57:15,967 - Knowledge - INFO - Processing batch of 8 files
2026-02-25 12:57:16,410 - Knowledge - INFO - process ingested knowledge for /app/data/T0015/326202/b9060hi/Rufesi/hardware/M52B28_by_Snake____1/M52.pro
2026-02-25 12:57:16,492 - Knowledge - INFO - process ingested knowledge for /app/data/T0015/326202/b9060hi/Rufesi/java_tools/net_list_merge/build.xml
2026-02-25 12:57:16,602 - Knowledge - INFO - Worker kw17 processing /app/data/T0015/326202/b9060hi/Rufesi/hardware/rusefi_hardware_history/brain_board_rev00.10/stm32f407_board.pro
2026-02-25 12:57:16,681 - Knowledge - INFO - Fast-tracked /app/data/T0015/326202/b9060hi/Rufesi/hardware/rusefi_hardware_history/frankenso_rev00.20/rusefi_lib/revision_log.txt (ext=.txt, size=253)
2026-02-25 12:57:16,794 - Knowledge - INFO - Worker kw6 processing /app/data/T0015/326202/b9060hi/Rufesi/hardware/rusefi_hardware_history/can_board_rev00.20/can_board/can_brd_1.pro
2026-02-25 12:57:16,924 - Knowledge - INFO - Worker kw2 processing /app/data/T0015/326202/b9060hi/Rufesi/hardware/rusefi_hardware_history/usb_mmc_spi_rev00.20/mmc_usb_1.pro
2026-02-25 12:57:17,015 - Knowledge - INFO - process ingested knowledge for /app/data/T0015/326202/b9060hi/Rufesi/hardware/brain_board_STM32F407_SD_wing-it/brain_board_STM32F407_SD_wing-it.pro
2026-02-25 12:57:17,106 - Knowledge - INFO - Fast-tracked /app/data/T0015/326202/b9060hi/Rufesi/hardware/rusefi_hardware_history/frankenstein_rev00.11/frankenstein.pro (ext=.pro, size=1886)
2026-02-25 12:57:17,190 - Knowledge - INFO - Fast-tracked /app/data/T0015/326202/b9060hi/Rufesi/hardware/rusefi_hardware_history/thermocouiple_module_rev00.10/thermocouiple_module/known_issues.txt (ext=.txt, size=138)
2026-02-25 12:57:17,308 - Knowledge - INFO - Fast-tracked /app/data/T0015/326202/b9060hi/Rufesi/hardware/rusefi_hardware_history/Breakout_TLE6244_rev00.10/rusefi_lib/revision_log.txt (ext=.txt, size=253)
2026-02-25 12:57:17,397 - Knowledge - INFO - Fast-tracked /app/data/T0015/326202/b9060hi/Rufesi/hardware/rusefi_hardware_history/frankenso_power_supply_rev00.10/frankenso-PWR-Supply/known_issues.txt (ext=.txt, size=26)
2026-02-25 12:57:17,488 - Knowledge - INFO - Fast-tracked /app/data/T0015/326202/b9060hi/Rufesi/hardware/rusefi_hardware_history/1A_injector_6-channels_rev00.10/gerber/rev_notes.txt (ext=.txt, size=53)
2026-02-25 12:57:17,584 - Knowledge - INFO - Fast-tracked /app/data/T0015/326202/b9060hi/Rufesi/hardware/rusefi_hardware_history/CJ125_board_rev00.20/scripts/props.py (small file (2781 bytes))
2026-02-25 12:57:17,661 - Knowledge - INFO - Async storing batch of 8 embeddings
2026-02-25 12:57:17,770 - Knowledge - INFO - Async storage completed for 8 embeddings
2026-02-25 12:57:18,241 - Knowledge - INFO - process ingested knowledge for /app/data/T0015/326202/b9060hi/Rufesi/hardware/breakout_board/merge.txt
2026-02-25 12:57:18,564 - Knowledge - INFO - Fast-tracked /app/data/T0015/326202/b9060hi/Rufesi/hardware/rusefi_hardware_history/brain_board_rev00.10/stm32f407_board.pro (ext=.pro, size=1345)
2026-02-25 12:57:18,597 - Knowledge - INFO - process ingested knowledge for /app/data/T0015/326202/b9060hi/Rufesi/java_tools/version2header/src/com/rusefi/Version2Header.java
2026-02-25 12:57:18,654 - Knowledge - INFO - Worker kw9 processing /app/data/T0015/326202/b9060hi/Rufesi/hardware/rusefi_hardware_history/frankenso_rev00.20/frankenso/merge/mmc_ttl_prepare_changes.txt
2026-02-25 12:57:18,776 - Knowledge - INFO - Fast-tracked /app/data/T0015/326202/b9060hi/Rufesi/hardware/rusefi_hardware_history/can_board_rev00.20/can_board/can_brd_1.pro (ext=.pro, size=1161)
2026-02-25 12:57:18,850 - Knowledge - INFO - Fast-tracked /app/data/T0015/326202/b9060hi/Rufesi/hardware/rusefi_hardware_history/usb_mmc_spi_rev00.20/mmc_usb_1.pro (ext=.pro, size=1769)
2026-02-25 12:57:19,016 - Knowledge - INFO - Worker kw1 processing /app/data/T0015/326202/b9060hi/Rufesi/hardware/rusefi_hardware_history/can_board_rev00.10/can_brd_1.pro
2026-02-25 12:57:19,115 - Knowledge - INFO - Async storage completed for 8 embeddings
2026-02-25 12:57:19,243 - Knowledge - INFO - Worker kw3 processing /app/data/T0015/326202/b9060hi/Rufesi/hardware/rusefi_hardware_history/Breakout_TLE6244_rev00.10/Breakout_TLE6244/Breakout_TLE6244.pro
2026-02-25 12:57:19,325 - Knowledge - INFO - Worker kw19 processing /app/data/T0015/326202/b9060hi/Rufesi/hardware/rusefi_hardware_history/frankenso_rev00.50/rusefi_lib/Credit_lic.txt
2026-02-25 12:57:19,411 - Knowledge - INFO - Async storage completed for 8 embeddings
2026-02-25 12:57:19,527 - Knowledge - INFO - Async storage completed for 8 embeddings
2026-02-25 12:57:19,610 - Knowledge - INFO - process ingested knowledge for /app/data/T0015/326202/b9060hi/Rufesi/hardware/gerbmerge/ki2gm.py
2026-02-25 12:57:19,615 - Knowledge - INFO - Worker kw20 processing /app/data/T0015/326202/b9060hi/Rufesi/hardware/rusefi_hardware_history/DDPAK_breakout_rev00.10/rusefi_lib/Credit_lic.txt
2026-02-25 12:57:19,879 - Knowledge - INFO - Worker kw17 processing /app/data/T0015/326202/b9060hi/Rufesi/hardware/rusefi_hardware_history/low_side_tle6240_rev00.10/tle6240_driver.pro
2026-02-25 12:57:20,042 - Knowledge - INFO - Fast-tracked /app/data/T0015/326202/b9060hi/Rufesi/hardware/rusefi_hardware_history/frankenso_rev00.20/frankenso/merge/mmc_ttl_prepare_changes.txt (ext=.txt, size=48)
2026-02-25 12:57:20,124 - Knowledge - INFO - Worker kw6 processing /app/data/T0015/326202/b9060hi/Rufesi/hardware/rusefi_hardware_history/frankenso_rev00.40/rusefi_lib/Credit_lic.txt
2026-02-25 12:57:20,212 - Knowledge - INFO - Worker kw2 processing /app/data/T0015/326202/b9060hi/Rufesi/hardware/rusefi_hardware_history/frankenstein_rev00.10/merge/mmc_ttl_prepare_changes.txt
2026-02-25 12:57:20,317 - Knowledge - INFO - Fast-tracked /app/data/T0015/326202/b9060hi/Rufesi/hardware/rusefi_hardware_history/can_board_rev00.10/can_brd_1.pro (ext=.pro, size=1753)
2026-02-25 12:57:20,487 - Knowledge - INFO - process ingested knowledge for /app/data/T0015/326202/b9060hi/Rufesi/hardware/breakout_board/pin_board_1.pro
2026-02-25 12:57:20,488 - Knowledge - INFO - process ingested knowledge for /app/data/T0015/326202/b9060hi/Rufesi/java_tools/version2header/build.xml
2026-02-25 12:57:20,529 - Knowledge - INFO - Fast-tracked /app/data/T0015/326202/b9060hi/Rufesi/hardware/rusefi_hardware_history/Breakout_TLE6244_rev00.10/Breakout_TLE6244/Breakout_TLE6244.pro (ext=.pro, size=1800)
2026-02-25 12:57:20,651 - Knowledge - INFO - Fast-tracked /app/data/T0015/326202/b9060hi/Rufesi/hardware/rusefi_hardware_history/frankenso_rev00.50/rusefi_lib/Credit_lic.txt (ext=.txt, size=288)
2026-02-25 12:57:21,013 - Knowledge - INFO - Fast-tracked /app/data/T0015/326202/b9060hi/Rufesi/hardware/rusefi_hardware_history/DDPAK_breakout_rev00.10/rusefi_lib/Credit_lic.txt (ext=.txt, size=195)
2026-02-25 12:57:21,107 - Knowledge - INFO - Fast-tracked /app/data/T0015/326202/b9060hi/Rufesi/hardware/rusefi_hardware_history/low_side_tle6240_rev00.10/tle6240_driver.pro (ext=.pro, size=1805)
2026-02-25 12:57:21,195 - Knowledge - INFO - Worker kw9 processing /app/data/T0015/326202/b9060hi/Rufesi/hardware/rusefi_hardware_history/frankenso_rev00.20/frankenso/merge/pcb_merge_changes.txt
2026-02-25 12:57:21,280 - Knowledge - INFO - Fast-tracked /app/data/T0015/326202/b9060hi/Rufesi/hardware/rusefi_hardware_history/frankenso_rev00.40/rusefi_lib/Credit_lic.txt (ext=.txt, size=288)
2026-02-25 12:57:21,313 - Knowledge - INFO - process ingested knowledge for /app/data/T0015/326202/b9060hi/Rufesi/hardware/gerbmerge/jobs.py
2026-02-25 12:57:21,358 - Knowledge - INFO - Fast-tracked /app/data/T0015/326202/b9060hi/Rufesi/hardware/rusefi_hardware_history/frankenstein_rev00.10/merge/mmc_ttl_prepare_changes.txt (ext=.txt, size=48)
2026-02-25 12:57:21,439 - Knowledge - INFO - Worker kw1 processing /app/data/T0015/326202/b9060hi/Rufesi/hardware/rusefi_hardware_history/PowerSSO-24_breakout_rev00.10/rusefi_lib/Credit_lic.txt
2026-02-25 12:57:21,587 - Knowledge - INFO - Processing batch of 8 files
2026-02-25 12:57:21,669 - Knowledge - INFO - Worker kw3 processing /app/data/T0015/326202/b9060hi/Rufesi/hardware/rusefi_hardware_history/usb_mmc_spi_rev00.10/known_issues.txt
2026-02-25 12:57:21,749 - Knowledge - INFO - Worker kw19 processing /app/data/T0015/326202/b9060hi/Rufesi/hardware/rusefi_hardware_history/frankenso_rev00.50/rusefi_lib/revision_log.txt
2026-02-25 12:57:21,757 - Knowledge - INFO - process ingested knowledge for /app/data/T0015/326202/b9060hi/Rufesi/hardware/Common_Rail_MC33816/scripts/props.py
2026-02-25 12:57:21,826 - Knowledge - INFO - Worker kw20 processing /app/data/T0015/326202/b9060hi/Rufesi/hardware/rusefi_hardware_history/DDPAK_breakout_rev00.10/rusefi_lib/revision_log.txt
2026-02-25 12:57:21,917 - Knowledge - INFO - Worker kw17 processing /app/data/T0015/326202/b9060hi/Rufesi/hardware/rusefi_hardware_history/1A_injector_6-channels_rev00.20/inj_6ch.pro
2026-02-25 12:57:22,055 - Knowledge - INFO - Fast-tracked /app/data/T0015/326202/b9060hi/Rufesi/hardware/rusefi_hardware_history/frankenso_rev00.20/frankenso/merge/pcb_merge_changes.txt (ext=.txt, size=3520)
2026-02-25 12:57:22,130 - Knowledge - INFO - Worker kw6 processing /app/data/T0015/326202/b9060hi/Rufesi/hardware/rusefi_hardware_history/frankenso_rev00.40/rusefi_lib/revision_log.txt
2026-02-25 12:57:22,187 - Knowledge - INFO - process ingested knowledge for /app/data/T0015/326202/b9060hi/Rufesi/java_tools/enum_to_string/src/com/rusefi/EnumToStringTest.java
2026-02-25 12:57:22,333 - Knowledge - INFO - Worker kw2 processing /app/data/T0015/326202/b9060hi/Rufesi/hardware/rusefi_hardware_history/frankenstein_rev00.10/merge/pcb_merge_changes.txt
2026-02-25 12:57:22,442 - Knowledge - INFO - Fast-tracked /app/data/T0015/326202/b9060hi/Rufesi/hardware/rusefi_hardware_history/PowerSSO-24_breakout_rev00.10/rusefi_lib/Credit_lic.txt (ext=.txt, size=288)
2026-02-25 12:57:22,511 - Knowledge - INFO - process ingested knowledge for /app/data/T0015/326202/b9060hi/Rufesi/hardware/brain_board_176-pin/known_issues.txt
2026-02-25 12:57:22,582 - Knowledge - INFO - Fast-tracked /app/data/T0015/326202/b9060hi/Rufesi/hardware/rusefi_hardware_history/usb_mmc_spi_rev00.10/known_issues.txt (ext=.txt, size=83)
2026-02-25 12:57:22,659 - Knowledge - INFO - Fast-tracked /app/data/T0015/326202/b9060hi/Rufesi/hardware/rusefi_hardware_history/frankenso_rev00.50/rusefi_lib/revision_log.txt (ext=.txt, size=253)
2026-02-25 12:57:22,863 - Knowledge - INFO - Fast-tracked /app/data/T0015/326202/b9060hi/Rufesi/hardware/rusefi_hardware_history/DDPAK_breakout_rev00.10/rusefi_lib/revision_log.txt (ext=.txt, size=253)
2026-02-25 12:57:22,891 - Knowledge - INFO - Processing batch of 8 files
2026-02-25 12:57:22,892 - Knowledge - INFO - Processing batch of 8 files
2026-02-25 12:57:22,894 - Knowledge - INFO - process ingested knowledge for /app/data/T0015/326202/b9060hi/Rufesi/hardware/DDPAK_breakout/known_issues.txt
2026-02-25 12:57:22,947 - Knowledge - INFO - Fast-tracked /app/data/T0015/326202/b9060hi/Rufesi/hardware/rusefi_hardware_history/1A_injector_6-channels_rev00.20/inj_6ch.pro (ext=.pro, size=1152)
2026-02-25 12:57:23,021 - Knowledge - INFO - Worker kw9 processing /app/data/T0015/326202/b9060hi/Rufesi/hardware/rusefi_hardware_history/frankenso_rev00.20/frankenso/merge/vr_changes.txt
2026-02-25 12:57:23,099 - Knowledge - INFO - Fast-tracked /app/data/T0015/326202/b9060hi/Rufesi/hardware/rusefi_hardware_history/frankenso_rev00.40/rusefi_lib/revision_log.txt (ext=.txt, size=253)
2026-02-25 12:57:23,244 - Knowledge - INFO - process ingested knowledge for /app/data/T0015/326202/b9060hi/Rufesi/hardware/Common_Rail_MC33816/known_issues.txt
2026-02-25 12:57:23,318 - Knowledge - INFO - Fast-tracked /app/data/T0015/326202/b9060hi/Rufesi/hardware/rusefi_hardware_history/frankenstein_rev00.10/merge/pcb_merge_changes.txt (ext=.txt, size=1433)
2026-02-25 12:57:23,399 - Knowledge - INFO - Worker kw1 processing /app/data/T0015/326202/b9060hi/Rufesi/hardware/rusefi_hardware_history/PowerSSO-24_breakout_rev00.10/rusefi_lib/revision_log.txt
2026-02-25 12:57:23,606 - Knowledge - INFO - Worker kw3 processing /app/data/T0015/326202/b9060hi/Rufesi/hardware/rusefi_hardware_history/usb_mmc_spi_rev00.10/mmc_usb_1.pro
2026-02-25 12:57:23,676 - Knowledge - INFO - process ingested knowledge for /app/data/T0015/326202/b9060hi/Rufesi/java_tools/enum_to_string/src/com/rusefi/EnumToString.java
2026-02-25 12:57:23,716 - Knowledge - INFO - Worker kw19 processing /app/data/T0015/326202/b9060hi/Rufesi/hardware/rusefi_hardware_history/frankenso_rev00.50/frankenso/frankenso.pro
2026-02-25 12:57:23,772 - Knowledge - INFO - process ingested knowledge for /app/data/T0015/326202/b9060hi/Rufesi/hardware/brain_board_176-pin/readme.md
2026-02-25 12:57:23,773 - Knowledge - INFO - [WEBSOCKET] Sent: Type=progress_update, Size: 293, Duration: 0ms
2026-02-25 12:57:23,816 - Knowledge - INFO - Worker kw20 processing /app/data/T0015/326202/b9060hi/Rufesi/hardware/rusefi_hardware_history/mini48-stm32_rev00.20/rusefi_lib/Credit_lic.txt
2026-02-25 12:57:23,914 - Knowledge - INFO - process ingested knowledge for /app/data/T0015/326202/b9060hi/Rufesi/hardware/rusefi_hardware_history/thermocouiple_module_rev00.10/thermocouiple_module/thermocouple_module.pro
2026-02-25 12:57:23,979 - Knowledge - INFO - [kw4] Queue=632, InProgress=0, PendingWorkers=20/20, Completed=758/1454 (52.1%)
2026-02-25 12:57:23,979 - Knowledge - INFO - [kw13] Queue=632, InProgress=0, PendingWorkers=20/20, Completed=758/1454 (52.1%)
2026-02-25 12:57:24,025 - Knowledge - INFO - process ingested knowledge for /app/data/T0015/326202/b9060hi/Rufesi/hardware/rusefi_hardware_history/Stimulator_rev00.20/README.md
2026-02-25 12:57:24,210 - Knowledge - INFO - Worker kw17 processing /app/data/T0015/326202/b9060hi/Rufesi/hardware/rusefi_hardware_history/1A_injector_6-channels_rev00.20/MIT_License.txt
2026-02-25 12:57:24,315 - Knowledge - INFO - Fast-tracked /app/data/T0015/326202/b9060hi/Rufesi/hardware/rusefi_hardware_history/frankenso_rev00.20/frankenso/merge/vr_changes.txt (ext=.txt, size=288)
2026-02-25 12:57:24,405 - Knowledge - INFO - Worker kw6 processing /app/data/T0015/326202/b9060hi/Rufesi/hardware/rusefi_hardware_history/frankenso_rev00.40/frankenso/frankenso.pro
2026-02-25 12:57:24,517 - Knowledge - INFO - process ingested knowledge for /app/data/T0015/326202/b9060hi/Rufesi/hardware/Common_Rail_MC33816/readme.md
2026-02-25 12:57:24,594 - Knowledge - INFO - Worker kw2 processing /app/data/T0015/326202/b9060hi/Rufesi/hardware/rusefi_hardware_history/frankenstein_rev00.10/merge/vr_changes.txt
2026-02-25 12:57:24,669 - Knowledge - INFO - Fast-tracked /app/data/T0015/326202/b9060hi/Rufesi/hardware/rusefi_hardware_history/PowerSSO-24_breakout_rev00.10/rusefi_lib/revision_log.txt (ext=.txt, size=253)
2026-02-25 12:57:24,770 - Knowledge - INFO - Fast-tracked /app/data/T0015/326202/b9060hi/Rufesi/hardware/rusefi_hardware_history/usb_mmc_spi_rev00.10/mmc_usb_1.pro (ext=.pro, size=1769)
2026-02-25 12:57:24,993 - Knowledge - INFO - Fast-tracked /app/data/T0015/326202/b9060hi/Rufesi/hardware/rusefi_hardware_history/frankenso_rev00.50/frankenso/frankenso.pro (ext=.pro, size=1985)
2026-02-25 12:57:25,092 - Knowledge - INFO - process ingested knowledge for /app/data/T0015/326202/b9060hi/Rufesi/hardware/CJ125_board/scripts/props.py
2026-02-25 12:57:25,186 - Knowledge - INFO - [WEBSOCKET] Sent: Type=unknown, Size: ?, Duration: 1414ms
2026-02-25 12:57:25,305 - Knowledge - INFO - Fast-tracked /app/data/T0015/326202/b9060hi/Rufesi/hardware/rusefi_hardware_history/mini48-stm32_rev00.20/rusefi_lib/Credit_lic.txt (ext=.txt, size=288)
2026-02-25 12:57:25,442 - Knowledge - INFO - [kw7] Queue=632, InProgress=0, PendingWorkers=20/20, Completed=758/1454 (52.1%)
2026-02-25 12:57:25,446 - Knowledge - INFO - process ingested knowledge for /app/data/T0015/326202/b9060hi/Rufesi/hardware/rusefi_hardware_history/power_supply_kb1gtt_rev00.10/PWR_buck_12V_switcher.pro
2026-02-25 12:57:25,506 - Knowledge - INFO - Batch sizing: calculated=8, max_allowed=10, queue=632, active_workers=20/20
2026-02-25 12:57:25,592 - Knowledge - INFO - Batch sizing: calculated=8, max_allowed=10, queue=632, active_workers=20/20
2026-02-25 12:57:25,792 - Knowledge - INFO - Fast-tracked /app/data/T0015/326202/b9060hi/Rufesi/hardware/rusefi_hardware_history/1A_injector_6-channels_rev00.20/MIT_License.txt (ext=.txt, size=1065)
2026-02-25 12:57:25,856 - Knowledge - INFO - process ingested knowledge for /app/data/T0015/326202/b9060hi/Rufesi/hardware/rusefi_hardware_history/Stimulator_rev00.20/Stimulator.pro
2026-02-25 12:57:25,861 - Knowledge - INFO - Worker kw9 processing /app/data/T0015/326202/b9060hi/Rufesi/hardware/rusefi_hardware_history/frankenso_rev00.20/frankenso/scripts/props.py
2026-02-25 12:57:25,988 - Knowledge - INFO - Fast-tracked /app/data/T0015/326202/b9060hi/Rufesi/hardware/rusefi_hardware_history/frankenso_rev00.40/frankenso/frankenso.pro (ext=.pro, size=1903)
2026-02-25 12:57:26,163 - Knowledge - INFO - process ingested knowledge for /app/data/T0015/326202/b9060hi/Rufesi/hardware/Common_Rail_MC33816/Common_Rail_MC33816.xml
2026-02-25 12:57:26,168 - Knowledge - INFO - Fast-tracked /app/data/T0015/326202/b9060hi/Rufesi/hardware/rusefi_hardware_history/frankenstein_rev00.10/merge/vr_changes.txt (ext=.txt, size=288)
2026-02-25 12:57:26,240 - Knowledge - INFO - Worker kw1 processing /app/data/T0015/326202/b9060hi/Rufesi/hardware/rusefi_hardware_history/PowerSSO-24_breakout_rev00.10/PowerSSO-24_breakout/PowerSSO-24_breakout.pro
2026-02-25 12:57:26,331 - Knowledge - INFO - Worker kw3 processing /app/data/T0015/326202/b9060hi/Rufesi/hardware/rusefi_hardware_history/low_side_tle6240_rev00.11/tle6240_driver.pro
2026-02-25 12:57:26,441 - Knowledge - INFO - Worker kw19 processing /app/data/T0015/326202/b9060hi/Rufesi/hardware/rusefi_hardware_history/frankenso_rev00.50/frankenso/known_issues.txt
2026-02-25 12:57:26,528 - Knowledge - INFO - process ingested knowledge for /app/data/T0015/326202/b9060hi/Rufesi/hardware/CJ125_board/known_issues.txt
2026-02-25 12:57:26,619 - Knowledge - INFO - Progress: 52.1% | Files: 758/1454 | Rate: 1.52 files/sec | Queue: 632
2026-02-25 12:57:26,623 - Knowledge - INFO - Processing batch of 8 files
2026-02-25 12:57:26,707 - Knowledge - INFO - Worker kw20 processing /app/data/T0015/326202/b9060hi/Rufesi/hardware/rusefi_hardware_history/mini48-stm32_rev00.20/rusefi_lib/revision_log.txt
2026-02-25 12:57:26,729 - Knowledge - INFO - [kw15] Queue=632, InProgress=0, PendingWorkers=20/20, Completed=758/1454 (52.1%)
2026-02-25 12:57:26,729 - Knowledge - INFO - [kw8] Queue=632, InProgress=0, PendingWorkers=20/20, Completed=758/1454 (52.1%)
2026-02-25 12:57:26,792 - Knowledge - INFO - Batch sizing: calculated=8, max_allowed=10, queue=632, active_workers=20/20
2026-02-25 12:57:26,874 - Knowledge - INFO - process ingested knowledge for /app/data/T0015/326202/b9060hi/Rufesi/hardware/rusefi_hardware_history/power_supply_kb1gtt_rev00.10/MIT_License.txt
2026-02-25 12:57:26,907 - Knowledge - INFO - [kw11] Queue=632, InProgress=0, PendingWorkers=20/20, Completed=758/1454 (52.1%)
2026-02-25 12:57:26,978 - Knowledge - INFO - Async storing batch of 8 embeddings
2026-02-25 12:57:27,053 - Knowledge - INFO - Async storing batch of 8 embeddings
2026-02-25 12:57:27,129 - Knowledge - INFO - Worker kw17 processing /app/data/T0015/326202/b9060hi/Rufesi/hardware/rusefi_hardware_history/176122-6-connector_rev00.10/licence.txt
2026-02-25 12:57:27,241 - Knowledge - INFO - process ingested knowledge for /app/data/T0015/326202/b9060hi/Rufesi/hardware/rusefi_hardware_history/Stimulator_rev00.20/Stimulator.xml
2026-02-25 12:57:27,361 - Knowledge - INFO - Worker kw9 processing /app/data/T0015/326202/b9060hi/Rufesi/hardware/rusefi_hardware_history/frankenso_rev00.20/frankenso/frankenso.pro
2026-02-25 12:57:27,459 - Knowledge - INFO - Worker kw6 processing /app/data/T0015/326202/b9060hi/Rufesi/hardware/rusefi_hardware_history/frankenso_rev00.40/frankenso/known_issues.txt
2026-02-25 12:57:27,567 - Knowledge - INFO - process ingested knowledge for /app/data/T0015/326202/b9060hi/Rufesi/hardware/Common_Rail_MC33816/Common_Rail_MC33816.pro
2026-02-25 12:57:27,651 - Knowledge - INFO - Worker kw2 processing /app/data/T0015/326202/b9060hi/Rufesi/hardware/rusefi_hardware_history/frankenstein_rev00.10/known_issues.txt
2026-02-25 12:57:27,768 - Knowledge - INFO - Fast-tracked /app/data/T0015/326202/b9060hi/Rufesi/hardware/rusefi_hardware_history/PowerSSO-24_breakout_rev00.10/PowerSSO-24_breakout/PowerSSO-24_breakout.pro (ext=.pro, size=1766)
2026-02-25 12:57:27,865 - Knowledge - INFO - Fast-tracked /app/data/T0015/326202/b9060hi/Rufesi/hardware/rusefi_hardware_history/low_side_tle6240_rev00.11/tle6240_driver.pro (ext=.pro, size=1777)
2026-02-25 12:57:27,957 - Knowledge - INFO - Fast-tracked /app/data/T0015/326202/b9060hi/Rufesi/hardware/rusefi_hardware_history/frankenso_rev00.50/frankenso/known_issues.txt (ext=.txt, size=14624)
2026-02-25 12:57:28,023 - Knowledge - INFO - process ingested knowledge for /app/data/T0015/326202/b9060hi/Rufesi/hardware/CJ125_board/O2_input_CJ125.pro
2026-02-25 12:57:28,106 - Knowledge - INFO - [kw18] Queue=616, InProgress=0, PendingWorkers=20/20, Completed=758/1454 (52.1%)
2026-02-25 12:57:28,194 - Knowledge - INFO - process ingested knowledge for /app/data/T0015/326202/b9060hi/Rufesi/hardware/rusefi_hardware_history/NGC_38_connector_rev00.20/NGC_38_connector/NGC_38_connector.pro
2026-02-25 12:57:28,309 - Knowledge - INFO - Fast-tracked /app/data/T0015/326202/b9060hi/Rufesi/hardware/rusefi_hardware_history/mini48-stm32_rev00.20/rusefi_lib/revision_log.txt (ext=.txt, size=253)
2026-02-25 12:57:28,397 - Knowledge - INFO - Batch sizing: calculated=8, max_allowed=10, queue=632, active_workers=20/20
2026-02-25 12:57:28,506 - Knowledge - INFO - Batch sizing: calculated=8, max_allowed=10, queue=632, active_workers=20/20
2026-02-25 12:57:28,595 - Knowledge - INFO - Async storing batch of 8 embeddings
2026-02-25 12:57:28,695 - Knowledge - INFO - process ingested knowledge for /app/data/T0015/326202/b9060hi/Rufesi/hardware/rusefi_hardware_history/power_supply_kb1gtt_rev00.10/known_issues.txt
2026-02-25 12:57:28,768 - Knowledge - INFO - Batch sizing: calculated=8, max_allowed=10, queue=632, active_workers=20/20
2026-02-25 12:57:28,894 - Knowledge - INFO - Worker kw4 processing /app/data/T0015/326202/b9060hi/Rufesi/hardware/rusefi_hardware_history/NGC_38_connector_rev00.10/NGC_38_connector/NGC_38_connector.pro
2026-02-25 12:57:28,975 - Knowledge - INFO - Worker kw13 processing /app/data/T0015/326202/b9060hi/Rufesi/hardware/rusefi_hardware_history/breakout_board_rev00.10/rename.txt
2026-02-25 12:57:29,080 - Knowledge - INFO - Fast-tracked /app/data/T0015/326202/b9060hi/Rufesi/hardware/rusefi_hardware_history/176122-6-connector_rev00.10/licence.txt (ext=.txt, size=1022)
2026-02-25 12:57:29,177 - Knowledge - INFO - process ingested knowledge for /app/data/T0015/326202/b9060hi/Rufesi/hardware/rusefi_hardware_history/brain_board_rev00.30/rusefi_lib/Credit_lic.txt
2026-02-25 12:57:29,251 - Knowledge - INFO - Worker kw9 processing /app/data/T0015/326202/b9060hi/Rufesi/hardware/rusefi_hardware_history/frankenso_rev00.20/frankenso/known_issues.txt
2026-02-25 12:57:29,362 - Knowledge - INFO - Fast-tracked /app/data/T0015/326202/b9060hi/Rufesi/hardware/rusefi_hardware_history/frankenso_rev00.40/frankenso/known_issues.txt (ext=.txt, size=8616)
2026-02-25 12:57:29,433 - Knowledge - INFO - process ingested knowledge for /app/data/T0015/326202/b9060hi/Rufesi/hardware/brain_board_176-pin/176-pin_board.pro
2026-02-25 12:57:29,517 - Knowledge - INFO - Fast-tracked /app/data/T0015/326202/b9060hi/Rufesi/hardware/rusefi_hardware_history/frankenstein_rev00.10/known_issues.txt (ext=.txt, size=221)
2026-02-25 12:57:29,622 - Knowledge - INFO - Worker kw1 processing /app/data/T0015/326202/b9060hi/Rufesi/hardware/rusefi_hardware_history/PowerSSO-24_breakout_rev00.10/PowerSSO-24_breakout/known_issues.txt
2026-02-25 12:57:29,702 - Knowledge - INFO - Worker kw3 processing /app/data/T0015/326202/b9060hi/Rufesi/hardware/rusefi_hardware_history/frankenso_power_supply_rev00.10/rusefi_lib/Credit_lic.txt
2026-02-25 12:57:29,823 - Knowledge - INFO - Worker kw19 processing /app/data/T0015/326202/b9060hi/Rufesi/hardware/rusefi_hardware_history/usb_mmc_spi_rev00.30/rusefi_lib/revision_log.txt
2026-02-25 12:57:29,929 - Knowledge - INFO - process ingested knowledge for /app/data/T0015/326202/b9060hi/Rufesi/hardware/NGC_38_connector/readme.md
2026-02-25 12:57:30,016 - Knowledge - INFO - Batch sizing: calculated=8, max_allowed=10, queue=616, active_workers=20/20
2026-02-25 12:57:30,091 - Knowledge - INFO - process ingested knowledge for /app/data/T0015/326202/b9060hi/Rufesi/hardware/rusefi_hardware_history/CJ125_board_rev00.20/scripts/props.py
2026-02-25 12:57:30,190 - Knowledge - INFO - Worker kw20 processing /app/data/T0015/326202/b9060hi/Rufesi/hardware/rusefi_hardware_history/mini48-stm32_rev00.20/mini48-stm32/mini48-stm32.pro
2026-02-25 12:57:30,262 - Knowledge - INFO - Async storing batch of 8 embeddings
2026-02-25 12:57:30,374 - Knowledge - INFO - Async storing batch of 8 embeddings
2026-02-25 12:57:30,486 - Knowledge - INFO - Worker kw7 processing /app/data/T0015/326202/b9060hi/Rufesi/hardware/Map_MPX/Map_MPX.pro
2026-02-25 12:57:30,574 - Knowledge - INFO - process ingested knowledge for /app/data/T0015/326202/b9060hi/Rufesi/hardware/rusefi_hardware_history/1A_injector_6-channels_rev00.10/inj_6ch.pro
2026-02-25 12:57:30,696 - Knowledge - INFO - Async storing batch of 8 embeddings
2026-02-25 12:57:30,775 - Knowledge - INFO - Fast-tracked /app/data/T0015/326202/b9060hi/Rufesi/hardware/rusefi_hardware_history/NGC_38_connector_rev00.10/NGC_38_connector/NGC_38_connector.pro (ext=.pro, size=1705)
2026-02-25 12:57:30,843 - Knowledge - INFO - Fast-tracked /app/data/T0015/326202/b9060hi/Rufesi/hardware/rusefi_hardware_history/breakout_board_rev00.10/rename.txt (ext=.txt, size=165)
2026-02-25 12:57:30,917 - Knowledge - INFO - Worker kw17 processing /app/data/T0015/326202/b9060hi/Rufesi/hardware/rusefi_hardware_history/176122-6-connector_rev00.10/176122-6.pro
2026-02-25 12:57:31,020 - Knowledge - INFO - process ingested knowledge for /app/data/T0015/326202/b9060hi/Rufesi/hardware/rusefi_hardware_history/brain_board_rev00.30/rusefi_lib/revision_log.txt
2026-02-25 12:57:31,115 - Knowledge - INFO - Fast-tracked /app/data/T0015/326202/b9060hi/Rufesi/hardware/rusefi_hardware_history/frankenso_rev00.20/frankenso/known_issues.txt (ext=.txt, size=2540)
2026-02-25 12:57:31,223 - Knowledge - INFO - Worker kw6 processing /app/data/T0015/326202/b9060hi/Rufesi/hardware/rusefi_hardware_history/brain_board_SD_Card_1_rev00.10/known_issues.txt
2026-02-25 12:57:31,384 - Knowledge - INFO - Worker kw2 processing /app/data/T0015/326202/b9060hi/Rufesi/hardware/rusefi_hardware_history/frankenstein_rev00.10/frankenstein.pro
2026-02-25 12:57:31,484 - Knowledge - INFO - Fast-tracked /app/data/T0015/326202/b9060hi/Rufesi/hardware/rusefi_hardware_history/PowerSSO-24_breakout_rev00.10/PowerSSO-24_breakout/known_issues.txt (ext=.txt, size=26)
2026-02-25 12:57:31,607 - Knowledge - INFO - Fast-tracked /app/data/T0015/326202/b9060hi/Rufesi/hardware/rusefi_hardware_history/frankenso_power_supply_rev00.10/rusefi_lib/Credit_lic.txt (ext=.txt, size=288)
2026-02-25 12:57:31,679 - Knowledge - INFO - Fast-tracked /app/data/T0015/326202/b9060hi/Rufesi/hardware/rusefi_hardware_history/usb_mmc_spi_rev00.30/rusefi_lib/revision_log.txt (ext=.txt, size=179)
2026-02-25 12:57:31,880 - Knowledge - INFO - process ingested knowledge for /app/data/T0015/326202/b9060hi/Rufesi/hardware/NGC_38_connector/NGC_38_connector.pro
2026-02-25 12:57:31,892 - Knowledge - INFO - Async storing batch of 8 embeddings
2026-02-25 12:57:32,051 - Knowledge - INFO - process ingested knowledge for /app/data/T0015/326202/b9060hi/Rufesi/hardware/rusefi_hardware_history/CJ125_board_rev00.20/known_issues.txt
2026-02-25 12:57:32,064 - Knowledge - INFO - Fast-tracked /app/data/T0015/326202/b9060hi/Rufesi/hardware/rusefi_hardware_history/mini48-stm32_rev00.20/mini48-stm32/mini48-stm32.pro (ext=.pro, size=1435)
2026-02-25 12:57:32,154 - Knowledge - INFO - Worker kw15 processing /app/data/T0015/326202/b9060hi/Rufesi/hardware/172319-1_52pin-connector/readme.md
2026-02-25 12:57:32,274 - Knowledge - INFO - Worker kw8 processing /app/data/T0015/326202/b9060hi/Rufesi/hardware/frankenstein_foundation/frankenstein_foundation.pro
2026-02-25 12:57:32,365 - Knowledge - INFO - Fast-tracked /app/data/T0015/326202/b9060hi/Rufesi/hardware/Map_MPX/Map_MPX.pro (ext=.pro, size=1735)
2026-02-25 12:57:32,510 - Knowledge - INFO - process ingested knowledge for /app/data/T0015/326202/b9060hi/Rufesi/hardware/rusefi_hardware_history/1A_injector_6-channels_rev00.10/MIT_License.txt
2026-02-25 12:57:32,541 - Knowledge - INFO - Worker kw11 processing /app/data/T0015/326202/b9060hi/Rufesi/hardware/license.txt
2026-02-25 12:57:32,631 - Knowledge - INFO - Worker kw4 processing /app/data/T0015/326202/b9060hi/Rufesi/hardware/rusefi_hardware_history/brain_board_rev00.20/known_issues.txt
2026-02-25 12:57:32,725 - Knowledge - INFO - Worker kw13 processing /app/data/T0015/326202/b9060hi/Rufesi/hardware/rusefi_hardware_history/breakout_board_rev00.10/merge.txt
2026-02-25 12:57:32,770 - Knowledge - INFO - [kw10] Queue=576, InProgress=0, PendingWorkers=20/20, Completed=758/1454 (52.1%)
2026-02-25 12:57:32,805 - Knowledge - INFO - Fast-tracked /app/data/T0015/326202/b9060hi/Rufesi/hardware/rusefi_hardware_history/176122-6-connector_rev00.10/176122-6.pro (ext=.pro, size=1512)
2026-02-25 12:57:32,892 - Knowledge - INFO - process ingested knowledge for /app/data/T0015/326202/b9060hi/Rufesi/hardware/rusefi_hardware_history/brain_board_rev00.30/brain_board/known_issues.txt
2026-02-25 12:57:33,005 - Knowledge - INFO - Worker kw9 processing /app/data/T0015/326202/b9060hi/Rufesi/hardware/rusefi_hardware_history/DDPAK_breakout_rev00.10/DDPAK_breakout/DDPAK_breakout.pro
2026-02-25 12:57:33,078 - Knowledge - INFO - Fast-tracked /app/data/T0015/326202/b9060hi/Rufesi/hardware/rusefi_hardware_history/brain_board_SD_Card_1_rev00.10/known_issues.txt (ext=.txt, size=26)
2026-02-25 12:57:33,175 - Knowledge - INFO - Fast-tracked /app/data/T0015/326202/b9060hi/Rufesi/hardware/rusefi_hardware_history/frankenstein_rev00.10/frankenstein.pro (ext=.pro, size=1886)
2026-02-25 12:57:33,267 - Knowledge - INFO - Async storage completed for 8 embeddings
2026-02-25 12:57:33,347 - Knowledge - INFO - Worker kw3 processing /app/data/T0015/326202/b9060hi/Rufesi/hardware/rusefi_hardware_history/frankenso_power_supply_rev00.10/rusefi_lib/revision_log.txt
2026-02-25 12:57:33,451 - Knowledge - INFO - Worker kw19 processing /app/data/T0015/326202/b9060hi/Rufesi/hardware/rusefi_hardware_history/usb_mmc_spi_rev00.30/usb_mmc_spi/mmc_usb_1.pro
2026-02-25 12:57:33,524 - Knowledge - INFO - process ingested knowledge for /app/data/T0015/326202/b9060hi/Rufesi/hardware/rusefi_hardware_history/Stimulator_rev00.20/known_issues.txt
2026-02-25 12:57:33,611 - Knowledge - INFO - Worker kw18 processing /app/data/T0015/326202/b9060hi/Rufesi/hardware/can_board/readme.md
2026-02-25 12:57:33,715 - Knowledge - INFO - process ingested knowledge for /app/data/T0015/326202/b9060hi/Rufesi/hardware/rusefi_hardware_history/CJ125_board_rev00.20/O2_input_CJ125.pro
2026-02-25 12:57:33,822 - Knowledge - INFO - Worker kw20 processing /app/data/T0015/326202/b9060hi/Rufesi/hardware/rusefi_hardware_history/knock_VR_Art_ELectro_rev00.10/cps_vrs_io_1.pro
2026-02-25 12:57:33,901 - Knowledge - INFO - Fast-tracked /app/data/T0015/326202/b9060hi/Rufesi/hardware/172319-1_52pin-connector/readme.md (ext=.md, size=116)
2026-02-25 12:57:33,998 - Knowledge - INFO - Fast-tracked /app/data/T0015/326202/b9060hi/Rufesi/hardware/frankenstein_foundation/frankenstein_foundation.pro (ext=.pro, size=1666)
2026-02-25 12:57:34,074 - Knowledge - INFO - Worker kw7 processing /app/data/T0015/326202/b9060hi/Rufesi/hardware/284617-1-connector/known_issues.txt
2026-02-25 12:57:34,163 - Knowledge - INFO - process ingested knowledge for /app/data/T0015/326202/b9060hi/Rufesi/hardware/rusefi_hardware_history/1A_injector_6-channels_rev00.10/known_issues.txt
2026-02-25 12:57:34,277 - Knowledge - INFO - Fast-tracked /app/data/T0015/326202/b9060hi/Rufesi/hardware/license.txt (ext=.txt, size=2042)
2026-02-25 12:57:34,372 - Knowledge - INFO - Fast-tracked /app/data/T0015/326202/b9060hi/Rufesi/hardware/rusefi_hardware_history/brain_board_rev00.20/known_issues.txt (ext=.txt, size=445)
2026-02-25 12:57:34,461 - Knowledge - INFO - Fast-tracked /app/data/T0015/326202/b9060hi/Rufesi/hardware/rusefi_hardware_history/breakout_board_rev00.10/merge.txt (ext=.txt, size=32)
2026-02-25 12:57:34,539 - Knowledge - INFO - Batch sizing: calculated=8, max_allowed=10, queue=576, active_workers=20/20
2026-02-25 12:57:34,618 - Knowledge - INFO - Worker kw17 processing /app/data/T0015/326202/b9060hi/Rufesi/hardware/rusefi_hardware_history/NGC_38_connector_rev00.30/NGC_38_connector/NGC_38_connector.pro
2026-02-25 12:57:34,727 - Knowledge - INFO - process ingested knowledge for /app/data/T0015/326202/b9060hi/Rufesi/hardware/rusefi_hardware_history/brain_board_rev00.30/brain_board/brain_board_STM32F407.pro
2026-02-25 12:57:34,821 - Knowledge - INFO - Fast-tracked /app/data/T0015/326202/b9060hi/Rufesi/hardware/rusefi_hardware_history/DDPAK_breakout_rev00.10/DDPAK_breakout/DDPAK_breakout.pro (ext=.pro, size=1725)
2026-02-25 12:57:34,917 - Knowledge - INFO - Worker kw6 processing /app/data/T0015/326202/b9060hi/Rufesi/hardware/rusefi_hardware_history/brain_board_SD_Card_1_rev00.10/brain_board_SD_Card_1.pro
2026-02-25 12:57:34,988 - Knowledge - INFO - Worker kw2 processing /app/data/T0015/326202/b9060hi/Rufesi/hardware/rusefi_hardware_history/frankenso_rev00.20/rusefi_lib/Credit_lic.txt
2026-02-25 12:57:35,062 - Knowledge - INFO - Processing batch of 8 files
2026-02-25 12:57:35,160 - Knowledge - INFO - Fast-tracked /app/data/T0015/326202/b9060hi/Rufesi/hardware/rusefi_hardware_history/frankenso_power_supply_rev00.10/rusefi_lib/revision_log.txt (ext=.txt, size=253)
2026-02-25 12:57:35,253 - Knowledge - INFO - Fast-tracked /app/data/T0015/326202/b9060hi/Rufesi/hardware/rusefi_hardware_history/usb_mmc_spi_rev00.30/usb_mmc_spi/mmc_usb_1.pro (ext=.pro, size=1209)
2026-02-25 12:57:35,449 - Knowledge - INFO - Fast-tracked /app/data/T0015/326202/b9060hi/Rufesi/hardware/can_board/readme.md (ext=.md, size=112)
2026-02-25 12:57:35,545 - Knowledge - INFO - process ingested knowledge for /app/data/T0015/326202/b9060hi/Rufesi/hardware/rusefi_hardware_history/NGC_38_connector_rev00.11/NGC_38_connector/NGC_38_connector.pro
2026-02-25 12:57:35,641 - Knowledge - INFO - Fast-tracked /app/data/T0015/326202/b9060hi/Rufesi/hardware/rusefi_hardware_history/knock_VR_Art_ELectro_rev00.10/cps_vrs_io_1.pro (ext=.pro, size=1491)
2026-02-25 12:57:35,734 - Knowledge - INFO - Worker kw15 processing /app/data/T0015/326202/b9060hi/Rufesi/hardware/1A_injector_12-channels/MIT_License.txt
2026-02-25 12:57:35,827 - Knowledge - INFO - Worker kw8 processing /app/data/T0015/326202/b9060hi/Rufesi/hardware/DPAK2_breakout/DPAK2_breakout.pro
2026-02-25 12:57:35,930 - Knowledge - INFO - Fast-tracked /app/data/T0015/326202/b9060hi/Rufesi/hardware/284617-1-connector/known_issues.txt (ext=.txt, size=138)
2026-02-25 12:57:36,008 - Knowledge - INFO - process ingested knowledge for /app/data/T0015/326202/b9060hi/Rufesi/hardware/rusefi_hardware_history/1A_injector_6-channels_rev00.10/gerber/rev_notes.txt
2026-02-25 12:57:36,094 - Knowledge - INFO - Worker kw11 processing /app/data/T0015/326202/b9060hi/Rufesi/hardware/usb_mmc_spi/mmc_usb_1.pro
2026-02-25 12:57:36,186 - Knowledge - INFO - Worker kw4 processing /app/data/T0015/326202/b9060hi/Rufesi/hardware/rusefi_hardware_history/brain_board_rev00.20/brain_board_STM32F407.pro
2026-02-25 12:57:36,285 - Knowledge - INFO - Worker kw13 processing /app/data/T0015/326202/b9060hi/Rufesi/hardware/rusefi_hardware_history/breakout_board_rev00.10/pin_board_1.pro
2026-02-25 12:57:36,438 - Knowledge - INFO - Async storing batch of 8 embeddings
2026-02-25 12:57:36,510 - Knowledge - INFO - Fast-tracked /app/data/T0015/326202/b9060hi/Rufesi/hardware/rusefi_hardware_history/NGC_38_connector_rev00.30/NGC_38_connector/NGC_38_connector.pro (ext=.pro, size=1705)
2026-02-25 12:57:36,619 - Knowledge - INFO - process ingested knowledge for /app/data/T0015/326202/b9060hi/Rufesi/hardware/rusefi_hardware_history/thermocouiple_module_rev00.10/thermocouiple_module/known_issues.txt
2026-02-25 12:57:36,670 - Knowledge - INFO - [kw5] Queue=568, InProgress=0, PendingWorkers=20/20, Completed=766/1454 (52.7%)
2026-02-25 12:57:36,720 - Knowledge - INFO - Fast-tracked /app/data/T0015/326202/b9060hi/Rufesi/hardware/rusefi_hardware_history/frankenso_rev00.20/frankenso/scripts/props.py (small file (2781 bytes))
2026-02-25 12:57:36,809 - Knowledge - INFO - Fast-tracked /app/data/T0015/326202/b9060hi/Rufesi/hardware/rusefi_hardware_history/brain_board_SD_Card_1_rev00.10/brain_board_SD_Card_1.pro (ext=.pro, size=1141)
2026-02-25 12:57:36,880 - Knowledge - INFO - Fast-tracked /app/data/T0015/326202/b9060hi/Rufesi/hardware/rusefi_hardware_history/frankenso_rev00.20/rusefi_lib/Credit_lic.txt (ext=.txt, size=195)
2026-02-25 12:57:36,955 - Knowledge - INFO - process ingested knowledge for /app/data/T0015/326202/b9060hi/Rufesi/hardware/rusefi_hardware_history/frankenstein_rev00.11/rusefi_lib/revision_log.txt
2026-02-25 12:57:37,052 - Knowledge - INFO - Async storage completed for 8 embeddings
2026-02-25 12:57:37,154 - Knowledge - INFO - Async storage completed for 8 embeddings
2026-02-25 12:57:37,268 - Knowledge - INFO - Worker kw18 processing /app/data/T0015/326202/b9060hi/Rufesi/hardware/1123038-2-connector/1123038-2.pro
2026-02-25 12:57:37,355 - Knowledge - INFO - process ingested knowledge for /app/data/T0015/326202/b9060hi/Rufesi/hardware/rusefi_hardware_history/frankenstein_rev00.11/merge/mmc_ttl_prepare_changes.txt
2026-02-25 12:57:37,456 - Knowledge - INFO - Worker kw20 processing /app/data/T0015/326202/b9060hi/Rufesi/hardware/rusefi_hardware_history/hip9011_rev00.10/DD HIP9011.pro
2026-02-25 12:57:37,561 - Knowledge - INFO - Fast-tracked /app/data/T0015/326202/b9060hi/Rufesi/hardware/1A_injector_12-channels/MIT_License.txt (ext=.txt, size=1065)
2026-02-25 12:57:37,653 - Knowledge - INFO - Fast-tracked /app/data/T0015/326202/b9060hi/Rufesi/hardware/DPAK2_breakout/DPAK2_breakout.pro (ext=.pro, size=1322)
2026-02-25 12:57:37,754 - Knowledge - INFO - Worker kw7 processing /app/data/T0015/326202/b9060hi/Rufesi/hardware/284617-1-connector/284617-1.pro
2026-02-25 12:57:37,956 - Knowledge - INFO - Fast-tracked /app/data/T0015/326202/b9060hi/Rufesi/hardware/usb_mmc_spi/mmc_usb_1.pro (ext=.pro, size=1209)
2026-02-25 12:57:38,064 - Knowledge - INFO - Fast-tracked /app/data/T0015/326202/b9060hi/Rufesi/hardware/rusefi_hardware_history/brain_board_rev00.20/brain_board_STM32F407.pro (ext=.pro, size=1141)
2026-02-25 12:57:38,137 - Knowledge - INFO - Fast-tracked /app/data/T0015/326202/b9060hi/Rufesi/hardware/rusefi_hardware_history/breakout_board_rev00.10/pin_board_1.pro (ext=.pro, size=939)
2026-02-25 12:57:38,207 - Knowledge - INFO - Worker kw10 processing /app/data/T0015/326202/b9060hi/Rufesi/hardware/power_supply_kb1gtt/known_issues.txt
2026-02-25 12:57:38,302 - Knowledge - INFO - Async storage completed for 10 embeddings
2026-02-25 12:57:38,499 - Knowledge - INFO - Batch sizing: calculated=8, max_allowed=10, queue=568, active_workers=20/20
2026-02-25 12:57:38,574 - Knowledge - INFO - Fast-tracked /app/data/T0015/326202/b9060hi/Rufesi/hardware/rusefi_hardware_history/frankenso_rev00.20/frankenso/frankenso.pro (small file (2603 bytes))
2026-02-25 12:57:38,650 - Knowledge - INFO - Async storage completed for 8 embeddings
2026-02-25 12:57:38,733 - Knowledge - INFO - Async storage completed for 8 embeddings
2026-02-25 12:57:39,016 - Knowledge - INFO - process ingested knowledge for /app/data/T0015/326202/b9060hi/Rufesi/hardware/rusefi_hardware_history/frankenstein_rev00.11/known_issues.txt
2026-02-25 12:57:39,151 - Knowledge - INFO - Fast-tracked /app/data/T0015/326202/b9060hi/Rufesi/hardware/1123038-2-connector/1123038-2.pro (ext=.pro, size=1439)
2026-02-25 12:57:39,341 - Knowledge - INFO - Fast-tracked /app/data/T0015/326202/b9060hi/Rufesi/hardware/rusefi_hardware_history/hip9011_rev00.10/DD HIP9011.pro (ext=.pro, size=1744)
2026-02-25 12:57:39,386 - Knowledge - INFO - Processing batch of 8 files
2026-02-25 12:57:39,386 - Knowledge - INFO - process ingested knowledge for /app/data/T0015/326202/b9060hi/Rufesi/hardware/rusefi_hardware_history/frankenstein_rev00.11/merge/pcb_merge_changes.txt
2026-02-25 12:57:39,426 - Knowledge - INFO - Worker kw15 processing /app/data/T0015/326202/b9060hi/Rufesi/hardware/1A_injector_12-channels/inj_12ch.pro
2026-02-25 12:57:39,503 - Knowledge - INFO - Worker kw8 processing /app/data/T0015/326202/b9060hi/Rufesi/hardware/176122-6-connector/licence.txt
2026-02-25 12:57:39,581 - Knowledge - INFO - Processing batch of 8 files
2026-02-25 12:57:39,588 - Knowledge - INFO - Fast-tracked /app/data/T0015/326202/b9060hi/Rufesi/hardware/284617-1-connector/284617-1.pro (ext=.pro, size=1669)
2026-02-25 12:57:39,664 - Knowledge - INFO - Worker kw11 processing /app/data/T0015/326202/b9060hi/Rufesi/hardware/Breakout_TLE6244/Breakout_TLE6244.pro
2026-02-25 12:57:39,735 - Knowledge - INFO - Worker kw4 processing /app/data/T0015/326202/b9060hi/Rufesi/hardware/rusefi_hardware_history/hi-lo_driver_rev00.10/hi-lo.pro
2026-02-25 12:57:39,827 - Knowledge - INFO - Worker kw13 processing /app/data/T0015/326202/b9060hi/Rufesi/hardware/hip9011/DD_HIP9011.pro
2026-02-25 12:57:39,939 - Knowledge - INFO - Fast-tracked /app/data/T0015/326202/b9060hi/Rufesi/hardware/power_supply_kb1gtt/known_issues.txt (ext=.txt, size=596)
2026-02-25 12:57:40,221 - Knowledge - INFO - Async storage completed for 8 embeddings
2026-02-25 12:57:40,271 - Knowledge - INFO - Async storing batch of 8 embeddings
2026-02-25 12:57:40,271 - Knowledge - INFO - [kw14] Queue=560, InProgress=0, PendingWorkers=20/20, Completed=786/1454 (54.1%)
2026-02-25 12:57:40,272 - Knowledge - INFO - Processing batch of 8 files
2026-02-25 12:57:40,444 - Knowledge - INFO - Processing batch of 8 files
2026-02-25 12:57:40,444 - Knowledge - INFO - Processing batch of 8 files
2026-02-25 12:57:40,632 - Knowledge - INFO - process ingested knowledge for /app/data/T0015/326202/b9060hi/Rufesi/hardware/rusefi_hardware_history/frankenstein_rev00.11/frankenstein.pro
2026-02-25 12:57:40,642 - Knowledge - INFO - Worker kw18 processing /app/data/T0015/326202/b9060hi/Rufesi/hardware/1123038-2-connector/known_issues.txt
2026-02-25 12:57:40,676 - Knowledge - INFO - [WEBSOCKET] Sent: Type=progress_update, Size: 294, Duration: 0ms
2026-02-25 12:57:40,749 - Knowledge - INFO - Worker kw20 processing /app/data/T0015/326202/b9060hi/Rufesi/hardware/rusefi_hardware_history/NGC_38_connector_rev00.10/rusefi_lib/revision_log.txt
2026-02-25 12:57:40,879 - Knowledge - INFO - process ingested knowledge for /app/data/T0015/326202/b9060hi/Rufesi/hardware/rusefi_hardware_history/frankenso_power_supply_rev00.10/frankenso-PWR-Supply/frankenso-PWR-Supply.pro
2026-02-25 12:57:40,965 - Knowledge - INFO - process ingested knowledge for /app/data/T0015/326202/b9060hi/Rufesi/hardware/rusefi_hardware_history/frankenstein_rev00.11/merge/vr_changes.txt
2026-02-25 12:57:41,044 - Knowledge - INFO - Fast-tracked /app/data/T0015/326202/b9060hi/Rufesi/hardware/1A_injector_12-channels/inj_12ch.pro (ext=.pro, size=1080)
2026-02-25 12:57:41,154 - Knowledge - INFO - Fast-tracked /app/data/T0015/326202/b9060hi/Rufesi/hardware/176122-6-connector/licence.txt (ext=.txt, size=1022)
2026-02-25 12:57:41,228 - Knowledge - INFO - process ingested knowledge for /app/data/T0015/326202/b9060hi/Rufesi/hardware/rusefi_hardware_history/Breakout_TLE6244_rev00.10/rusefi_lib/Credit_lic.txt
2026-02-25 12:57:41,325 - Knowledge - INFO - Worker kw7 processing /app/data/T0015/326202/b9060hi/Rufesi/hardware/284617-1-connector/readme.md
2026-02-25 12:57:41,417 - Knowledge - INFO - Fast-tracked /app/data/T0015/326202/b9060hi/Rufesi/hardware/Breakout_TLE6244/Breakout_TLE6244.pro (ext=.pro, size=1800)
2026-02-25 12:57:41,492 - Knowledge - INFO - Fast-tracked /app/data/T0015/326202/b9060hi/Rufesi/hardware/rusefi_hardware_history/hi-lo_driver_rev00.10/hi-lo.pro (ext=.pro, size=1760)
2026-02-25 12:57:41,577 - Knowledge - INFO - Fast-tracked /app/data/T0015/326202/b9060hi/Rufesi/hardware/hip9011/DD_HIP9011.pro (ext=.pro, size=1197)
2026-02-25 12:57:41,675 - Knowledge - INFO - Worker kw10 processing /app/data/T0015/326202/b9060hi/Rufesi/hardware/power_supply_kb1gtt/readme.md
2026-02-25 12:57:41,824 - Knowledge - INFO - Worker kw5 processing /app/data/T0015/326202/b9060hi/Rufesi/hardware/966595-1_and_963356-1-connector/966595-1_and_963356-1.pro
2026-02-25 12:57:41,940 - Knowledge - INFO - Batch sizing: calculated=8, max_allowed=10, queue=560, active_workers=20/20
2026-02-25 12:57:42,055 - Knowledge - INFO - process ingested knowledge for /app/data/T0015/326202/b9060hi/Rufesi/hardware/rusefi_hardware_history/Map_MPX_rev00.20/Map_MPX/Map_MPX.pro
2026-02-25 12:57:42,170 - Knowledge - INFO - process ingested knowledge for /app/data/T0015/326202/b9060hi/Rufesi/hardware/rusefi_hardware_history/can_board_rev00.20/rusefi_lib/revision_log.txt
2026-02-25 12:57:42,283 - Knowledge - INFO - process ingested knowledge for /app/data/T0015/326202/b9060hi/Rufesi/hardware/rusefi_hardware_history/usb_mmc_spi_rev00.20/known_issues.txt
2026-02-25 12:57:42,371 - Knowledge - INFO - process ingested knowledge for /app/data/T0015/326202/b9060hi/Rufesi/hardware/rusefi_hardware_history/can_board_rev00.10/can_brd_1.pro
2026-02-25 12:57:42,471 - Knowledge - INFO - Fast-tracked /app/data/T0015/326202/b9060hi/Rufesi/hardware/1123038-2-connector/known_issues.txt (ext=.txt, size=454)
2026-02-25 12:57:42,552 - Knowledge - INFO - [WEBSOCKET] Sent: Type=unknown, Size: ?, Duration: 1879ms
2026-02-25 12:57:42,653 - Knowledge - INFO - Fast-tracked /app/data/T0015/326202/b9060hi/Rufesi/hardware/rusefi_hardware_history/NGC_38_connector_rev00.10/rusefi_lib/revision_log.txt (ext=.txt, size=253)
2026-02-25 12:57:42,746 - Knowledge - INFO - process ingested knowledge for /app/data/T0015/326202/b9060hi/Rufesi/hardware/rusefi_hardware_history/frankenso_power_supply_rev00.10/frankenso-PWR-Supply/known_issues.txt
2026-02-25 12:57:42,899 - Knowledge - INFO - Worker kw15 processing /app/data/T0015/326202/b9060hi/Rufesi/hardware/wbo2/readme.txt
2026-02-25 12:57:42,983 - Knowledge - INFO - Worker kw8 processing /app/data/T0015/326202/b9060hi/Rufesi/hardware/176122-6-connector/176122-6.pro
2026-02-25 12:57:43,240 - Knowledge - INFO - Fast-tracked /app/data/T0015/326202/b9060hi/Rufesi/hardware/284617-1-connector/readme.md (ext=.md, size=242)
2026-02-25 12:57:43,280 - Knowledge - INFO - process ingested knowledge for /app/data/T0015/326202/b9060hi/Rufesi/hardware/rusefi_hardware_history/Breakout_TLE6244_rev00.10/rusefi_lib/revision_log.txt
2026-02-25 12:57:43,364 - Knowledge - INFO - Worker kw11 processing /app/data/T0015/326202/b9060hi/Rufesi/hardware/Breakout_TLE6244/readme.md
2026-02-25 12:57:43,449 - Knowledge - INFO - Worker kw4 processing /app/data/T0015/326202/b9060hi/Rufesi/hardware/rusefi_hardware_history/hi-lo_driver_rev00.10/known_issues.txt
2026-02-25 12:57:43,548 - Knowledge - INFO - Worker kw13 processing /app/data/T0015/326202/b9060hi/Rufesi/hardware/analog_input_module_kb1gtt/MIT_License.txt
2026-02-25 12:57:43,646 - Knowledge - INFO - Fast-tracked /app/data/T0015/326202/b9060hi/Rufesi/hardware/power_supply_kb1gtt/readme.md (ext=.md, size=271)
2026-02-25 12:57:43,764 - Knowledge - INFO - Fast-tracked /app/data/T0015/326202/b9060hi/Rufesi/hardware/966595-1_and_963356-1-connector/966595-1_and_963356-1.pro (ext=.pro, size=1608)
2026-02-25 12:57:43,975 - Knowledge - INFO - process ingested knowledge for /app/data/T0015/326202/b9060hi/Rufesi/hardware/rusefi_hardware_history/brain_board_rev00.10/stm32f407_board.pro
2026-02-25 12:57:44,153 - Knowledge - INFO - process ingested knowledge for /app/data/T0015/326202/b9060hi/Rufesi/hardware/rusefi_hardware_history/can_board_rev00.20/can_board/can_brd_1.pro
2026-02-25 12:57:44,155 - Knowledge - INFO - process ingested knowledge for /app/data/T0015/326202/b9060hi/Rufesi/hardware/rusefi_hardware_history/usb_mmc_spi_rev00.20/mmc_usb_1.pro
2026-02-25 12:57:44,328 - Knowledge - INFO - process ingested knowledge for /app/data/T0015/326202/b9060hi/Rufesi/hardware/rusefi_hardware_history/PowerSSO-24_breakout_rev00.10/rusefi_lib/Credit_lic.txt
2026-02-25 12:57:44,354 - Knowledge - INFO - Worker kw18 processing /app/data/T0015/326202/b9060hi/Rufesi/hardware/1123038-2-connector/readme.md
2026-02-25 12:57:44,431 - Knowledge - INFO - Progress: 55.4% | Files: 811/1454 | Rate: 1.57 files/sec | Queue: 552
2026-02-25 12:57:44,433 - Knowledge - INFO - Async storing batch of 8 embeddings
2026-02-25 12:57:44,519 - Knowledge - INFO - Processing batch of 8 files
2026-02-25 12:57:44,529 - Knowledge - INFO - Async storage completed for 8 embeddings
2026-02-25 12:57:44,562 - Knowledge - INFO - [kw16] Queue=552, InProgress=0, PendingWorkers=20/20, Completed=814/1454 (56.0%)
2026-02-25 12:57:44,650 - Knowledge - INFO - process ingested knowledge for /app/data/T0015/326202/b9060hi/Rufesi/hardware/rusefi_hardware_history/frankenso_rev00.50/rusefi_lib/Credit_lic.txt
2026-02-25 12:57:44,748 - Knowledge - INFO - Fast-tracked /app/data/T0015/326202/b9060hi/Rufesi/hardware/wbo2/readme.txt (ext=.txt, size=92)
2026-02-25 12:57:44,833 - Knowledge - INFO - Fast-tracked /app/data/T0015/326202/b9060hi/Rufesi/hardware/176122-6-connector/176122-6.pro (ext=.pro, size=1581)
2026-02-25 12:57:44,930 - Knowledge - INFO - Worker kw7 processing /app/data/T0015/326202/b9060hi/Rufesi/hardware/brain_board_SD_Card_1/known_issues.txt
2026-02-25 12:57:45,036 - Knowledge - INFO - process ingested knowledge for /app/data/T0015/326202/b9060hi/Rufesi/hardware/rusefi_hardware_history/Breakout_TLE6244_rev00.10/Breakout_TLE6244/Breakout_TLE6244.pro
2026-02-25 12:57:45,105 - Knowledge - INFO - Fast-tracked /app/data/T0015/326202/b9060hi/Rufesi/hardware/Breakout_TLE6244/readme.md (ext=.md, size=49)
2026-02-25 12:57:45,190 - Knowledge - INFO - Fast-tracked /app/data/T0015/326202/b9060hi/Rufesi/hardware/rusefi_hardware_history/hi-lo_driver_rev00.10/known_issues.txt (ext=.txt, size=102)
2026-02-25 12:57:45,272 - Knowledge - INFO - Fast-tracked /app/data/T0015/326202/b9060hi/Rufesi/hardware/analog_input_module_kb1gtt/MIT_License.txt (ext=.txt, size=1065)
2026-02-25 12:57:45,373 - Knowledge - INFO - Worker kw10 processing /app/data/T0015/326202/b9060hi/Rufesi/hardware/power_supply_kb1gtt/gerber/rev_notes.txt
2026-02-25 12:57:45,463 - Knowledge - INFO - Worker kw5 processing /app/data/T0015/326202/b9060hi/Rufesi/hardware/frankenso_foundation/misc/trace_widths.txt
2026-02-25 12:57:45,580 - Knowledge - INFO - process ingested knowledge for /app/data/T0015/326202/b9060hi/Rufesi/hardware/rusefi_hardware_history/low_side_tle6240_rev00.10/tle6240_driver.pro
2026-02-25 12:57:45,657 - Knowledge - INFO - process ingested knowledge for /app/data/T0015/326202/b9060hi/Rufesi/hardware/rusefi_hardware_history/frankenso_rev00.40/rusefi_lib/Credit_lic.txt
2026-02-25 12:57:45,743 - Knowledge - INFO - process ingested knowledge for /app/data/T0015/326202/b9060hi/Rufesi/hardware/rusefi_hardware_history/frankenstein_rev00.10/merge/mmc_ttl_prepare_changes.txt
2026-02-25 12:57:45,853 - Knowledge - INFO - process ingested knowledge for /app/data/T0015/326202/b9060hi/Rufesi/hardware/rusefi_hardware_history/PowerSSO-24_breakout_rev00.10/rusefi_lib/revision_log.txt
2026-02-25 12:57:45,961 - Knowledge - INFO - Fast-tracked /app/data/T0015/326202/b9060hi/Rufesi/hardware/1123038-2-connector/readme.md (ext=.md, size=263)
2026-02-25 12:57:46,013 - Knowledge - INFO - [kw12] Queue=552, InProgress=0, PendingWorkers=20/20, Completed=814/1454 (56.0%)
2026-02-25 12:57:46,096 - Knowledge - INFO - Worker kw14 processing /app/data/T0015/326202/b9060hi/Rufesi/hardware/TCPL-STM-CAN/TCPL-STM-CAN.pro
2026-02-25 12:57:46,198 - Knowledge - INFO - process ingested knowledge for /app/data/T0015/326202/b9060hi/Rufesi/hardware/rusefi_hardware_history/frankenso_rev00.20/rusefi_lib/revision_log.txt
2026-02-25 12:57:46,282 - Knowledge - INFO - Processing batch of 8 files
2026-02-25 12:57:46,390 - Knowledge - INFO - Batch sizing: calculated=8, max_allowed=10, queue=552, active_workers=20/20
2026-02-25 12:57:46,514 - Knowledge - INFO - process ingested knowledge for /app/data/T0015/326202/b9060hi/Rufesi/hardware/rusefi_hardware_history/frankenso_rev00.50/rusefi_lib/revision_log.txt
2026-02-25 12:57:46,628 - Knowledge - INFO - Worker kw15 processing /app/data/T0015/326202/b9060hi/Rufesi/hardware/wbo2/WBO2.pro
2026-02-25 12:57:46,718 - Knowledge - INFO - Worker kw8 processing /app/data/T0015/326202/b9060hi/Rufesi/hardware/176122-6-connector/readme.md
2026-02-25 12:57:46,799 - Knowledge - INFO - Fast-tracked /app/data/T0015/326202/b9060hi/Rufesi/hardware/brain_board_SD_Card_1/known_issues.txt (ext=.txt, size=26)
2026-02-25 12:57:46,879 - Knowledge - INFO - process ingested knowledge for /app/data/T0015/326202/b9060hi/Rufesi/hardware/rusefi_hardware_history/usb_mmc_spi_rev00.10/known_issues.txt
2026-02-25 12:57:46,970 - Knowledge - INFO - Worker kw11 processing /app/data/T0015/326202/b9060hi/Rufesi/hardware/PowerSSO-24_breakout/PowerSSO-24_breakout.pro
2026-02-25 12:57:47,078 - Knowledge - INFO - Worker kw4 processing /app/data/T0015/326202/b9060hi/Rufesi/hardware/rusefi_hardware_history/Stimulator_rev00.10/README.md
2026-02-25 12:57:47,162 - Knowledge - INFO - Worker kw13 processing /app/data/T0015/326202/b9060hi/Rufesi/hardware/analog_input_module_kb1gtt/known_issues.txt
2026-02-25 12:57:47,272 - Knowledge - INFO - Fast-tracked /app/data/T0015/326202/b9060hi/Rufesi/hardware/power_supply_kb1gtt/gerber/rev_notes.txt (ext=.txt, size=330)
2026-02-25 12:57:47,370 - Knowledge - INFO - Fast-tracked /app/data/T0015/326202/b9060hi/Rufesi/hardware/frankenso_foundation/misc/trace_widths.txt (ext=.txt, size=328)
2026-02-25 12:57:47,444 - Knowledge - INFO - process ingested knowledge for /app/data/T0015/326202/b9060hi/Rufesi/hardware/rusefi_hardware_history/1A_injector_6-channels_rev00.20/inj_6ch.pro
2026-02-25 12:57:47,518 - Knowledge - INFO - process ingested knowledge for /app/data/T0015/326202/b9060hi/Rufesi/hardware/rusefi_hardware_history/frankenso_rev00.40/rusefi_lib/revision_log.txt
2026-02-25 12:57:47,593 - Knowledge - INFO - process ingested knowledge for /app/data/T0015/326202/b9060hi/Rufesi/hardware/rusefi_hardware_history/frankenstein_rev00.10/merge/pcb_merge_changes.txt
2026-02-25 12:57:47,676 - Knowledge - INFO - process ingested knowledge for /app/data/T0015/326202/b9060hi/Rufesi/hardware/rusefi_hardware_history/PowerSSO-24_breakout_rev00.10/PowerSSO-24_breakout/PowerSSO-24_breakout.pro
2026-02-25 12:57:47,761 - Knowledge - INFO - Worker kw18 processing /app/data/T0015/326202/b9060hi/Rufesi/hardware/thermocouiple_module/known_issues.txt
2026-02-25 12:57:47,838 - Knowledge - INFO - Batch sizing: calculated=8, max_allowed=10, queue=552, active_workers=20/20
2026-02-25 12:57:47,925 - Knowledge - INFO - Worker kw14 processing /app/data/T0015/326202/b9060hi/Rufesi/hardware/TCPL-STM-CAN/known_issues.txt
2026-02-25 12:57:47,997 - Knowledge - INFO - process ingested knowledge for /app/data/T0015/326202/b9060hi/Rufesi/hardware/rusefi_hardware_history/frankenso_rev00.20/frankenso/merge/mmc_ttl_prepare_changes.txt
2026-02-25 12:57:48,075 - Knowledge - INFO - process ingested knowledge for /app/data/T0015/326202/b9060hi/Rufesi/hardware/rusefi_hardware_history/DDPAK_breakout_rev00.10/rusefi_lib/Credit_lic.txt
2026-02-25 12:57:48,158 - Knowledge - INFO - Async storing batch of 8 embeddings
2026-02-25 12:57:48,289 - Knowledge - INFO - process ingested knowledge for /app/data/T0015/326202/b9060hi/Rufesi/hardware/rusefi_hardware_history/frankenso_rev00.50/frankenso/frankenso.pro
2026-02-25 12:57:48,368 - Knowledge - INFO - Fast-tracked /app/data/T0015/326202/b9060hi/Rufesi/hardware/wbo2/WBO2.pro (ext=.pro, size=1768)
2026-02-25 12:57:48,476 - Knowledge - INFO - Fast-tracked /app/data/T0015/326202/b9060hi/Rufesi/hardware/176122-6-connector/readme.md (ext=.md, size=230)
2026-02-25 12:57:48,556 - Knowledge - INFO - Worker kw7 processing /app/data/T0015/326202/b9060hi/Rufesi/hardware/brain_board_SD_Card_1/brain_board_SD_Card_1.pro
2026-02-25 12:57:48,635 - Knowledge - INFO - process ingested knowledge for /app/data/T0015/326202/b9060hi/Rufesi/hardware/rusefi_hardware_history/usb_mmc_spi_rev00.10/mmc_usb_1.pro
2026-02-25 12:57:48,715 - Knowledge - INFO - Fast-tracked /app/data/T0015/326202/b9060hi/Rufesi/hardware/PowerSSO-24_breakout/PowerSSO-24_breakout.pro (ext=.pro, size=1377)
2026-02-25 12:57:48,785 - Knowledge - INFO - Fast-tracked /app/data/T0015/326202/b9060hi/Rufesi/hardware/rusefi_hardware_history/Stimulator_rev00.10/README.md (ext=.md, size=41)
2026-02-25 12:57:48,869 - Knowledge - INFO - Fast-tracked /app/data/T0015/326202/b9060hi/Rufesi/hardware/analog_input_module_kb1gtt/known_issues.txt (ext=.txt, size=87)
2026-02-25 12:57:48,978 - Knowledge - INFO - Worker kw10 processing /app/data/T0015/326202/b9060hi/Rufesi/hardware/5V-regulator/PWR_5V_linear.pro
2026-02-25 12:57:49,061 - Knowledge - INFO - Worker kw5 processing /app/data/T0015/326202/b9060hi/Rufesi/hardware/frankenso_foundation/frankenso_foundation.pro
2026-02-25 12:57:49,188 - Knowledge - INFO - process ingested knowledge for /app/data/T0015/326202/b9060hi/Rufesi/hardware/rusefi_hardware_history/1A_injector_6-channels_rev00.20/MIT_License.txt
2026-02-25 12:57:49,468 - Knowledge - INFO - process ingested knowledge for /app/data/T0015/326202/b9060hi/Rufesi/hardware/rusefi_hardware_history/frankenso_rev00.40/frankenso/frankenso.pro
2026-02-25 12:57:49,581 - Knowledge - INFO - process ingested knowledge for /app/data/T0015/326202/b9060hi/Rufesi/hardware/rusefi_hardware_history/frankenstein_rev00.10/merge/vr_changes.txt
2026-02-25 12:57:49,684 - Knowledge - INFO - process ingested knowledge for /app/data/T0015/326202/b9060hi/Rufesi/hardware/rusefi_hardware_history/PowerSSO-24_breakout_rev00.10/PowerSSO-24_breakout/known_issues.txt
2026-02-25 12:57:49,804 - Knowledge - INFO - Fast-tracked /app/data/T0015/326202/b9060hi/Rufesi/hardware/thermocouiple_module/known_issues.txt (ext=.txt, size=54)
2026-02-25 12:57:49,892 - Knowledge - INFO - Async storing batch of 8 embeddings
2026-02-25 12:57:50,002 - Knowledge - INFO - Fast-tracked /app/data/T0015/326202/b9060hi/Rufesi/hardware/TCPL-STM-CAN/known_issues.txt (ext=.txt, size=40)
2026-02-25 12:57:50,123 - Knowledge - INFO - process ingested knowledge for /app/data/T0015/326202/b9060hi/Rufesi/hardware/rusefi_hardware_history/frankenso_rev00.20/frankenso/merge/pcb_merge_changes.txt
2026-02-25 12:57:50,228 - Knowledge - INFO - process ingested knowledge for /app/data/T0015/326202/b9060hi/Rufesi/hardware/rusefi_hardware_history/DDPAK_breakout_rev00.10/rusefi_lib/revision_log.txt
2026-02-25 12:57:50,312 - Knowledge - INFO - Worker kw16 processing /app/data/T0015/326202/b9060hi/Rufesi/hardware/TLE8110ED_breakout_board/TLE8110ED.xml
2026-02-25 12:57:50,415 - Knowledge - INFO - process ingested knowledge for /app/data/T0015/326202/b9060hi/Rufesi/hardware/rusefi_hardware_history/frankenso_rev00.50/frankenso/known_issues.txt
2026-02-25 12:57:50,504 - Knowledge - INFO - Worker kw15 processing /app/data/T0015/326202/b9060hi/Rufesi/hardware/adc_amp_divider.vertical12/adc_amp_divider.pro
2026-02-25 12:57:50,588 - Knowledge - INFO - Worker kw8 processing /app/data/T0015/326202/b9060hi/Rufesi/hardware/kindergarten/ecu-hardware/openecu.pro
2026-02-25 12:57:50,684 - Knowledge - INFO - Fast-tracked /app/data/T0015/326202/b9060hi/Rufesi/hardware/brain_board_SD_Card_1/brain_board_SD_Card_1.pro (ext=.pro, size=1141)
2026-02-25 12:57:50,779 - Knowledge - INFO - process ingested knowledge for /app/data/T0015/326202/b9060hi/Rufesi/hardware/rusefi_hardware_history/low_side_tle6240_rev00.11/tle6240_driver.pro
2026-02-25 12:57:50,885 - Knowledge - INFO - Worker kw11 processing /app/data/T0015/326202/b9060hi/Rufesi/hardware/PowerSSO-24_breakout/known_issues.txt
2026-02-25 12:57:50,968 - Knowledge - INFO - Worker kw4 processing /app/data/T0015/326202/b9060hi/Rufesi/hardware/rusefi_hardware_history/Stimulator_rev00.10/Stimulator.pro
2026-02-25 12:57:51,082 - Knowledge - INFO - Worker kw13 processing /app/data/T0015/326202/b9060hi/Rufesi/hardware/analog_input_module_kb1gtt/anlog_module.pro
2026-02-25 12:57:51,166 - Knowledge - INFO - Fast-tracked /app/data/T0015/326202/b9060hi/Rufesi/hardware/5V-regulator/PWR_5V_linear.pro (ext=.pro, size=1913)
2026-02-25 12:57:51,276 - Knowledge - INFO - Fast-tracked /app/data/T0015/326202/b9060hi/Rufesi/hardware/frankenso_foundation/frankenso_foundation.pro (ext=.pro, size=1810)
2026-02-25 12:57:51,380 - Knowledge - INFO - process ingested knowledge for /app/data/T0015/326202/b9060hi/Rufesi/hardware/rusefi_hardware_history/176122-6-connector_rev00.10/licence.txt
2026-02-25 12:57:51,494 - Knowledge - INFO - process ingested knowledge for /app/data/T0015/326202/b9060hi/Rufesi/hardware/rusefi_hardware_history/frankenso_rev00.40/frankenso/known_issues.txt
2026-02-25 12:57:51,587 - Knowledge - INFO - process ingested knowledge for /app/data/T0015/326202/b9060hi/Rufesi/hardware/rusefi_hardware_history/frankenstein_rev00.10/known_issues.txt
2026-02-25 12:57:51,807 - Knowledge - INFO - Worker kw18 processing /app/data/T0015/326202/b9060hi/Rufesi/hardware/thermocouiple_module/thermocouple_module.pro
2026-02-25 12:57:51,888 - Knowledge - INFO - Worker kw12 processing /app/data/T0015/326202/b9060hi/Rufesi/hardware/frankenso/merge/pcb_merge_changes.txt
2026-02-25 12:57:51,961 - Knowledge - INFO - Worker kw14 processing /app/data/T0015/326202/b9060hi/Rufesi/hardware/ion_sense/ion.pro
2026-02-25 12:57:52,070 - Knowledge - INFO - process ingested knowledge for /app/data/T0015/326202/b9060hi/Rufesi/hardware/rusefi_hardware_history/frankenso_rev00.20/frankenso/merge/vr_changes.txt
2026-02-25 12:57:52,124 - Knowledge - INFO - process ingested knowledge for /app/data/T0015/326202/b9060hi/Rufesi/hardware/rusefi_hardware_history/mini48-stm32_rev00.20/rusefi_lib/Credit_lic.txt
2026-02-25 12:57:52,207 - Knowledge - INFO - Fast-tracked /app/data/T0015/326202/b9060hi/Rufesi/hardware/TLE8110ED_breakout_board/TLE8110ED.xml (ext=.xml, size=10836)
2026-02-25 12:57:52,301 - Knowledge - INFO - process ingested knowledge for /app/data/T0015/326202/b9060hi/Rufesi/hardware/rusefi_hardware_history/usb_mmc_spi_rev00.30/rusefi_lib/revision_log.txt
2026-02-25 12:57:52,385 - Knowledge - INFO - Fast-tracked /app/data/T0015/326202/b9060hi/Rufesi/hardware/adc_amp_divider.vertical12/adc_amp_divider.pro (ext=.pro, size=1121)
2026-02-25 12:57:52,468 - Knowledge - INFO - Fast-tracked /app/data/T0015/326202/b9060hi/Rufesi/hardware/kindergarten/ecu-hardware/openecu.pro (ext=.pro, size=1121)
2026-02-25 12:57:52,545 - Knowledge - INFO - Worker kw7 processing /app/data/T0015/326202/b9060hi/Rufesi/hardware/172319-1_52pin-connector/known_issues.txt
2026-02-25 12:57:52,725 - Knowledge - INFO - process ingested knowledge for /app/data/T0015/326202/b9060hi/Rufesi/hardware/rusefi_hardware_history/frankenso_power_supply_rev00.10/rusefi_lib/Credit_lic.txt
2026-02-25 12:57:52,726 - Knowledge - INFO - Fast-tracked /app/data/T0015/326202/b9060hi/Rufesi/hardware/PowerSSO-24_breakout/known_issues.txt (ext=.txt, size=31)
2026-02-25 12:57:52,835 - Knowledge - INFO - Fast-tracked /app/data/T0015/326202/b9060hi/Rufesi/hardware/rusefi_hardware_history/Stimulator_rev00.10/Stimulator.pro (ext=.pro, size=1730)
2026-02-25 12:57:52,919 - Knowledge - INFO - Fast-tracked /app/data/T0015/326202/b9060hi/Rufesi/hardware/analog_input_module_kb1gtt/anlog_module.pro (ext=.pro, size=1150)
2026-02-25 12:57:53,020 - Knowledge - INFO - Worker kw10 processing /app/data/T0015/326202/b9060hi/Rufesi/hardware/5V-regulator/Known_Issues.txt
2026-02-25 12:57:53,146 - Knowledge - INFO - Worker kw5 processing /app/data/T0015/326202/b9060hi/Rufesi/hardware/readme.md
2026-02-25 12:57:53,525 - Knowledge - INFO - process ingested knowledge for /app/data/T0015/326202/b9060hi/Rufesi/hardware/rusefi_hardware_history/176122-6-connector_rev00.10/176122-6.pro
2026-02-25 12:57:53,526 - Knowledge - INFO - process ingested knowledge for /app/data/T0015/326202/b9060hi/Rufesi/hardware/rusefi_hardware_history/brain_board_SD_Card_1_rev00.10/known_issues.txt
2026-02-25 12:57:53,528 - Knowledge - INFO - process ingested knowledge for /app/data/T0015/326202/b9060hi/Rufesi/hardware/rusefi_hardware_history/frankenstein_rev00.10/frankenstein.pro
2026-02-25 12:57:53,532 - Knowledge - INFO - Fast-tracked /app/data/T0015/326202/b9060hi/Rufesi/hardware/thermocouiple_module/thermocouple_module.pro (ext=.pro, size=1585)
2026-02-25 12:57:53,594 - Knowledge - INFO - [kw1] Queue=536, InProgress=0, PendingWorkers=20/20, Completed=822/1454 (56.5%)
2026-02-25 12:57:53,608 - Knowledge - INFO - Fast-tracked /app/data/T0015/326202/b9060hi/Rufesi/hardware/frankenso/merge/pcb_merge_changes.txt (ext=.txt, size=3520)
2026-02-25 12:57:53,679 - Knowledge - INFO - Fast-tracked /app/data/T0015/326202/b9060hi/Rufesi/hardware/ion_sense/ion.pro (ext=.pro, size=1187)
2026-02-25 12:57:53,753 - Knowledge - INFO - process ingested knowledge for /app/data/T0015/326202/b9060hi/Rufesi/hardware/rusefi_hardware_history/frankenso_rev00.20/frankenso/scripts/props.py
2026-02-25 12:57:53,846 - Knowledge - INFO - process ingested knowledge for /app/data/T0015/326202/b9060hi/Rufesi/hardware/rusefi_hardware_history/mini48-stm32_rev00.20/rusefi_lib/revision_log.txt
2026-02-25 12:57:53,966 - Knowledge - INFO - Worker kw16 processing /app/data/T0015/326202/b9060hi/Rufesi/hardware/TLE8110ED_breakout_board/TLE8110ED.pro
2026-02-25 12:57:54,062 - Knowledge - INFO - process ingested knowledge for /app/data/T0015/326202/b9060hi/Rufesi/hardware/rusefi_hardware_history/usb_mmc_spi_rev00.30/usb_mmc_spi/mmc_usb_1.pro
2026-02-25 12:57:54,187 - Knowledge - INFO - Worker kw15 processing /app/data/T0015/326202/b9060hi/Rufesi/hardware/low_side_tle6240/readme.md
2026-02-25 12:57:54,260 - Knowledge - INFO - Worker kw8 processing /app/data/T0015/326202/b9060hi/Rufesi/hardware/kindergarten/readme.txt
2026-02-25 12:57:54,340 - Knowledge - INFO - Fast-tracked /app/data/T0015/326202/b9060hi/Rufesi/hardware/172319-1_52pin-connector/known_issues.txt (ext=.txt, size=51)
2026-02-25 12:57:54,428 - Knowledge - INFO - process ingested knowledge for /app/data/T0015/326202/b9060hi/Rufesi/hardware/rusefi_hardware_history/frankenso_power_supply_rev00.10/rusefi_lib/revision_log.txt
2026-02-25 12:57:54,527 - Knowledge - INFO - Worker kw11 processing /app/data/T0015/326202/b9060hi/Rufesi/hardware/PowerSSO-24_breakout/readme.md
2026-02-25 12:57:54,604 - Knowledge - INFO - Worker kw4 processing /app/data/T0015/326202/b9060hi/Rufesi/hardware/rusefi_hardware_history/Stimulator_rev00.10/Stimulator.xml
2026-02-25 12:57:54,690 - Knowledge - INFO - Worker kw13 processing /app/data/T0015/326202/b9060hi/Rufesi/hardware/soic8_breakout/soic8_breakout.pro
2026-02-25 12:57:54,791 - Knowledge - INFO - Fast-tracked /app/data/T0015/326202/b9060hi/Rufesi/hardware/5V-regulator/Known_Issues.txt (ext=.txt, size=244)
2026-02-25 12:57:54,857 - Knowledge - INFO - Fast-tracked /app/data/T0015/326202/b9060hi/Rufesi/hardware/readme.md (ext=.md, size=2406)
2026-02-25 12:57:54,945 - Knowledge - INFO - process ingested knowledge for /app/data/T0015/326202/b9060hi/Rufesi/hardware/rusefi_hardware_history/NGC_38_connector_rev00.30/NGC_38_connector/NGC_38_connector.pro
2026-02-25 12:57:55,035 - Knowledge - INFO - process ingested knowledge for /app/data/T0015/326202/b9060hi/Rufesi/hardware/rusefi_hardware_history/brain_board_SD_Card_1_rev00.10/brain_board_SD_Card_1.pro
2026-02-25 12:57:55,152 - Knowledge - INFO - process ingested knowledge for /app/data/T0015/326202/b9060hi/Rufesi/hardware/rusefi_hardware_history/frankenso_rev00.20/rusefi_lib/Credit_lic.txt
2026-02-25 12:57:55,264 - Knowledge - INFO - Worker kw18 processing /app/data/T0015/326202/b9060hi/Rufesi/hardware/power_supply_kb1gtt/PWR_buck_12V_switcher.pro
2026-02-25 12:57:55,368 - Knowledge - INFO - Batch sizing: calculated=8, max_allowed=10, queue=536, active_workers=20/20
2026-02-25 12:57:55,451 - Knowledge - INFO - Worker kw12 processing /app/data/T0015/326202/b9060hi/Rufesi/hardware/frankenso/merge/vr_changes.txt
2026-02-25 12:57:55,562 - Knowledge - INFO - Worker kw14 processing /app/data/T0015/326202/b9060hi/Rufesi/hardware/adc_amp_divider/history/rev00.10/adc_amp_dividor.pro
2026-02-25 12:57:55,656 - Knowledge - INFO - process ingested knowledge for /app/data/T0015/326202/b9060hi/Rufesi/hardware/rusefi_hardware_history/frankenso_rev00.20/frankenso/frankenso.pro
2026-02-25 12:57:55,761 - Knowledge - INFO - process ingested knowledge for /app/data/T0015/326202/b9060hi/Rufesi/hardware/rusefi_hardware_history/mini48-stm32_rev00.20/mini48-stm32/mini48-stm32.pro
2026-02-25 12:57:55,837 - Knowledge - INFO - Fast-tracked /app/data/T0015/326202/b9060hi/Rufesi/hardware/TLE8110ED_breakout_board/TLE8110ED.pro (ext=.pro, size=856)
2026-02-25 12:57:56,056 - Knowledge - INFO - Fast-tracked /app/data/T0015/326202/b9060hi/Rufesi/hardware/low_side_tle6240/readme.md (ext=.md, size=462)
2026-02-25 12:57:56,140 - Knowledge - INFO - Fast-tracked /app/data/T0015/326202/b9060hi/Rufesi/hardware/kindergarten/readme.txt (ext=.txt, size=46)
2026-02-25 12:57:56,229 - Knowledge - INFO - Worker kw7 processing /app/data/T0015/326202/b9060hi/Rufesi/hardware/172319-1_52pin-connector/172319-1_connector.pro
2026-02-25 12:57:56,427 - Knowledge - INFO - Fast-tracked /app/data/T0015/326202/b9060hi/Rufesi/hardware/PowerSSO-24_breakout/readme.md (ext=.md, size=101)
2026-02-25 12:57:56,500 - Knowledge - INFO - Fast-tracked /app/data/T0015/326202/b9060hi/Rufesi/hardware/rusefi_hardware_history/Stimulator_rev00.10/Stimulator.xml (ext=.xml, size=25889)
2026-02-25 12:57:56,611 - Knowledge - INFO - Fast-tracked /app/data/T0015/326202/b9060hi/Rufesi/hardware/soic8_breakout/soic8_breakout.pro (ext=.pro, size=1636)
2026-02-25 12:57:56,686 - Knowledge - INFO - Worker kw10 processing /app/data/T0015/326202/b9060hi/Rufesi/hardware/5V-regulator/index.html
2026-02-25 12:57:56,790 - Knowledge - INFO - Worker kw5 processing /app/data/T0015/326202/b9060hi/Rufesi/hardware/adc_amp_divider.vertical/adc_amp_divider_vert.pro
2026-02-25 12:57:57,112 - Knowledge - INFO - Fast-tracked /app/data/T0015/326202/b9060hi/Rufesi/hardware/power_supply_kb1gtt/PWR_buck_12V_switcher.pro (ext=.pro, size=1424)
2026-02-25 12:57:57,270 - Knowledge - INFO - Fast-tracked /app/data/T0015/326202/b9060hi/Rufesi/hardware/frankenso/merge/vr_changes.txt (ext=.txt, size=288)
2026-02-25 12:57:57,372 - Knowledge - INFO - Fast-tracked /app/data/T0015/326202/b9060hi/Rufesi/hardware/adc_amp_divider/history/rev00.10/adc_amp_dividor.pro (ext=.pro, size=1686)
2026-02-25 12:57:57,673 - Knowledge - INFO - Worker kw16 processing /app/data/T0015/326202/b9060hi/Rufesi/hardware/A4988_stepper_motor_driver/stepper_motor_driver.pro
2026-02-25 12:57:57,743 - Knowledge - INFO - Async storing batch of 8 embeddings
2026-02-25 12:57:57,763 - Knowledge - INFO - Worker kw15 processing /app/data/T0015/326202/b9060hi/Rufesi/hardware/low_side_tle6240/tle6240_driver.pro
2026-02-25 12:57:57,873 - Knowledge - INFO - Worker kw8 processing /app/data/T0015/326202/b9060hi/Rufesi/hardware/diy_hall_pickup/diy_hall_pickup.pro
2026-02-25 12:57:57,984 - Knowledge - INFO - Fast-tracked /app/data/T0015/326202/b9060hi/Rufesi/hardware/172319-1_52pin-connector/172319-1_connector.pro (ext=.pro, size=1472)
2026-02-25 12:57:58,068 - Knowledge - INFO - Worker kw11 processing /app/data/T0015/326202/b9060hi/Rufesi/hardware/can_board/can_brd_1.pro
2026-02-25 12:57:58,160 - Knowledge - INFO - Async storage completed for 8 embeddings
2026-02-25 12:57:58,288 - Knowledge - INFO - Async storage completed for 8 embeddings
2026-02-25 12:57:58,373 - Knowledge - INFO - Fast-tracked /app/data/T0015/326202/b9060hi/Rufesi/hardware/5V-regulator/index.html (ext=.html, size=117)
2026-02-25 12:57:58,379 - Knowledge - INFO - process ingested knowledge for /app/data/T0015/326202/b9060hi/Rufesi/hardware/rusefi_hardware_history/frankenso_rev00.20/frankenso/known_issues.txt
2026-02-25 12:57:58,483 - Knowledge - INFO - Fast-tracked /app/data/T0015/326202/b9060hi/Rufesi/hardware/adc_amp_divider.vertical/adc_amp_divider_vert.pro (ext=.pro, size=1780)
2026-02-25 12:57:58,595 - Knowledge - INFO - Worker kw18 processing /app/data/T0015/326202/b9060hi/Rufesi/hardware/power_supply_kb1gtt/MIT_License.txt
2026-02-25 12:57:58,671 - Knowledge - INFO - Worker kw12 processing /app/data/T0015/326202/b9060hi/Rufesi/hardware/frankenso/scripts/props.py
2026-02-25 12:57:58,758 - Knowledge - INFO - Worker kw14 processing /app/data/T0015/326202/b9060hi/Rufesi/hardware/adc_amp_divider/history/rev00.10/known_issues.txt
2026-02-25 12:57:58,870 - Knowledge - INFO - Fast-tracked /app/data/T0015/326202/b9060hi/Rufesi/hardware/A4988_stepper_motor_driver/stepper_motor_driver.pro (ext=.pro, size=1664)
2026-02-25 12:57:58,977 - Knowledge - INFO - Worker kw1 processing /app/data/T0015/326202/b9060hi/Rufesi/hardware/Power_regulator_TPS54340/TPS54340_Buck_Regulator.pro
2026-02-25 12:57:59,077 - Knowledge - INFO - Fast-tracked /app/data/T0015/326202/b9060hi/Rufesi/hardware/low_side_tle6240/tle6240_driver.pro (ext=.pro, size=1431)
2026-02-25 12:57:59,129 - Knowledge - INFO - process ingested knowledge for /app/data/T0015/326202/b9060hi/Rufesi/hardware/rusefi_hardware_history/knock_VR_Art_ELectro_rev00.10/cps_vrs_io_1.pro
2026-02-25 12:57:59,178 - Knowledge - INFO - Fast-tracked /app/data/T0015/326202/b9060hi/Rufesi/hardware/diy_hall_pickup/diy_hall_pickup.pro (ext=.pro, size=1638)
2026-02-25 12:57:59,264 - Knowledge - INFO - Async storage completed for 8 embeddings
2026-02-25 12:57:59,346 - Knowledge - INFO - Fast-tracked /app/data/T0015/326202/b9060hi/Rufesi/hardware/can_board/can_brd_1.pro (ext=.pro, size=1161)
2026-02-25 12:57:59,591 - Knowledge - INFO - Worker kw10 processing /app/data/T0015/326202/b9060hi/Rufesi/hardware/1A_injector_6-channels/inj_6ch.pro
2026-02-25 12:57:59,783 - Knowledge - INFO - Worker kw5 processing /app/data/T0015/326202/b9060hi/Rufesi/hardware/brain_board/known_issues.txt
2026-02-25 12:57:59,866 - Knowledge - INFO - Fast-tracked /app/data/T0015/326202/b9060hi/Rufesi/hardware/power_supply_kb1gtt/MIT_License.txt (ext=.txt, size=1065)
2026-02-25 12:57:59,982 - Knowledge - INFO - Worker kw12 processing /app/data/T0015/326202/b9060hi/Rufesi/hardware/frankenso/frankenso.pro
2026-02-25 12:58:00,054 - Knowledge - INFO - Fast-tracked /app/data/T0015/326202/b9060hi/Rufesi/hardware/adc_amp_divider/history/rev00.10/known_issues.txt (ext=.txt, size=145)
2026-02-25 12:58:00,143 - Knowledge - INFO - Worker kw16 processing /app/data/T0015/326202/b9060hi/Rufesi/hardware/frankenso-PWR-Supply/frankenso-PWR-Supply.pro
2026-02-25 12:58:00,216 - Knowledge - INFO - Fast-tracked /app/data/T0015/326202/b9060hi/Rufesi/hardware/Power_regulator_TPS54340/TPS54340_Buck_Regulator.pro (ext=.pro, size=977)
2026-02-25 12:58:00,316 - Knowledge - INFO - process ingested knowledge for /app/data/T0015/326202/b9060hi/Rufesi/hardware/rusefi_hardware_history/DDPAK_breakout_rev00.10/DDPAK_breakout/DDPAK_breakout.pro
2026-02-25 12:58:00,338 - Knowledge - INFO - Async storage completed for 8 embeddings
2026-02-25 12:58:00,542 - Knowledge - INFO - Async storage completed for 8 embeddings
2026-02-25 12:58:00,751 - Knowledge - INFO - Async storage completed for 8 embeddings
2026-02-25 12:58:00,854 - Knowledge - INFO - Fast-tracked /app/data/T0015/326202/b9060hi/Rufesi/hardware/1A_injector_6-channels/inj_6ch.pro (ext=.pro, size=1177)
2026-02-25 12:58:00,960 - Knowledge - INFO - Fast-tracked /app/data/T0015/326202/b9060hi/Rufesi/hardware/brain_board/known_issues.txt (ext=.txt, size=1224)
2026-02-25 12:58:01,031 - Knowledge - INFO - Async storage completed for 8 embeddings
2026-02-25 12:58:01,151 - Knowledge - INFO - Worker kw12 processing /app/data/T0015/326202/b9060hi/Rufesi/hardware/frankenso/known_issues.txt
2026-02-25 12:58:01,243 - Knowledge - INFO - Worker kw14 processing /app/data/T0015/326202/b9060hi/Rufesi/hardware/adc_amp_divider/history/rev00.20/adc_amp_divider.pro
2026-02-25 12:58:01,343 - Knowledge - INFO - Fast-tracked /app/data/T0015/326202/b9060hi/Rufesi/hardware/frankenso-PWR-Supply/frankenso-PWR-Supply.pro (ext=.pro, size=1979)
2026-02-25 12:58:01,430 - Knowledge - INFO - Worker kw1 processing /app/data/T0015/326202/b9060hi/Rufesi/hardware/MX7-C-35PL-C11-connector/known_issues.txt
2026-02-25 12:58:01,476 - Knowledge - INFO - process ingested knowledge for /app/data/T0015/326202/b9060hi/Rufesi/hardware/rusefi_hardware_history/hip9011_rev00.10/DD HIP9011.pro
2026-02-25 12:58:01,627 - Knowledge - INFO - Processing batch of 8 files
2026-02-25 12:58:01,628 - Knowledge - INFO - [WEBSOCKET] Sent: Type=progress_update, Size: 293, Duration: 0ms
2026-02-25 12:58:01,628 - Knowledge - INFO - [kw19] Queue=528, InProgress=0, PendingWorkers=20/20, Completed=837/1454 (57.6%)
2026-02-25 12:58:01,909 - Knowledge - INFO - Worker kw10 processing /app/data/T0015/326202/b9060hi/Rufesi/hardware/1A_injector_6-channels/MIT_License.txt
2026-02-25 12:58:01,982 - Knowledge - INFO - Worker kw5 processing /app/data/T0015/326202/b9060hi/Rufesi/hardware/brain_board/readme.md
2026-02-25 12:58:02,173 - Knowledge - INFO - Fast-tracked /app/data/T0015/326202/b9060hi/Rufesi/hardware/frankenso/known_issues.txt (ext=.txt, size=18315)
2026-02-25 12:58:02,260 - Knowledge - INFO - Fast-tracked /app/data/T0015/326202/b9060hi/Rufesi/hardware/adc_amp_divider/history/rev00.20/adc_amp_divider.pro (ext=.pro, size=1780)
2026-02-25 12:58:02,348 - Knowledge - INFO - Worker kw16 processing /app/data/T0015/326202/b9060hi/Rufesi/hardware/frankenso-PWR-Supply/known_issues.txt
2026-02-25 12:58:02,438 - Knowledge - INFO - Fast-tracked /app/data/T0015/326202/b9060hi/Rufesi/hardware/MX7-C-35PL-C11-connector/known_issues.txt (ext=.txt, size=245)
2026-02-25 12:58:02,629 - Knowledge - INFO - process ingested knowledge for /app/data/T0015/326202/b9060hi/Rufesi/hardware/rusefi_hardware_history/NGC_38_connector_rev00.10/NGC_38_connector/NGC_38_connector.pro
2026-02-25 12:58:02,730 - Knowledge - INFO - Processing batch of 8 files
2026-02-25 12:58:02,731 - Knowledge - INFO - [WEBSOCKET] Sent: Type=unknown, Size: ?, Duration: 1104ms
2026-02-25 12:58:02,797 - Knowledge - INFO - process ingested knowledge for /app/data/T0015/326202/b9060hi/Rufesi/hardware/rusefi_hardware_history/NGC_38_connector_rev00.10/rusefi_lib/revision_log.txt
2026-02-25 12:58:02,812 - Knowledge - INFO - Batch sizing: calculated=8, max_allowed=10, queue=528, active_workers=20/20
2026-02-25 12:58:02,893 - Knowledge - INFO - Fast-tracked /app/data/T0015/326202/b9060hi/Rufesi/hardware/1A_injector_6-channels/MIT_License.txt (ext=.txt, size=1066)
2026-02-25 12:58:03,006 - Knowledge - INFO - Fast-tracked /app/data/T0015/326202/b9060hi/Rufesi/hardware/brain_board/readme.md (ext=.md, size=57)
2026-02-25 12:58:03,086 - Knowledge - INFO - Worker kw12 processing /app/data/T0015/326202/b9060hi/Rufesi/hardware/frankenso/bom/ibom.html
2026-02-25 12:58:03,166 - Knowledge - INFO - Worker kw14 processing /app/data/T0015/326202/b9060hi/Rufesi/hardware/adc_amp_divider/adc_amp_divider.pro
2026-02-25 12:58:03,256 - Knowledge - INFO - Fast-tracked /app/data/T0015/326202/b9060hi/Rufesi/hardware/frankenso-PWR-Supply/known_issues.txt (ext=.txt, size=438)
2026-02-25 12:58:03,374 - Knowledge - INFO - Worker kw1 processing /app/data/T0015/326202/b9060hi/Rufesi/hardware/MX7-C-35PL-C11-connector/MX7-C-35PL-C11.pro
2026-02-25 12:58:03,564 - Knowledge - INFO - process ingested knowledge for /app/data/T0015/326202/b9060hi/Rufesi/hardware/rusefi_hardware_history/brain_board_rev00.20/known_issues.txt
2026-02-25 12:58:03,590 - Knowledge - INFO - process ingested knowledge for /app/data/T0015/326202/b9060hi/Rufesi/hardware/Map_MPX/Map_MPX.pro
2026-02-25 12:58:03,703 - Knowledge - INFO - Progress: 57.6% | Files: 878/1454 | Rate: 1.64 files/sec | Queue: 528
2026-02-25 12:58:03,704 - Knowledge - INFO - Processing batch of 8 files
2026-02-25 12:58:03,704 - Knowledge - INFO - Processing batch of 8 files
2026-02-25 12:58:03,704 - Knowledge - INFO - Processing batch of 8 files
2026-02-25 12:58:03,704 - Knowledge - INFO - Processing batch of 8 files
2026-02-25 12:58:03,704 - Knowledge - INFO - Processing batch of 8 files
2026-02-25 12:58:03,743 - Knowledge - INFO - [kw2] Queue=528, InProgress=0, PendingWorkers=20/20, Completed=878/1454 (60.4%)
2026-02-25 12:58:03,743 - Knowledge - INFO - [kw17] Queue=528, InProgress=0, PendingWorkers=20/20, Completed=878/1454 (60.4%)
2026-02-25 12:58:03,743 - Knowledge - INFO - [kw6] Queue=528, InProgress=0, PendingWorkers=20/20, Completed=878/1454 (60.4%)
2026-02-25 12:58:03,914 - Knowledge - INFO - Async storing batch of 8 embeddings
2026-02-25 12:58:03,975 - Knowledge - INFO - Async storage completed for 8 embeddings
2026-02-25 12:58:04,051 - Knowledge - INFO - Worker kw5 processing /app/data/T0015/326202/b9060hi/Rufesi/hardware/brain_board/brain_board_STM32F407.pro
2026-02-25 12:58:04,162 - Knowledge - INFO - Fast-tracked /app/data/T0015/326202/b9060hi/Rufesi/hardware/frankenso/bom/ibom.html (ext=.html, size=1389408)
2026-02-25 12:58:04,260 - Knowledge - INFO - Fast-tracked /app/data/T0015/326202/b9060hi/Rufesi/hardware/adc_amp_divider/adc_amp_divider.pro (ext=.pro, size=1780)
2026-02-25 12:58:04,370 - Knowledge - INFO - Worker kw16 processing /app/data/T0015/326202/b9060hi/Rufesi/hardware/frankenso-PWR-Supply/readme.md
2026-02-25 12:58:04,462 - Knowledge - INFO - Fast-tracked /app/data/T0015/326202/b9060hi/Rufesi/hardware/MX7-C-35PL-C11-connector/MX7-C-35PL-C11.pro (ext=.pro, size=1444)
2026-02-25 12:58:04,741 - Knowledge - INFO - process ingested knowledge for /app/data/T0015/326202/b9060hi/Rufesi/hardware/rusefi_hardware_history/brain_board_rev00.20/brain_board_STM32F407.pro
2026-02-25 12:58:04,826 - Knowledge - INFO - process ingested knowledge for /app/data/T0015/326202/b9060hi/Rufesi/hardware/172319-1_52pin-connector/readme.md
2026-02-25 12:58:04,907 - Knowledge - INFO - process ingested knowledge for /app/data/T0015/326202/b9060hi/Rufesi/hardware/rusefi_hardware_history/breakout_board_rev00.10/rename.txt
2026-02-25 12:58:04,917 - Knowledge - INFO - [kw3] Queue=520, InProgress=0, PendingWorkers=20/20, Completed=878/1454 (60.4%)
2026-02-25 12:58:05,018 - Knowledge - INFO - process ingested knowledge for /app/data/T0015/326202/b9060hi/Rufesi/hardware/license.txt
2026-02-25 12:58:05,066 - Knowledge - INFO - process ingested knowledge for /app/data/T0015/326202/b9060hi/Rufesi/hardware/284617-1-connector/known_issues.txt
2026-02-25 12:58:05,068 - Knowledge - INFO - [WEBSOCKET] Sent: Type=progress_update, Size: 293, Duration: 0ms
2026-02-25 12:58:05,099 - Knowledge - INFO - process ingested knowledge for /app/data/T0015/326202/b9060hi/Rufesi/hardware/can_board/readme.md
2026-02-25 12:58:05,181 - Knowledge - INFO - process ingested knowledge for /app/data/T0015/326202/b9060hi/Rufesi/hardware/frankenstein_foundation/frankenstein_foundation.pro
2026-02-25 12:58:05,262 - Knowledge - INFO - Batch sizing: calculated=8, max_allowed=10, queue=528, active_workers=20/20
2026-02-25 12:58:05,343 - Knowledge - INFO - Batch sizing: calculated=8, max_allowed=10, queue=528, active_workers=20/20
2026-02-25 12:58:05,422 - Knowledge - INFO - Batch sizing: calculated=8, max_allowed=10, queue=528, active_workers=20/20
2026-02-25 12:58:05,506 - Knowledge - INFO - Worker kw19 processing /app/data/T0015/326202/b9060hi/Rufesi/hardware/mini48-stm32/mini48-stm32.pro
2026-02-25 12:58:05,726 - Knowledge - INFO - Fast-tracked /app/data/T0015/326202/b9060hi/Rufesi/hardware/brain_board/brain_board_STM32F407.pro (ext=.pro, size=1140)
2026-02-25 12:58:05,828 - Knowledge - INFO - Worker kw12 processing /app/data/T0015/326202/b9060hi/Rufesi/hardware/frankenso/readme.md
2026-02-25 12:58:05,912 - Knowledge - INFO - Worker kw14 processing /app/data/T0015/326202/b9060hi/Rufesi/hardware/TLE8110ED_breakout_board/known_issues.txt
2026-02-25 12:58:06,003 - Knowledge - INFO - Fast-tracked /app/data/T0015/326202/b9060hi/Rufesi/hardware/frankenso-PWR-Supply/readme.md (ext=.md, size=71)
2026-02-25 12:58:06,123 - Knowledge - INFO - Worker kw1 processing /app/data/T0015/326202/b9060hi/Rufesi/hardware/MX7-C-35PL-C11-connector/readme.md
2026-02-25 12:58:06,242 - Knowledge - INFO - process ingested knowledge for /app/data/T0015/326202/b9060hi/Rufesi/hardware/rusefi_hardware_history/hi-lo_driver_rev00.10/hi-lo.pro
2026-02-25 12:58:06,335 - Knowledge - INFO - process ingested knowledge for /app/data/T0015/326202/b9060hi/Rufesi/hardware/1A_injector_12-channels/MIT_License.txt
2026-02-25 12:58:06,454 - Knowledge - INFO - process ingested knowledge for /app/data/T0015/326202/b9060hi/Rufesi/hardware/rusefi_hardware_history/breakout_board_rev00.10/merge.txt
2026-02-25 12:58:06,528 - Knowledge - INFO - Batch sizing: calculated=8, max_allowed=10, queue=520, active_workers=20/20
2026-02-25 12:58:06,638 - Knowledge - INFO - process ingested knowledge for /app/data/T0015/326202/b9060hi/Rufesi/hardware/usb_mmc_spi/mmc_usb_1.pro
2026-02-25 12:58:06,716 - Knowledge - INFO - process ingested knowledge for /app/data/T0015/326202/b9060hi/Rufesi/hardware/284617-1-connector/284617-1.pro
2026-02-25 12:58:06,813 - Knowledge - INFO - Processing batch of 8 files
2026-02-25 12:58:06,815 - Knowledge - INFO - [kw20] Queue=520, InProgress=0, PendingWorkers=20/20, Completed=886/1454 (60.9%)
2026-02-25 12:58:06,815 - Knowledge - INFO - [WEBSOCKET] Sent: Type=unknown, Size: ?, Duration: 1747ms
2026-02-25 12:58:06,891 - Knowledge - INFO - process ingested knowledge for /app/data/T0015/326202/b9060hi/Rufesi/hardware/1123038-2-connector/1123038-2.pro
2026-02-25 12:58:06,970 - Knowledge - INFO - process ingested knowledge for /app/data/T0015/326202/b9060hi/Rufesi/hardware/DPAK2_breakout/DPAK2_breakout.pro
2026-02-25 12:58:07,315 - Knowledge - INFO - Fast-tracked /app/data/T0015/326202/b9060hi/Rufesi/hardware/mini48-stm32/mini48-stm32.pro (ext=.pro, size=1435)
2026-02-25 12:58:07,398 - Knowledge - INFO - Async storage completed for 8 embeddings
2026-02-25 12:58:07,513 - Knowledge - INFO - Fast-tracked /app/data/T0015/326202/b9060hi/Rufesi/hardware/frankenso/readme.md (ext=.md, size=298)
2026-02-25 12:58:07,618 - Knowledge - INFO - Fast-tracked /app/data/T0015/326202/b9060hi/Rufesi/hardware/TLE8110ED_breakout_board/known_issues.txt (ext=.txt, size=440)
2026-02-25 12:58:07,730 - Knowledge - INFO - Worker kw16 processing /app/data/T0015/326202/b9060hi/Rufesi/hardware/frankenso/frankenso_gerbers/readme.txt
2026-02-25 12:58:07,816 - Knowledge - INFO - Fast-tracked /app/data/T0015/326202/b9060hi/Rufesi/hardware/MX7-C-35PL-C11-connector/readme.md (ext=.md, size=161)
2026-02-25 12:58:07,893 - Knowledge - INFO - process ingested knowledge for /app/data/T0015/326202/b9060hi/Rufesi/hardware/rusefi_hardware_history/hi-lo_driver_rev00.10/known_issues.txt
2026-02-25 12:58:07,980 - Knowledge - INFO - process ingested knowledge for /app/data/T0015/326202/b9060hi/Rufesi/hardware/1A_injector_12-channels/inj_12ch.pro
2026-02-25 12:58:08,051 - Knowledge - INFO - process ingested knowledge for /app/data/T0015/326202/b9060hi/Rufesi/hardware/rusefi_hardware_history/breakout_board_rev00.10/pin_board_1.pro
2026-02-25 12:58:08,247 - Knowledge - INFO - process ingested knowledge for /app/data/T0015/326202/b9060hi/Rufesi/hardware/Breakout_TLE6244/Breakout_TLE6244.pro
2026-02-25 12:58:08,360 - Knowledge - INFO - process ingested knowledge for /app/data/T0015/326202/b9060hi/Rufesi/hardware/284617-1-connector/readme.md
2026-02-25 12:58:08,447 - Knowledge - INFO - process ingested knowledge for /app/data/T0015/326202/b9060hi/Rufesi/hardware/power_supply_kb1gtt/known_issues.txt
2026-02-25 12:58:08,539 - Knowledge - INFO - Batch sizing: calculated=8, max_allowed=10, queue=520, active_workers=20/20
2026-02-25 12:58:08,612 - Knowledge - INFO - Progress: 60.4% | Files: 886/1454 | Rate: 1.64 files/sec | Queue: 488
2026-02-25 12:58:08,612 - Knowledge - INFO - Async storing batch of 8 embeddings
2026-02-25 12:58:08,613 - Knowledge - INFO - Async storing batch of 8 embeddings
2026-02-25 12:58:08,613 - Knowledge - INFO - Async storing batch of 8 embeddings
2026-02-25 12:58:08,614 - Knowledge - INFO - Async storing batch of 8 embeddings
2026-02-25 12:58:08,733 - Knowledge - INFO - process ingested knowledge for /app/data/T0015/326202/b9060hi/Rufesi/hardware/1123038-2-connector/known_issues.txt
2026-02-25 12:58:08,834 - Knowledge - INFO - process ingested knowledge for /app/data/T0015/326202/b9060hi/Rufesi/hardware/176122-6-connector/licence.txt
2026-02-25 12:58:09,534 - Knowledge - INFO - process ingested knowledge for /app/data/T0015/326202/b9060hi/Rufesi/hardware/rusefi_hardware_history/Stimulator_rev00.10/README.md
2026-02-25 12:58:09,002 - Knowledge - INFO - Processing batch of 8 files
2026-02-25 12:58:09,105 - Knowledge - INFO - Worker kw12 processing /app/data/T0015/326202/b9060hi/Rufesi/hardware/Power_regulator_TPS54340/known_issues.txt
2026-02-25 12:58:09,201 - Knowledge - INFO - Fast-tracked /app/data/T0015/326202/b9060hi/Rufesi/hardware/TCPL-STM-CAN/TCPL-STM-CAN.pro (small file (2472 bytes))
2026-02-25 12:58:09,314 - Knowledge - INFO - Fast-tracked /app/data/T0015/326202/b9060hi/Rufesi/hardware/frankenso/frankenso_gerbers/readme.txt (ext=.txt, size=198)
2026-02-25 12:58:09,431 - Knowledge - INFO - Worker kw1 processing /app/data/T0015/326202/b9060hi/Rufesi/hardware/HighSideSwitch/VN750PS_E.pro
2026-02-25 12:58:08,924 - Knowledge - INFO - Worker kw19 processing /app/data/T0015/326202/b9060hi/Rufesi/hardware/mini48-stm32/readme.md
2026-02-25 12:58:09,616 - Knowledge - INFO - process ingested knowledge for /app/data/T0015/326202/b9060hi/Rufesi/hardware/wbo2/readme.txt
2026-02-25 12:58:09,685 - Knowledge - INFO - process ingested knowledge for /app/data/T0015/326202/b9060hi/Rufesi/hardware/hip9011/DD_HIP9011.pro
2026-02-25 12:58:09,787 - Knowledge - INFO - process ingested knowledge for /app/data/T0015/326202/b9060hi/Rufesi/hardware/Breakout_TLE6244/readme.md
2026-02-25 12:58:09,865 - Knowledge - INFO - process ingested knowledge for /app/data/T0015/326202/b9060hi/Rufesi/hardware/brain_board_SD_Card_1/known_issues.txt
2026-02-25 12:58:09,959 - Knowledge - INFO - process ingested knowledge for /app/data/T0015/326202/b9060hi/Rufesi/hardware/power_supply_kb1gtt/readme.md
2026-02-25 12:58:10,078 - Knowledge - INFO - Async storing batch of 8 embeddings
2026-02-25 12:58:10,190 - Knowledge - INFO - [kw9] Queue=480, InProgress=0, PendingWorkers=20/20, Completed=894/1454 (61.5%)
2026-02-25 12:58:10,264 - Knowledge - INFO - Worker kw2 processing /app/data/T0015/326202/b9060hi/Rufesi/firmware/integration/rusefi_config.txt
2026-02-25 12:58:10,349 - Knowledge - INFO - Worker kw17 processing /app/data/T0015/326202/b9060hi/Rufesi/firmware/config/stm32f4ems/halconf.h
2026-02-25 12:58:10,434 - Knowledge - INFO - Worker kw6 processing /app/data/T0015/326202/b9060hi/Rufesi/firmware/config/engines/saturn_ion.h
2026-02-25 12:58:10,553 - Knowledge - INFO - Worker kw3 processing /app/data/T0015/326202/b9060hi/Rufesi/firmware/config/engines/dodge_ram.h
2026-02-25 12:58:10,676 - Knowledge - INFO - process ingested knowledge for /app/data/T0015/326202/b9060hi/Rufesi/hardware/1123038-2-connector/readme.md
2026-02-25 12:58:10,755 - Knowledge - INFO - process ingested knowledge for /app/data/T0015/326202/b9060hi/Rufesi/hardware/176122-6-connector/176122-6.pro
2026-02-25 12:58:10,849 - Knowledge - INFO - process ingested knowledge for /app/data/T0015/326202/b9060hi/Rufesi/hardware/rusefi_hardware_history/Stimulator_rev00.10/Stimulator.pro
2026-02-25 12:58:10,971 - Knowledge - INFO - process ingested knowledge for /app/data/T0015/326202/b9060hi/Rufesi/hardware/966595-1_and_963356-1-connector/966595-1_and_963356-1.pro
2026-02-25 12:58:11,095 - Knowledge - INFO - Fast-tracked /app/data/T0015/326202/b9060hi/Rufesi/hardware/Power_regulator_TPS54340/known_issues.txt (ext=.txt, size=133)
2026-02-25 12:58:11,195 - Knowledge - INFO - Async storage completed for 8 embeddings
2026-02-25 12:58:11,301 - Knowledge - INFO - Worker kw16 processing /app/data/T0015/326202/b9060hi/Rufesi/hardware/frankenso/merge/mmc_ttl_prepare_changes.txt
2026-02-25 12:58:11,381 - Knowledge - INFO - Worker kw1 processing /app/data/T0015/326202/b9060hi/Rufesi/hardware/963063-15_55_pin_connector/963063-15.pro
2026-02-25 12:58:11,455 - Knowledge - INFO - Fast-tracked /app/data/T0015/326202/b9060hi/Rufesi/hardware/mini48-stm32/readme.md (ext=.md, size=54)
2026-02-25 12:58:11,532 - Knowledge - INFO - process ingested knowledge for /app/data/T0015/326202/b9060hi/Rufesi/hardware/wbo2/WBO2.pro
2026-02-25 12:58:11,636 - Knowledge - INFO - process ingested knowledge for /app/data/T0015/326202/b9060hi/Rufesi/hardware/analog_input_module_kb1gtt/MIT_License.txt
2026-02-25 12:58:11,723 - Knowledge - INFO - process ingested knowledge for /app/data/T0015/326202/b9060hi/Rufesi/hardware/PowerSSO-24_breakout/PowerSSO-24_breakout.pro
2026-02-25 12:58:11,812 - Knowledge - INFO - process ingested knowledge for /app/data/T0015/326202/b9060hi/Rufesi/hardware/brain_board_SD_Card_1/brain_board_SD_Card_1.pro
2026-02-25 12:58:11,884 - Knowledge - INFO - process ingested knowledge for /app/data/T0015/326202/b9060hi/Rufesi/hardware/power_supply_kb1gtt/gerber/rev_notes.txt
2026-02-25 12:58:11,969 - Knowledge - INFO - Worker kw20 processing /app/data/T0015/326202/b9060hi/Rufesi/firmware/config/engines/gm_2_2.h
2026-02-25 12:58:12,062 - Knowledge - INFO - Batch sizing: calculated=6, max_allowed=10, queue=480, active_workers=20/20
2026-02-25 12:58:12,165 - Knowledge - INFO - Fast-tracked /app/data/T0015/326202/b9060hi/Rufesi/firmware/integration/rusefi_config.txt (ext=.txt, size=55145)
2026-02-25 12:58:12,248 - Knowledge - INFO - Worker kw17 processing /app/data/T0015/326202/b9060hi/Rufesi/firmware/config/stm32f4ems/efifeatures.h
2026-02-25 12:58:12,322 - Knowledge - INFO - Fast-tracked /app/data/T0015/326202/b9060hi/Rufesi/firmware/config/engines/saturn_ion.h (ext=.h, size=398)
2026-02-25 12:58:12,405 - Knowledge - INFO - Fast-tracked /app/data/T0015/326202/b9060hi/Rufesi/firmware/config/engines/dodge_ram.h (ext=.h, size=293)
2026-02-25 12:58:12,481 - Knowledge - INFO - process ingested knowledge for /app/data/T0015/326202/b9060hi/Rufesi/hardware/thermocouiple_module/known_issues.txt
2026-02-25 12:58:12,567 - Knowledge - INFO - process ingested knowledge for /app/data/T0015/326202/b9060hi/Rufesi/hardware/176122-6-connector/readme.md
2026-02-25 12:58:12,650 - Knowledge - INFO - process ingested knowledge for /app/data/T0015/326202/b9060hi/Rufesi/hardware/rusefi_hardware_history/Stimulator_rev00.10/Stimulator.xml
2026-02-25 12:58:12,762 - Knowledge - INFO - process ingested knowledge for /app/data/T0015/326202/b9060hi/Rufesi/hardware/frankenso_foundation/misc/trace_widths.txt
2026-02-25 12:58:12,850 - Knowledge - INFO - Fast-tracked /app/data/T0015/326202/b9060hi/Rufesi/hardware/frankenso/scripts/props.py (small file (2781 bytes))
2026-02-25 12:58:12,922 - Knowledge - INFO - Processing batch of 8 files
2026-02-25 12:58:13,007 - Knowledge - INFO - Fast-tracked /app/data/T0015/326202/b9060hi/Rufesi/hardware/frankenso/merge/mmc_ttl_prepare_changes.txt (ext=.txt, size=48)
2026-02-25 12:58:13,086 - Knowledge - INFO - Fast-tracked /app/data/T0015/326202/b9060hi/Rufesi/hardware/963063-15_55_pin_connector/963063-15.pro (ext=.pro, size=1725)
2026-02-25 12:58:13,202 - Knowledge - INFO - Worker kw19 processing /app/data/T0015/326202/b9060hi/Rufesi/hardware/VR_Board/known_issues.txt
2026-02-25 12:58:13,300 - Knowledge - INFO - process ingested knowledge for /app/data/T0015/326202/b9060hi/Rufesi/hardware/adc_amp_divider.vertical12/adc_amp_divider.pro
2026-02-25 12:58:13,425 - Knowledge - INFO - process ingested knowledge for /app/data/T0015/326202/b9060hi/Rufesi/hardware/analog_input_module_kb1gtt/known_issues.txt
2026-02-25 12:58:13,552 - Knowledge - INFO - process ingested knowledge for /app/data/T0015/326202/b9060hi/Rufesi/hardware/PowerSSO-24_breakout/known_issues.txt
2026-02-25 12:58:13,630 - Knowledge - INFO - process ingested knowledge for /app/data/T0015/326202/b9060hi/Rufesi/hardware/172319-1_52pin-connector/known_issues.txt
2026-02-25 12:58:13,740 - Knowledge - INFO - process ingested knowledge for /app/data/T0015/326202/b9060hi/Rufesi/hardware/5V-regulator/PWR_5V_linear.pro
2026-02-25 12:58:13,829 - Knowledge - INFO - Fast-tracked /app/data/T0015/326202/b9060hi/Rufesi/firmware/config/engines/gm_2_2.h (ext=.h, size=273)
2026-02-25 12:58:13,928 - Knowledge - INFO - Async storing batch of 8 embeddings
2026-02-25 12:58:13,998 - Knowledge - INFO - Worker kw2 processing /app/data/T0015/326202/b9060hi/Rufesi/firmware/rusefi.mk
2026-02-25 12:58:14,114 - Knowledge - INFO - Worker kw17 processing /app/data/T0015/326202/b9060hi/Rufesi/firmware/config/stm32f4ems/halconf_community.h
2026-02-25 12:58:14,202 - Knowledge - INFO - Worker kw6 processing /app/data/T0015/326202/b9060hi/Rufesi/firmware/config/engines/mazda_miata_vvt.cpp
2026-02-25 12:58:14,295 - Knowledge - INFO - Worker kw3 processing /app/data/T0015/326202/b9060hi/Rufesi/firmware/config/engines/zil130.cpp
2026-02-25 12:58:14,394 - Knowledge - INFO - process ingested knowledge for /app/data/T0015/326202/b9060hi/Rufesi/hardware/thermocouiple_module/thermocouple_module.pro
2026-02-25 12:58:14,490 - Knowledge - INFO - process ingested knowledge for /app/data/T0015/326202/b9060hi/Rufesi/hardware/kindergarten/ecu-hardware/openecu.pro
2026-02-25 12:58:14,745 - Knowledge - INFO - Fast-tracked /app/data/T0015/326202/b9060hi/Rufesi/hardware/frankenso/frankenso.pro (small file (2017 bytes))
2026-02-25 12:58:14,747 - Knowledge - INFO - process ingested knowledge for /app/data/T0015/326202/b9060hi/Rufesi/hardware/frankenso_foundation/frankenso_foundation.pro
2026-02-25 12:58:14,820 - Knowledge - INFO - process ingested knowledge for /app/data/T0015/326202/b9060hi/Rufesi/hardware/TCPL-STM-CAN/TCPL-STM-CAN.pro
2026-02-25 12:58:14,918 - Knowledge - INFO - Async storage completed for 8 embeddings
2026-02-25 12:58:15,001 - Knowledge - INFO - Worker kw1 processing /app/data/T0015/326202/b9060hi/Rufesi/hardware/963063-15_55_pin_connector/readme.md
2026-02-25 12:58:15,083 - Knowledge - INFO - Fast-tracked /app/data/T0015/326202/b9060hi/Rufesi/hardware/VR_Board/known_issues.txt (ext=.txt, size=203)
2026-02-25 12:58:15,191 - Knowledge - INFO - process ingested knowledge for /app/data/T0015/326202/b9060hi/Rufesi/hardware/low_side_tle6240/readme.md
2026-02-25 12:58:15,367 - Knowledge - INFO - process ingested knowledge for /app/data/T0015/326202/b9060hi/Rufesi/hardware/analog_input_module_kb1gtt/anlog_module.pro
2026-02-25 12:58:15,605 - Knowledge - INFO - process ingested knowledge for /app/data/T0015/326202/b9060hi/Rufesi/hardware/PowerSSO-24_breakout/readme.md
2026-02-25 12:58:15,605 - Knowledge - INFO - process ingested knowledge for /app/data/T0015/326202/b9060hi/Rufesi/hardware/172319-1_52pin-connector/172319-1_connector.pro
2026-02-25 12:58:15,636 - Knowledge - INFO - process ingested knowledge for /app/data/T0015/326202/b9060hi/Rufesi/hardware/5V-regulator/Known_Issues.txt
2026-02-25 12:58:15,724 - Knowledge - INFO - Worker kw20 processing /app/data/T0015/326202/b9060hi/Rufesi/firmware/config/engines/ford_fiesta.h
2026-02-25 12:58:15,822 - Knowledge - INFO - Worker kw9 processing /app/data/T0015/326202/b9060hi/Rufesi/firmware/config/engines/chevrolet_camaro_4.cpp
2026-02-25 12:58:15,929 - Knowledge - INFO - Fast-tracked /app/data/T0015/326202/b9060hi/Rufesi/firmware/rusefi.mk (ext=.mk, size=901)
2026-02-25 12:58:16,049 - Knowledge - INFO - Fast-tracked /app/data/T0015/326202/b9060hi/Rufesi/firmware/config/engines/ford_fiesta.h (ext=.h, size=370)
2026-02-25 12:58:16,119 - Knowledge - INFO - Worker kw6 processing /app/data/T0015/326202/b9060hi/Rufesi/firmware/config/engines/toyota_jzs147.h
2026-02-25 12:58:16,199 - Knowledge - INFO - Worker kw3 processing /app/data/T0015/326202/b9060hi/Rufesi/firmware/config/engines/chevrolet_c20_1973.cpp
2026-02-25 12:58:16,276 - Knowledge - INFO - [kw4] Queue=474, InProgress=0, PendingWorkers=20/20, Completed=902/1454 (62.0%)
2026-02-25 12:58:16,316 - Knowledge - INFO - process ingested knowledge for /app/data/T0015/326202/b9060hi/Rufesi/hardware/power_supply_kb1gtt/PWR_buck_12V_switcher.pro
2026-02-25 12:58:16,416 - Knowledge - INFO - process ingested knowledge for /app/data/T0015/326202/b9060hi/Rufesi/hardware/kindergarten/readme.txt
2026-02-25 12:58:16,491 - Knowledge - INFO - Async storage completed for 8 embeddings
2026-02-25 12:58:16,571 - Knowledge - INFO - process ingested knowledge for /app/data/T0015/326202/b9060hi/Rufesi/hardware/readme.md
2026-02-25 12:58:16,650 - Knowledge - INFO - process ingested knowledge for /app/data/T0015/326202/b9060hi/Rufesi/hardware/TCPL-STM-CAN/known_issues.txt
2026-02-25 12:58:16,766 - Knowledge - INFO - Processing batch of 8 files
2026-02-25 12:58:16,847 - Knowledge - INFO - Fast-tracked /app/data/T0015/326202/b9060hi/Rufesi/hardware/963063-15_55_pin_connector/readme.md (ext=.md, size=114)
2026-02-25 12:58:16,955 - Knowledge - INFO - Worker kw19 processing /app/data/T0015/326202/b9060hi/Rufesi/hardware/VR_Board/vrs_io_1.pro
2026-02-25 12:58:17,031 - Knowledge - INFO - process ingested knowledge for /app/data/T0015/326202/b9060hi/Rufesi/hardware/low_side_tle6240/tle6240_driver.pro
2026-02-25 12:58:17,116 - Knowledge - INFO - process ingested knowledge for /app/data/T0015/326202/b9060hi/Rufesi/hardware/soic8_breakout/soic8_breakout.pro
2026-02-25 12:58:17,207 - Knowledge - INFO - process ingested knowledge for /app/data/T0015/326202/b9060hi/Rufesi/hardware/can_board/can_brd_1.pro
2026-02-25 12:58:17,468 - Knowledge - INFO - Worker kw17 processing /app/data/T0015/326202/b9060hi/Rufesi/firmware/config/stm32f4ems/chconf.h
2026-02-25 12:58:17,486 - Knowledge - INFO - process ingested knowledge for /app/data/T0015/326202/b9060hi/Rufesi/hardware/5V-regulator/index.html
2026-02-25 12:58:17,563 - Knowledge - INFO - Worker kw9 processing /app/data/T0015/326202/b9060hi/Rufesi/firmware/config/engines/prometheus.h
2026-02-25 12:58:17,687 - Knowledge - INFO - Worker kw2 processing /app/data/T0015/326202/b9060hi/Rufesi/firmware/rusefi.h
2026-02-25 12:58:17,798 - Knowledge - INFO - Worker kw20 processing /app/data/T0015/326202/b9060hi/Rufesi/firmware/config/engines/MiniCooperR50.h
2026-02-25 12:58:17,884 - Knowledge - INFO - Fast-tracked /app/data/T0015/326202/b9060hi/Rufesi/firmware/config/engines/toyota_jzs147.h (ext=.h, size=390)
2026-02-25 12:58:17,996 - Knowledge - INFO - Fast-tracked /app/data/T0015/326202/b9060hi/Rufesi/firmware/config/engines/chevrolet_c20_1973.cpp (ext=.cpp, size=1053)
2026-02-25 12:58:18,069 - Knowledge - INFO - Batch sizing: calculated=6, max_allowed=10, queue=474, active_workers=20/20
2026-02-25 12:58:18,199 - Knowledge - INFO - process ingested knowledge for /app/data/T0015/326202/b9060hi/Rufesi/hardware/power_supply_kb1gtt/MIT_License.txt
2026-02-25 12:58:18,413 - Knowledge - INFO - process ingested knowledge for /app/data/T0015/326202/b9060hi/Rufesi/hardware/diy_hall_pickup/diy_hall_pickup.pro
2026-02-25 12:58:18,446 - Knowledge - INFO - Processing batch of 8 files
2026-02-25 12:58:18,588 - Knowledge - INFO - process ingested knowledge for /app/data/T0015/326202/b9060hi/Rufesi/hardware/adc_amp_divider.vertical/adc_amp_divider_vert.pro
2026-02-25 12:58:18,592 - Knowledge - INFO - process ingested knowledge for /app/data/T0015/326202/b9060hi/Rufesi/hardware/ion_sense/ion.pro
2026-02-25 12:58:18,667 - Knowledge - INFO - process ingested knowledge for /app/data/T0015/326202/b9060hi/Rufesi/hardware/TLE8110ED_breakout_board/TLE8110ED.xml
2026-02-25 12:58:18,747 - Knowledge - INFO - Worker kw1 processing /app/data/T0015/326202/b9060hi/Rufesi/hardware/mini48-stm32/known_issues.txt
2026-02-25 12:58:18,870 - Knowledge - INFO - Fast-tracked /app/data/T0015/326202/b9060hi/Rufesi/hardware/VR_Board/vrs_io_1.pro (ext=.pro, size=1079)
2026-02-25 12:58:18,884 - Knowledge - INFO - [WEBSOCKET] Sent: Type=progress_update, Size: 293, Duration: 0ms
2026-02-25 12:58:19,275 - Knowledge - INFO - Worker kw17 processing /app/data/T0015/326202/b9060hi/Rufesi/firmware/config/engines/geo_storm.cpp
2026-02-25 12:58:19,443 - Knowledge - INFO - Fast-tracked /app/data/T0015/326202/b9060hi/Rufesi/firmware/config/engines/prometheus.h (ext=.h, size=295)
2026-02-25 12:58:19,519 - Knowledge - INFO - Fast-tracked /app/data/T0015/326202/b9060hi/Rufesi/firmware/rusefi.h (ext=.h, size=180)
2026-02-25 12:58:19,622 - Knowledge - INFO - Fast-tracked /app/data/T0015/326202/b9060hi/Rufesi/firmware/config/engines/MiniCooperR50.h (ext=.h, size=307)
2026-02-25 12:58:19,705 - Knowledge - INFO - process ingested knowledge for /app/data/T0015/326202/b9060hi/Rufesi/hardware/1A_injector_6-channels/inj_6ch.pro
2026-02-25 12:58:19,709 - Knowledge - INFO - Worker kw6 processing /app/data/T0015/326202/b9060hi/Rufesi/firmware/config/engines/dodge_neon.h
2026-02-25 12:58:19,828 - Knowledge - INFO - Worker kw3 processing /app/data/T0015/326202/b9060hi/Rufesi/firmware/config/engines/mazda_miata_na8.h
2026-02-25 12:58:20,225 - Knowledge - INFO - process ingested knowledge for /app/data/T0015/326202/b9060hi/Rufesi/hardware/frankenso/merge/pcb_merge_changes.txt
2026-02-25 12:58:20,614 - Knowledge - INFO - Fast-tracked /app/data/T0015/326202/b9060hi/Rufesi/hardware/mini48-stm32/known_issues.txt (ext=.txt, size=91)
2026-02-25 12:58:20,692 - Knowledge - INFO - Worker kw19 processing /app/data/T0015/326202/b9060hi/Rufesi/hardware/VR_Board/readme.md
2026-02-25 12:58:20,734 - Knowledge - INFO - process ingested knowledge for /app/data/T0015/326202/b9060hi/Rufesi/hardware/brain_board/known_issues.txt
2026-02-25 12:58:20,768 - Knowledge - INFO - Async storing batch of 8 embeddings
2026-02-25 12:58:20,768 - Knowledge - INFO - [WEBSOCKET] Sent: Type=unknown, Size: ?, Duration: 1884ms
2026-02-25 12:58:20,850 - Knowledge - INFO - Fast-tracked /app/data/T0015/326202/b9060hi/Rufesi/firmware/config/engines/geo_storm.cpp (ext=.cpp, size=301)
2026-02-25 12:58:20,888 - Knowledge - INFO - process ingested knowledge for /app/data/T0015/326202/b9060hi/Rufesi/hardware/adc_amp_divider/history/rev00.10/adc_amp_dividor.pro
2026-02-25 12:58:20,888 - Knowledge - INFO - process ingested knowledge for /app/data/T0015/326202/b9060hi/Rufesi/hardware/TLE8110ED_breakout_board/TLE8110ED.pro
2026-02-25 12:58:20,921 - Knowledge - INFO - Worker kw9 processing /app/data/T0015/326202/b9060hi/Rufesi/firmware/config/engines/engine_template.cpp
2026-02-25 12:58:21,003 - Knowledge - INFO - Worker kw2 processing /app/data/T0015/326202/b9060hi/Rufesi/firmware/config/stm32f1egt/mcuconf.h
2026-02-25 12:58:21,087 - Knowledge - INFO - Worker kw20 processing /app/data/T0015/326202/b9060hi/Rufesi/firmware/config/engines/mitsubishi.cpp
2026-02-25 12:58:21,286 - Knowledge - INFO - Fast-tracked /app/data/T0015/326202/b9060hi/Rufesi/firmware/config/engines/dodge_neon.h (ext=.h, size=607)
2026-02-25 12:58:21,394 - Knowledge - INFO - Fast-tracked /app/data/T0015/326202/b9060hi/Rufesi/firmware/config/engines/mazda_miata_na8.h (ext=.h, size=331)
2026-02-25 12:58:21,593 - Knowledge - INFO - Fast-tracked /app/data/T0015/326202/b9060hi/Rufesi/hardware/HighSideSwitch/VN750PS_E.pro (small file (2782 bytes))
2026-02-25 12:58:21,657 - Knowledge - INFO - process ingested knowledge for /app/data/T0015/326202/b9060hi/Rufesi/hardware/1A_injector_6-channels/MIT_License.txt
2026-02-25 12:58:21,664 - Knowledge - INFO - Fast-tracked /app/data/T0015/326202/b9060hi/Rufesi/hardware/VR_Board/readme.md (ext=.md, size=48)
2026-02-25 12:58:21,837 - Knowledge - INFO - Worker kw4 processing /app/data/T0015/326202/b9060hi/Rufesi/firmware/config/engines/custom_engine.h
2026-02-25 12:58:21,922 - Knowledge - INFO - Progress: 63.1% | Files: 918/1454 | Rate: 1.66 files/sec | Queue: 468
2026-02-25 12:58:21,962 - Knowledge - INFO - process ingested knowledge for /app/data/T0015/326202/b9060hi/Rufesi/hardware/frankenso/merge/vr_changes.txt
2026-02-25 12:58:22,017 - Knowledge - INFO - Worker kw17 processing /app/data/T0015/326202/b9060hi/Rufesi/firmware/config/engines/mazda_626.h
2026-02-25 12:58:22,232 - Knowledge - INFO - process ingested knowledge for /app/data/T0015/326202/b9060hi/Rufesi/hardware/brain_board/readme.md
2026-02-25 12:58:22,331 - Knowledge - INFO - Fast-tracked /app/data/T0015/326202/b9060hi/Rufesi/firmware/config/engines/engine_template.cpp (ext=.cpp, size=307)
2026-02-25 12:58:22,427 - Knowledge - INFO - Worker kw2 processing /app/data/T0015/326202/b9060hi/Rufesi/firmware/config/stm32f1egt/halconf.h
2026-02-25 12:58:22,517 - Knowledge - INFO - Worker kw20 processing /app/data/T0015/326202/b9060hi/Rufesi/firmware/config/engines/citroenBerlingoTU3JP.h
2026-02-25 12:58:22,518 - Knowledge - INFO - process ingested knowledge for /app/data/T0015/326202/b9060hi/Rufesi/hardware/adc_amp_divider/history/rev00.10/known_issues.txt
2026-02-25 12:58:22,594 - Knowledge - INFO - Worker kw6 processing /app/data/T0015/326202/b9060hi/Rufesi/firmware/config/engines/mazda_miata_nb.cpp
2026-02-25 12:58:22,673 - Knowledge - INFO - Worker kw3 processing /app/data/T0015/326202/b9060hi/Rufesi/firmware/config/engines/ford_aspire.h
2026-02-25 12:58:22,793 - Knowledge - INFO - Async storage completed for 8 embeddings
2026-02-25 12:58:22,970 - Knowledge - INFO - Worker kw19 processing /app/data/T0015/326202/b9060hi/Rufesi/hardware/Snake____1/readme.txt
2026-02-25 12:58:23,071 - Knowledge - INFO - Fast-tracked /app/data/T0015/326202/b9060hi/Rufesi/firmware/config/engines/custom_engine.h (ext=.h, size=651)
2026-02-25 12:58:23,195 - Knowledge - INFO - process ingested knowledge for /app/data/T0015/326202/b9060hi/Rufesi/hardware/A4988_stepper_motor_driver/stepper_motor_driver.pro
2026-02-25 12:58:23,324 - Knowledge - INFO - Fast-tracked /app/data/T0015/326202/b9060hi/Rufesi/firmware/config/engines/mazda_626.h (ext=.h, size=333)
2026-02-25 12:58:23,507 - Knowledge - INFO - Worker kw9 processing /app/data/T0015/326202/b9060hi/Rufesi/firmware/config/engines/snow_blower.cpp
2026-02-25 12:58:23,577 - Knowledge - INFO - Worker kw2 processing /app/data/T0015/326202/b9060hi/Rufesi/firmware/config/stm32f1egt/efifeatures.h
2026-02-25 12:58:23,679 - Knowledge - INFO - Fast-tracked /app/data/T0015/326202/b9060hi/Rufesi/firmware/config/engines/citroenBerlingoTU3JP.h (ext=.h, size=314)
2026-02-25 12:58:23,724 - Knowledge - INFO - process ingested knowledge for /app/data/T0015/326202/b9060hi/Rufesi/hardware/frankenso/scripts/props.py
2026-02-25 12:58:23,725 - Knowledge - INFO - process ingested knowledge for /app/data/T0015/326202/b9060hi/Rufesi/hardware/brain_board/brain_board_STM32F407.pro
2026-02-25 12:58:23,870 - Knowledge - INFO - Worker kw6 processing /app/data/T0015/326202/b9060hi/Rufesi/firmware/config/engines/subaru.h
2026-02-25 12:58:23,952 - Knowledge - INFO - Fast-tracked /app/data/T0015/326202/b9060hi/Rufesi/firmware/config/engines/ford_aspire.h (ext=.h, size=383)
2026-02-25 12:58:23,960 - Knowledge - INFO - [kw7] Queue=468, InProgress=0, PendingWorkers=20/20, Completed=918/1454 (63.1%)
2026-02-25 12:58:23,961 - Knowledge - INFO - [kw13] Queue=468, InProgress=0, PendingWorkers=20/20, Completed=918/1454 (63.1%)
2026-02-25 12:58:24,139 - Knowledge - INFO - Fast-tracked /app/data/T0015/326202/b9060hi/Rufesi/hardware/Snake____1/readme.txt (ext=.txt, size=79)
2026-02-25 12:58:24,143 - Knowledge - INFO - process ingested knowledge for /app/data/T0015/326202/b9060hi/Rufesi/hardware/adc_amp_divider/history/rev00.20/adc_amp_divider.pro
2026-02-25 12:58:24,223 - Knowledge - INFO - Worker kw4 processing /app/data/T0015/326202/b9060hi/Rufesi/firmware/config/engines/test_engine.cpp
2026-02-25 12:58:24,383 - Knowledge - INFO - Worker kw17 processing /app/data/T0015/326202/b9060hi/Rufesi/firmware/config/engines/honda_600.cpp
2026-02-25 12:58:24,471 - Knowledge - INFO - Fast-tracked /app/data/T0015/326202/b9060hi/Rufesi/firmware/config/engines/snow_blower.cpp (ext=.cpp, size=186)
2026-02-25 12:58:24,503 - Knowledge - INFO - [kw15] Queue=468, InProgress=0, PendingWorkers=20/20, Completed=919/1454 (63.2%)
2026-02-25 12:58:24,550 - Knowledge - INFO - Fast-tracked /app/data/T0015/326202/b9060hi/Rufesi/firmware/config/stm32f1egt/efifeatures.h (ext=.h, size=1350)
2026-02-25 12:58:24,637 - Knowledge - INFO - Worker kw20 processing /app/data/T0015/326202/b9060hi/Rufesi/firmware/config/engines/lada_kalina.cpp
2026-02-25 12:58:24,888 - Knowledge - INFO - Fast-tracked /app/data/T0015/326202/b9060hi/Rufesi/firmware/config/engines/subaru.h (ext=.h, size=237)
2026-02-25 12:58:24,979 - Knowledge - INFO - Worker kw3 processing /app/data/T0015/326202/b9060hi/Rufesi/firmware/config/engines/daihatsu.cpp
2026-02-25 12:58:25,025 - Knowledge - INFO - process ingested knowledge for /app/data/T0015/326202/b9060hi/Rufesi/hardware/frankenso-PWR-Supply/frankenso-PWR-Supply.pro
2026-02-25 12:58:25,026 - Knowledge - INFO - process ingested knowledge for /app/data/T0015/326202/b9060hi/Rufesi/hardware/frankenso/frankenso.pro
2026-02-25 12:58:25,091 - Knowledge - INFO - Batch sizing: calculated=6, max_allowed=10, queue=468, active_workers=20/20
2026-02-25 12:58:25,182 - Knowledge - INFO - [kw18] Queue=468, InProgress=0, PendingWorkers=20/20, Completed=923/1454 (63.5%)
2026-02-25 12:58:25,198 - Knowledge - INFO - Batch sizing: calculated=6, max_allowed=10, queue=468, active_workers=20/20
2026-02-25 12:58:25,309 - Knowledge - INFO - Worker kw19 processing /app/data/T0015/326202/b9060hi/Rufesi/hardware/Snake____1/M52.pro
2026-02-25 12:58:25,333 - Knowledge - INFO - [kw11] Queue=468, InProgress=0, PendingWorkers=20/20, Completed=925/1454 (63.6%)
2026-02-25 12:58:25,422 - Knowledge - INFO - Processing batch of 8 files
2026-02-25 12:58:25,422 - Knowledge - INFO - [kw8] Queue=468, InProgress=0, PendingWorkers=20/20, Completed=926/1454 (63.7%)
2026-02-25 12:58:25,521 - Knowledge - INFO - Worker kw4 processing /app/data/T0015/326202/b9060hi/Rufesi/firmware/config/engines/ford_1995_inline_6.cpp
2026-02-25 12:58:25,560 - Knowledge - INFO - process ingested knowledge for /app/data/T0015/326202/b9060hi/Rufesi/hardware/adc_amp_divider/adc_amp_divider.pro
2026-02-25 12:58:25,630 - Knowledge - INFO - Worker kw17 processing /app/data/T0015/326202/b9060hi/Rufesi/firmware/config/engines/GY6_139QMB.h
2026-02-25 12:58:25,694 - Knowledge - INFO - Worker kw9 processing /app/data/T0015/326202/b9060hi/Rufesi/firmware/config/engines/ford_festiva.h
2026-02-25 12:58:25,792 - Knowledge - INFO - Batch sizing: calculated=6, max_allowed=10, queue=468, active_workers=20/20
2026-02-25 12:58:25,914 - Knowledge - INFO - Worker kw2 processing /app/data/T0015/326202/b9060hi/Rufesi/firmware/config/stm32f1egt/chconf.h
2026-02-25 12:58:25,995 - Knowledge - INFO - Fast-tracked /app/data/T0015/326202/b9060hi/Rufesi/firmware/config/engines/lada_kalina.cpp (ext=.cpp, size=1737)
2026-02-25 12:58:26,081 - Knowledge - INFO - Worker kw6 processing /app/data/T0015/326202/b9060hi/Rufesi/firmware/config/engines/sachs.h
2026-02-25 12:58:26,175 - Knowledge - INFO - Fast-tracked /app/data/T0015/326202/b9060hi/Rufesi/firmware/config/engines/daihatsu.cpp (ext=.cpp, size=423)
2026-02-25 12:58:26,330 - Knowledge - INFO - process ingested knowledge for /app/data/T0015/326202/b9060hi/Rufesi/hardware/frankenso-PWR-Supply/known_issues.txt
2026-02-25 12:58:26,523 - Knowledge - INFO - Batch sizing: calculated=6, max_allowed=10, queue=468, active_workers=20/20
2026-02-25 12:58:26,543 - Knowledge - INFO - process ingested knowledge for /app/data/T0015/326202/b9060hi/Rufesi/hardware/frankenso/known_issues.txt
2026-02-25 12:58:26,544 - Knowledge - INFO - Async storing batch of 8 embeddings
2026-02-25 12:58:26,723 - Knowledge - INFO - Fast-tracked /app/data/T0015/326202/b9060hi/Rufesi/hardware/Snake____1/M52.pro (ext=.pro, size=1899)
2026-02-25 12:58:26,738 - Knowledge - INFO - Async storing batch of 8 embeddings
2026-02-25 12:58:26,738 - Knowledge - INFO - [kw10] Queue=456, InProgress=0, PendingWorkers=20/20, Completed=926/1454 (63.7%)
2026-02-25 12:58:26,798 - Knowledge - INFO - Batch sizing: calculated=6, max_allowed=10, queue=468, active_workers=20/20
2026-02-25 12:58:26,883 - Knowledge - INFO - process ingested knowledge for /app/data/T0015/326202/b9060hi/Rufesi/hardware/Power_regulator_TPS54340/TPS54340_Buck_Regulator.pro
2026-02-25 12:58:26,995 - Knowledge - INFO - Batch sizing: calculated=6, max_allowed=10, queue=468, active_workers=20/20
2026-02-25 12:58:27,084 - Knowledge - INFO - Worker kw4 processing /app/data/T0015/326202/b9060hi/Rufesi/firmware/config/engines/honda_accord.cpp
2026-02-25 12:58:27,164 - Knowledge - INFO - process ingested knowledge for /app/data/T0015/326202/b9060hi/Rufesi/hardware/TLE8110ED_breakout_board/known_issues.txt
2026-02-25 12:58:27,182 - Knowledge - INFO - [kw5] Queue=456, InProgress=0, PendingWorkers=20/20, Completed=926/1454 (63.7%)
2026-02-25 12:58:27,243 - Knowledge - INFO - Fast-tracked /app/data/T0015/326202/b9060hi/Rufesi/firmware/config/engines/GY6_139QMB.h (ext=.h, size=295)
2026-02-25 12:58:27,329 - Knowledge - INFO - Fast-tracked /app/data/T0015/326202/b9060hi/Rufesi/firmware/config/engines/ford_festiva.h (ext=.h, size=304)
2026-02-25 12:58:27,405 - Knowledge - INFO - Async storing batch of 8 embeddings
2026-02-25 12:58:27,505 - Knowledge - INFO - Worker kw2 processing /app/data/T0015/326202/b9060hi/Rufesi/firmware/config/stm32f4ems/mcuconf.h
2026-02-25 12:58:27,609 - Knowledge - INFO - Worker kw20 processing /app/data/T0015/326202/b9060hi/Rufesi/firmware/config/engines/bmw_e34.cpp
2026-02-25 12:58:27,714 - Knowledge - INFO - Fast-tracked /app/data/T0015/326202/b9060hi/Rufesi/firmware/config/engines/sachs.h (ext=.h, size=270)
2026-02-25 12:58:27,802 - Knowledge - INFO - Worker kw3 processing /app/data/T0015/326202/b9060hi/Rufesi/firmware/config/engines/nissan_primera.cpp
2026-02-25 12:58:27,874 - Knowledge - INFO - process ingested knowledge for /app/data/T0015/326202/b9060hi/Rufesi/hardware/frankenso-PWR-Supply/readme.md
2026-02-25 12:58:27,957 - Knowledge - INFO - Async storing batch of 8 embeddings
2026-02-25 12:58:28,041 - Knowledge - INFO - process ingested knowledge for /app/data/T0015/326202/b9060hi/Rufesi/hardware/frankenso/bom/ibom.html
2026-02-25 12:58:28,134 - Knowledge - INFO - Worker kw7 processing /app/data/T0015/326202/b9060hi/Rufesi/firmware/config/engines/mazda_miata.h
2026-02-25 12:58:28,219 - Knowledge - INFO - Worker kw19 processing /app/data/T0015/326202/b9060hi/Rufesi/firmware/integration/rusefi_template.xml
2026-02-25 12:58:28,311 - Knowledge - INFO - Worker kw13 processing /app/data/T0015/326202/b9060hi/Rufesi/firmware/config/engines/acura_rsx.cpp
2026-02-25 12:58:28,380 - Knowledge - INFO - Batch sizing: calculated=6, max_allowed=10, queue=456, active_workers=20/20
2026-02-25 12:58:28,458 - Knowledge - INFO - Async storing batch of 8 embeddings
2026-02-25 12:58:28,549 - Knowledge - INFO - process ingested knowledge for /app/data/T0015/326202/b9060hi/Rufesi/hardware/MX7-C-35PL-C11-connector/known_issues.txt
2026-02-25 12:58:28,645 - Knowledge - INFO - Async storing batch of 8 embeddings
2026-02-25 12:58:28,737 - Knowledge - INFO - Worker kw4 processing /app/data/T0015/326202/b9060hi/Rufesi/firmware/config/engines/acura_rsx.h
2026-02-25 12:58:28,880 - Knowledge - INFO - Batch sizing: calculated=6, max_allowed=10, queue=456, active_workers=20/20
2026-02-25 12:58:29,087 - Knowledge - INFO - Worker kw9 processing /app/data/T0015/326202/b9060hi/Rufesi/firmware/config/engines/mazda_323.h
2026-02-25 12:58:29,169 - Knowledge - INFO - Worker kw15 processing /app/data/T0015/326202/b9060hi/Rufesi/firmware/config/engines/geo_storm.h
2026-02-25 12:58:29,331 - Knowledge - INFO - Worker kw20 processing /app/data/T0015/326202/b9060hi/Rufesi/firmware/config/engines/suzuki_vitara.cpp
2026-02-25 12:58:29,441 - Knowledge - INFO - Worker kw6 processing /app/data/T0015/326202/b9060hi/Rufesi/firmware/config/engines/audi_aan.h
2026-02-25 12:58:29,551 - Knowledge - INFO - Fast-tracked /app/data/T0015/326202/b9060hi/Rufesi/firmware/config/engines/nissan_primera.cpp (ext=.cpp, size=572)
2026-02-25 12:58:29,692 - Knowledge - INFO - process ingested knowledge for /app/data/T0015/326202/b9060hi/Rufesi/hardware/frankenso/frankenso_gerbers/readme.txt
2026-02-25 12:58:29,740 - Knowledge - INFO - Worker kw18 processing /app/data/T0015/326202/b9060hi/Rufesi/firmware/config/engines/ford_festiva.cpp
2026-02-25 12:58:29,930 - Knowledge - INFO - process ingested knowledge for /app/data/T0015/326202/b9060hi/Rufesi/hardware/frankenso/readme.md
2026-02-25 12:58:29,943 - Knowledge - INFO - Fast-tracked /app/data/T0015/326202/b9060hi/Rufesi/firmware/config/engines/mazda_miata.h (ext=.h, size=736)
2026-02-25 12:58:30,054 - Knowledge - INFO - Fast-tracked /app/data/T0015/326202/b9060hi/Rufesi/firmware/integration/rusefi_template.xml (ext=.xml, size=13943)
2026-02-25 12:58:30,123 - Knowledge - INFO - Fast-tracked /app/data/T0015/326202/b9060hi/Rufesi/firmware/config/engines/acura_rsx.cpp (ext=.cpp, size=384)
2026-02-25 12:58:30,278 - Knowledge - INFO - Async storing batch of 8 embeddings
2026-02-25 12:58:30,307 - Knowledge - INFO - Worker kw11 processing /app/data/T0015/326202/b9060hi/Rufesi/firmware/config/engines/mazda_miata_base_maps.cpp
2026-02-25 12:58:30,322 - Knowledge - INFO - [kw14] Queue=426, InProgress=0, PendingWorkers=20/20, Completed=926/1454 (63.7%)
2026-02-25 12:58:30,390 - Knowledge - INFO - process ingested knowledge for /app/data/T0015/326202/b9060hi/Rufesi/hardware/MX7-C-35PL-C11-connector/MX7-C-35PL-C11.pro
2026-02-25 12:58:30,474 - Knowledge - INFO - Worker kw8 processing /app/data/T0015/326202/b9060hi/Rufesi/firmware/config/engines/sachs.cpp
2026-02-25 12:58:30,550 - Knowledge - INFO - Fast-tracked /app/data/T0015/326202/b9060hi/Rufesi/firmware/config/engines/acura_rsx.h (ext=.h, size=312)
2026-02-25 12:58:30,622 - Knowledge - INFO - Async storing batch of 8 embeddings
2026-02-25 12:58:30,694 - Knowledge - INFO - Fast-tracked /app/data/T0015/326202/b9060hi/Rufesi/firmware/config/engines/mazda_323.h (ext=.h, size=408)
2026-02-25 12:58:30,775 - Knowledge - INFO - Fast-tracked /app/data/T0015/326202/b9060hi/Rufesi/firmware/config/engines/geo_storm.h (ext=.h, size=301)
2026-02-25 12:58:30,856 - Knowledge - INFO - Fast-tracked /app/data/T0015/326202/b9060hi/Rufesi/firmware/config/engines/suzuki_vitara.cpp (ext=.cpp, size=541)
2026-02-25 12:58:30,966 - Knowledge - INFO - Fast-tracked /app/data/T0015/326202/b9060hi/Rufesi/firmware/config/engines/audi_aan.h (ext=.h, size=292)
2026-02-25 12:58:31,042 - Knowledge - INFO - Worker kw3 processing /app/data/T0015/326202/b9060hi/Rufesi/firmware/config/engines/rover_v8.cpp
2026-02-25 12:58:31,121 - Knowledge - INFO - process ingested knowledge for /app/data/T0015/326202/b9060hi/Rufesi/hardware/frankenso/merge/mmc_ttl_prepare_changes.txt
2026-02-25 12:58:31,250 - Knowledge - INFO - Worker kw18 processing /app/data/T0015/326202/b9060hi/Rufesi/firmware/config/engines/citroenBerlingoTU3JP.cpp
2026-02-25 12:58:31,354 - Knowledge - INFO - process ingested knowledge for /app/data/T0015/326202/b9060hi/Rufesi/hardware/Power_regulator_TPS54340/known_issues.txt
2026-02-25 12:58:31,466 - Knowledge - INFO - Worker kw7 processing /app/data/T0015/326202/b9060hi/Rufesi/firmware/config/engines/mazda_miata_1_6.cpp
2026-02-25 12:58:31,541 - Knowledge - INFO - Async storage completed for 8 embeddings
2026-02-25 12:58:31,653 - Knowledge - INFO - Worker kw13 processing /app/data/T0015/326202/b9060hi/Rufesi/firmware/config/engines/chevrolet_c20_1973.h
2026-02-25 12:58:31,735 - Knowledge - INFO - Worker kw10 processing /app/data/T0015/326202/b9060hi/Rufesi/firmware/config/engines/test_engine.h
2026-02-25 12:58:31,823 - Knowledge - INFO - Fast-tracked /app/data/T0015/326202/b9060hi/Rufesi/firmware/config/engines/mazda_miata_base_maps.cpp (ext=.cpp, size=305)
2026-02-25 12:58:31,886 - Knowledge - INFO - Batch sizing: calculated=6, max_allowed=10, queue=426, active_workers=20/20
2026-02-25 12:58:31,974 - Knowledge - INFO - process ingested knowledge for /app/data/T0015/326202/b9060hi/Rufesi/hardware/MX7-C-35PL-C11-connector/readme.md
2026-02-25 12:58:32,060 - Knowledge - INFO - Worker kw8 processing /app/data/T0015/326202/b9060hi/Rufesi/firmware/config/engines/dodge_ram.cpp
2026-02-25 12:58:32,148 - Knowledge - INFO - Worker kw4 processing /app/data/T0015/326202/b9060hi/Rufesi/firmware/config/engines/dodge_stratus.h
2026-02-25 12:58:32,257 - Knowledge - INFO - Worker kw5 processing /app/data/T0015/326202/b9060hi/Rufesi/firmware/config/engines/engine_template.h
2026-02-25 12:58:32,363 - Knowledge - INFO - Fast-tracked /app/data/T0015/326202/b9060hi/Rufesi/firmware/config/engines/chevrolet_camaro_4.cpp (small file (2597 bytes))
2026-02-25 12:58:32,466 - Knowledge - INFO - Worker kw15 processing /app/data/T0015/326202/b9060hi/Rufesi/firmware/config/engines/honda_600.h
2026-02-25 12:58:32,565 - Knowledge - INFO - Fast-tracked /app/data/T0015/326202/b9060hi/Rufesi/firmware/config/engines/mitsubishi.cpp (small file (2981 bytes))
2026-02-25 12:58:32,719 - Knowledge - INFO - Fast-tracked /app/data/T0015/326202/b9060hi/Rufesi/firmware/config/engines/zil130.cpp (small file (2331 bytes))
2026-02-25 12:58:32,874 - Knowledge - INFO - Worker kw18 processing /app/data/T0015/326202/b9060hi/Rufesi/firmware/config/engines/MiniCooperR50.cpp
2026-02-25 12:58:33,028 - Knowledge - INFO - Worker kw7 processing /app/data/T0015/326202/b9060hi/Rufesi/firmware/config/engines/vw.cpp
2026-02-25 12:58:33,227 - Knowledge - INFO - Fast-tracked /app/data/T0015/326202/b9060hi/Rufesi/firmware/config/engines/chevrolet_c20_1973.h (ext=.h, size=324)
2026-02-25 12:58:33,312 - Knowledge - INFO - Fast-tracked /app/data/T0015/326202/b9060hi/Rufesi/firmware/config/engines/test_engine.h (ext=.h, size=490)
2026-02-25 12:58:33,395 - Knowledge - INFO - Worker kw11 processing /app/data/T0015/326202/b9060hi/Rufesi/firmware/config/engines/dodge_neon.cpp
2026-02-25 12:58:33,663 - Knowledge - INFO - Worker kw8 processing /app/data/T0015/326202/b9060hi/Rufesi/firmware/config/engines/audi_aan.cpp
2026-02-25 12:58:33,674 - Knowledge - INFO - Async storing batch of 8 embeddings
2026-02-25 12:58:33,674 - Knowledge - INFO - Processing batch of 8 files
2026-02-25 12:58:33,675 - Knowledge - INFO - process ingested knowledge for /app/data/T0015/326202/b9060hi/Rufesi/hardware/HighSideSwitch/VN750PS_E.pro
2026-02-25 12:58:33,738 - Knowledge - INFO - Fast-tracked /app/data/T0015/326202/b9060hi/Rufesi/firmware/config/engines/dodge_stratus.h (ext=.h, size=309)
2026-02-25 12:58:33,830 - Knowledge - INFO - Fast-tracked /app/data/T0015/326202/b9060hi/Rufesi/firmware/config/engines/engine_template.h (ext=.h, size=318)
2026-02-25 12:58:33,906 - Knowledge - INFO - Async storage completed for 8 embeddings
2026-02-25 12:58:34,015 - Knowledge - INFO - Fast-tracked /app/data/T0015/326202/b9060hi/Rufesi/firmware/config/engines/honda_600.h (ext=.h, size=287)
2026-02-25 12:58:34,330 - Knowledge - INFO - Fast-tracked /app/data/T0015/326202/b9060hi/Rufesi/firmware/config/engines/MiniCooperR50.cpp (ext=.cpp, size=289)
2026-02-25 12:58:34,429 - Knowledge - INFO - Fast-tracked /app/data/T0015/326202/b9060hi/Rufesi/firmware/config/engines/vw.cpp (ext=.cpp, size=1985)
2026-02-25 12:58:34,537 - Knowledge - INFO - Worker kw13 processing /app/data/T0015/326202/b9060hi/Rufesi/firmware/config/engines/zil130.h
2026-02-25 12:58:34,621 - Knowledge - INFO - Worker kw10 processing /app/data/T0015/326202/b9060hi/Rufesi/firmware/config/engines/lada_kalina.h
2026-02-25 12:58:34,723 - Knowledge - INFO - Worker kw11 processing /app/data/T0015/326202/b9060hi/Rufesi/firmware/config/engines/vw.h
2026-02-25 12:58:34,841 - Knowledge - INFO - Fast-tracked /app/data/T0015/326202/b9060hi/Rufesi/firmware/config/engines/audi_aan.cpp (ext=.cpp, size=1414)
2026-02-25 12:58:34,913 - Knowledge - INFO - Worker kw14 processing /app/data/T0015/326202/b9060hi/Rufesi/firmware/config/engines/mazda_miata_na8.cpp
2026-02-25 12:58:34,994 - Knowledge - INFO - process ingested knowledge for /app/data/T0015/326202/b9060hi/Rufesi/hardware/mini48-stm32/mini48-stm32.pro
2026-02-25 12:58:35,026 - Knowledge - INFO - [kw16] Queue=414, InProgress=0, PendingWorkers=20/20, Completed=934/1454 (64.2%)
2026-02-25 12:58:35,077 - Knowledge - INFO - process ingested knowledge for /app/data/T0015/326202/b9060hi/Rufesi/hardware/963063-15_55_pin_connector/963063-15.pro
2026-02-25 12:58:35,079 - Knowledge - INFO - [kw12] Queue=414, InProgress=0, PendingWorkers=20/20, Completed=934/1454 (64.2%)
2026-02-25 12:58:35,259 - Knowledge - INFO - Worker kw5 processing /app/data/T0015/326202/b9060hi/Rufesi/firmware/config/engines/snow_blower.h
2026-02-25 12:58:35,380 - Knowledge - INFO - Processing batch of 6 files
2026-02-25 12:58:35,418 - Knowledge - INFO - Worker kw15 processing /app/data/T0015/326202/b9060hi/Rufesi/firmware/config/engines/mazda_323.cpp
2026-02-25 12:58:35,499 - Knowledge - INFO - Worker kw18 processing /app/data/T0015/326202/b9060hi/Rufesi/firmware/config/engines/readme.md
2026-02-25 12:58:35,587 - Knowledge - INFO - Worker kw7 processing /app/data/T0015/326202/b9060hi/Rufesi/firmware/config/engines/custom_engine.cpp
2026-02-25 12:58:35,664 - Knowledge - INFO - Fast-tracked /app/data/T0015/326202/b9060hi/Rufesi/firmware/config/engines/zil130.h (ext=.h, size=237)
2026-02-25 12:58:35,760 - Knowledge - INFO - Fast-tracked /app/data/T0015/326202/b9060hi/Rufesi/firmware/config/engines/lada_kalina.h (ext=.h, size=300)
2026-02-25 12:58:35,847 - Knowledge - INFO - Fast-tracked /app/data/T0015/326202/b9060hi/Rufesi/firmware/config/engines/vw.h (ext=.h, size=258)
2026-02-25 12:58:35,914 - Knowledge - INFO - Worker kw8 processing /app/data/T0015/326202/b9060hi/Rufesi/firmware/config/engines/ford_1995_inline_6.h
2026-02-25 12:58:35,987 - Knowledge - INFO - Fast-tracked /app/data/T0015/326202/b9060hi/Rufesi/firmware/config/engines/mazda_miata_na8.cpp (ext=.cpp, size=1179)
2026-02-25 12:58:36,055 - Knowledge - INFO - process ingested knowledge for /app/data/T0015/326202/b9060hi/Rufesi/hardware/mini48-stm32/readme.md
2026-02-25 12:58:36,135 - Knowledge - INFO - Batch sizing: calculated=6, max_allowed=10, queue=414, active_workers=20/20
2026-02-25 12:58:36,247 - Knowledge - INFO - process ingested knowledge for /app/data/T0015/326202/b9060hi/Rufesi/hardware/963063-15_55_pin_connector/readme.md
2026-02-25 12:58:36,328 - Knowledge - INFO - Batch sizing: calculated=6, max_allowed=10, queue=414, active_workers=20/20
2026-02-25 12:58:36,399 - Knowledge - INFO - Fast-tracked /app/data/T0015/326202/b9060hi/Rufesi/firmware/config/engines/snow_blower.h (ext=.h, size=323)
2026-02-25 12:58:36,465 - Knowledge - INFO - process ingested knowledge for /app/data/T0015/326202/b9060hi/Rufesi/firmware/config/engines/chevrolet_camaro_4.cpp
2026-02-25 12:58:36,545 - Knowledge - INFO - Fast-tracked /app/data/T0015/326202/b9060hi/Rufesi/firmware/config/engines/mazda_323.cpp (ext=.cpp, size=474)
2026-02-25 12:58:36,652 - Knowledge - INFO - Fast-tracked /app/data/T0015/326202/b9060hi/Rufesi/firmware/config/engines/readme.md (ext=.md, size=176)
2026-02-25 12:58:36,763 - Knowledge - INFO - Worker kw7 processing /app/data/T0015/326202/b9060hi/Rufesi/firmware/config/engines/rover_v8.h
2026-02-25 12:58:36,831 - Knowledge - INFO - Worker kw13 processing /app/data/T0015/326202/b9060hi/Rufesi/firmware/config/engines/dodge_stratus.cpp
2026-02-25 12:58:36,907 - Knowledge - INFO - Worker kw10 processing /app/data/T0015/326202/b9060hi/Rufesi/firmware/config/engines/mitsubishi.h
2026-02-25 12:58:37,031 - Knowledge - INFO - Worker kw11 processing /app/data/T0015/326202/b9060hi/Rufesi/firmware/config/engines/mazda_miata_1_6.h
2026-02-25 12:58:37,137 - Knowledge - INFO - Fast-tracked /app/data/T0015/326202/b9060hi/Rufesi/firmware/config/engines/ford_1995_inline_6.h (ext=.h, size=297)
2026-02-25 12:58:37,233 - Knowledge - INFO - Worker kw14 processing /app/data/T0015/326202/b9060hi/Rufesi/firmware/config/boards/Prometheus/board_configuration.cpp
2026-02-25 12:58:37,310 - Knowledge - INFO - process ingested knowledge for /app/data/T0015/326202/b9060hi/Rufesi/hardware/VR_Board/known_issues.txt
2026-02-25 12:58:37,383 - Knowledge - INFO - Async storing batch of 8 embeddings
2026-02-25 12:58:37,488 - Knowledge - INFO - process ingested knowledge for /app/data/T0015/326202/b9060hi/Rufesi/hardware/mini48-stm32/known_issues.txt
2026-02-25 12:58:37,570 - Knowledge - INFO - Async storing batch of 8 embeddings
2026-02-25 12:58:37,662 - Knowledge - INFO - Worker kw5 processing /app/data/T0015/326202/b9060hi/Rufesi/firmware/config/engines/bmw_e34.h
2026-02-25 12:58:37,747 - Knowledge - INFO - process ingested knowledge for /app/data/T0015/326202/b9060hi/Rufesi/firmware/config/engines/prometheus.h
2026-02-25 12:58:37,828 - Knowledge - INFO - Worker kw15 processing /app/data/T0015/326202/b9060hi/Rufesi/firmware/config/engines/mazda_miata_nb.h
2026-02-25 12:58:37,956 - Knowledge - INFO - Worker kw18 processing /app/data/T0015/326202/b9060hi/Rufesi/firmware/config/engines/GY6_139QMB.cpp
2026-02-25 12:58:38,029 - Knowledge - INFO - Fast-tracked /app/data/T0015/326202/b9060hi/Rufesi/firmware/config/engines/rover_v8.h (ext=.h, size=311)
2026-02-25 12:58:38,119 - Knowledge - INFO - Fast-tracked /app/data/T0015/326202/b9060hi/Rufesi/firmware/config/engines/dodge_stratus.cpp (ext=.cpp, size=947)
2026-02-25 12:58:38,224 - Knowledge - INFO - Fast-tracked /app/data/T0015/326202/b9060hi/Rufesi/firmware/config/engines/mitsubishi.h (ext=.h, size=262)
2026-02-25 12:58:38,325 - Knowledge - INFO - Fast-tracked /app/data/T0015/326202/b9060hi/Rufesi/firmware/config/engines/mazda_miata_1_6.h (ext=.h, size=458)
2026-02-25 12:58:38,358 - Knowledge - INFO - Async storage completed for 8 embeddings
2026-02-25 12:58:38,392 - Knowledge - INFO - Worker kw8 processing /app/data/T0015/326202/b9060hi/Rufesi/firmware/config/engines/honda_accord.h
2026-02-25 12:58:38,511 - Knowledge - INFO - Worker kw14 processing /app/data/T0015/326202/b9060hi/Rufesi/firmware/config/boards/Prometheus/readme.txt
2026-02-25 12:58:38,572 - Knowledge - INFO - process ingested knowledge for /app/data/T0015/326202/b9060hi/Rufesi/hardware/VR_Board/vrs_io_1.pro
2026-02-25 12:58:38,655 - Knowledge - INFO - Worker kw16 processing /app/data/T0015/326202/b9060hi/Rufesi/firmware/config/boards/Prometheus/halconf.h
2026-02-25 12:58:38,890 - Knowledge - INFO - Worker kw12 processing /app/data/T0015/326202/b9060hi/Rufesi/firmware/config/boards/ST_STM32F4/board.c
2026-02-25 12:58:38,929 - Knowledge - INFO - Async storage completed for 8 embeddings
2026-02-25 12:58:39,023 - Knowledge - INFO - Fast-tracked /app/data/T0015/326202/b9060hi/Rufesi/firmware/config/engines/bmw_e34.h (ext=.h, size=234)
2026-02-25 12:58:39,104 - Knowledge - INFO - process ingested knowledge for /app/data/T0015/326202/b9060hi/Rufesi/firmware/config/engines/engine_template.cpp
2026-02-25 12:58:39,230 - Knowledge - INFO - Fast-tracked /app/data/T0015/326202/b9060hi/Rufesi/firmware/config/engines/mazda_miata_nb.h (ext=.h, size=292)
2026-02-25 12:58:39,319 - Knowledge - INFO - Worker kw18 processing /app/data/T0015/326202/b9060hi/Rufesi/firmware/config/engines/saturn_ion.cpp
2026-02-25 12:58:39,426 - Knowledge - INFO - Worker kw7 processing /app/data/T0015/326202/b9060hi/Rufesi/firmware/config/engines/nissan_primera.h
2026-02-25 12:58:39,529 - Knowledge - INFO - Worker kw13 processing /app/data/T0015/326202/b9060hi/Rufesi/firmware/config/engines/mazda_miata.cpp
2026-02-25 12:58:39,584 - Knowledge - INFO - Async storage completed for 8 embeddings
2026-02-25 12:58:39,613 - Knowledge - INFO - Worker kw10 processing /app/data/T0015/326202/b9060hi/Rufesi/firmware/config/engines/suzuki_vitara.h
2026-02-25 12:58:39,714 - Knowledge - INFO - Worker kw11 processing /app/data/T0015/326202/b9060hi/Rufesi/firmware/config/engines/toyota_jzs147.cpp
2026-02-25 12:58:39,945 - Knowledge - INFO - Fast-tracked /app/data/T0015/326202/b9060hi/Rufesi/firmware/config/engines/honda_accord.h (ext=.h, size=718)
2026-02-25 12:58:40,025 - Knowledge - INFO - Fast-tracked /app/data/T0015/326202/b9060hi/Rufesi/firmware/config/boards/Prometheus/readme.txt (ext=.txt, size=108)
2026-02-25 12:58:40,157 - Knowledge - INFO - process ingested knowledge for /app/data/T0015/326202/b9060hi/Rufesi/hardware/VR_Board/readme.md
2026-02-25 12:58:40,196 - Knowledge - INFO - Fast-tracked /app/data/T0015/326202/b9060hi/Rufesi/firmware/config/boards/Prometheus/halconf.h (ext=.h, size=681)
2026-02-25 12:58:40,271 - Knowledge - INFO - Worker kw12 processing /app/data/T0015/326202/b9060hi/Rufesi/firmware/config/boards/NUCLEO_F767/board_configuration.cpp
2026-02-25 12:58:40,475 - Knowledge - INFO - [kw1] Queue=402, InProgress=0, PendingWorkers=20/20, Completed=940/1454 (64.6%)
2026-02-25 12:58:40,482 - Knowledge - INFO - Worker kw5 processing /app/data/T0015/326202/b9060hi/Rufesi/firmware/config/engines/ford_fiesta.cpp
2026-02-25 12:58:40,555 - Knowledge - INFO - process ingested knowledge for /app/data/T0015/326202/b9060hi/Rufesi/firmware/config/engines/snow_blower.cpp
2026-02-25 12:58:40,643 - Knowledge - INFO - Worker kw15 processing /app/data/T0015/326202/b9060hi/Rufesi/firmware/config/engines/mazda_miata_vvt.h
2026-02-25 12:58:40,733 - Knowledge - INFO - Fast-tracked /app/data/T0015/326202/b9060hi/Rufesi/firmware/config/engines/saturn_ion.cpp (ext=.cpp, size=312)
2026-02-25 12:58:40,775 - Knowledge - INFO - Async storage completed for 8 embeddings
2026-02-25 12:58:40,803 - Knowledge - INFO - Fast-tracked /app/data/T0015/326202/b9060hi/Rufesi/firmware/config/engines/nissan_primera.h (ext=.h, size=476)
2026-02-25 12:58:40,886 - Knowledge - INFO - Worker kw13 processing /app/data/T0015/326202/b9060hi/Rufesi/firmware/config/engines/daihatsu.h
2026-02-25 12:58:41,101 - Knowledge - INFO - Fast-tracked /app/data/T0015/326202/b9060hi/Rufesi/firmware/config/engines/suzuki_vitara.h (ext=.h, size=311)
2026-02-25 12:58:41,199 - Knowledge - INFO - Worker kw11 processing /app/data/T0015/326202/b9060hi/Rufesi/firmware/config/engines/subaru.cpp
2026-02-25 12:58:41,276 - Knowledge - INFO - Worker kw8 processing /app/data/T0015/326202/b9060hi/Rufesi/firmware/config/engines/mazda_626.cpp
2026-02-25 12:58:41,363 - Knowledge - INFO - Worker kw14 processing /app/data/T0015/326202/b9060hi/Rufesi/firmware/config/boards/Prometheus/board.h
2026-02-25 12:58:41,452 - Knowledge - INFO - process ingested knowledge for /app/data/T0015/326202/b9060hi/Rufesi/hardware/Snake____1/readme.txt
2026-02-25 12:58:41,527 - Knowledge - INFO - Worker kw16 processing /app/data/T0015/326202/b9060hi/Rufesi/firmware/config/boards/Prometheus/board.c
2026-02-25 12:58:41,630 - Knowledge - INFO - Worker kw12 processing /app/data/T0015/326202/b9060hi/Rufesi/firmware/config/boards/NUCLEO_F767/readme.txt
2026-02-25 12:58:41,730 - Knowledge - INFO - Batch sizing: calculated=6, max_allowed=10, queue=402, active_workers=20/20
2026-02-25 12:58:41,825 - Knowledge - INFO - Fast-tracked /app/data/T0015/326202/b9060hi/Rufesi/firmware/config/engines/ford_fiesta.cpp (ext=.cpp, size=1204)
2026-02-25 12:58:41,947 - Knowledge - INFO - process ingested knowledge for /app/data/T0015/326202/b9060hi/Rufesi/firmware/config/engines/ford_festiva.h
2026-02-25 12:58:42,044 - Knowledge - INFO - Fast-tracked /app/data/T0015/326202/b9060hi/Rufesi/firmware/config/engines/mazda_miata_vvt.h (ext=.h, size=703)
2026-02-25 12:58:42,461 - Knowledge - INFO - Fast-tracked /app/data/T0015/326202/b9060hi/Rufesi/firmware/config/engines/daihatsu.h (ext=.h, size=174)
2026-02-25 12:58:42,549 - Knowledge - INFO - Worker kw10 processing /app/data/T0015/326202/b9060hi/Rufesi/firmware/config/engines/chevrolet_camaro_4.h
2026-02-25 12:58:42,639 - Knowledge - INFO - Async storage completed for 8 embeddings
2026-02-25 12:58:42,670 - Knowledge - INFO - Fast-tracked /app/data/T0015/326202/b9060hi/Rufesi/firmware/config/engines/subaru.cpp (ext=.cpp, size=1203)
2026-02-25 12:58:42,821 - Knowledge - INFO - Fast-tracked /app/data/T0015/326202/b9060hi/Rufesi/firmware/config/engines/sachs.cpp (small file (3007 bytes))
2026-02-25 12:58:42,883 - Knowledge - INFO - Fast-tracked /app/data/T0015/326202/b9060hi/Rufesi/firmware/config/boards/Prometheus/board.h (ext=.h, size=104004)
2026-02-25 12:58:42,957 - Knowledge - INFO - process ingested knowledge for /app/data/T0015/326202/b9060hi/Rufesi/hardware/Snake____1/M52.pro
2026-02-25 12:58:43,028 - Knowledge - INFO - Worker kw16 processing /app/data/T0015/326202/b9060hi/Rufesi/firmware/config/boards/Prometheus/efifeatures.h
2026-02-25 12:58:43,138 - Knowledge - INFO - Fast-tracked /app/data/T0015/326202/b9060hi/Rufesi/firmware/config/boards/NUCLEO_F767/readme.txt (ext=.txt, size=49)
2026-02-25 12:58:43,213 - Knowledge - INFO - Async storing batch of 8 embeddings
2026-02-25 12:58:43,349 - Knowledge - INFO - Worker kw5 processing /app/data/T0015/326202/b9060hi/Rufesi/firmware/config/engines/engines.mk
2026-02-25 12:58:43,469 - Knowledge - INFO - process ingested knowledge for /app/data/T0015/326202/b9060hi/Rufesi/firmware/config/engines/mazda_323.h
2026-02-25 12:58:43,587 - Knowledge - INFO - Worker kw15 processing /app/data/T0015/326202/b9060hi/Rufesi/firmware/config/engines/prometheus.cpp
2026-02-25 12:58:43,768 - Knowledge - INFO - Fast-tracked /app/data/T0015/326202/b9060hi/Rufesi/firmware/config/engines/chevrolet_camaro_4.h (ext=.h, size=324)
2026-02-25 12:58:44,074 - Knowledge - INFO - Fast-tracked /app/data/T0015/326202/b9060hi/Rufesi/firmware/config/engines/dodge_ram.cpp (small file (2844 bytes))
2026-02-25 12:58:44,153 - Knowledge - INFO - Worker kw14 processing /app/data/T0015/326202/b9060hi/Rufesi/firmware/config/boards/Prometheus/board.mk
2026-02-25 12:58:44,161 - Knowledge - INFO - [LLM_CALL] Completed: mcuconf.h:chunk1, Duration: 8914ms, PromptTokens: 4276, CompletionTokens: 180, Cost: $0.00050
2026-02-25 12:58:44,230 - Knowledge - INFO - process ingested knowledge for /app/data/T0015/326202/b9060hi/Rufesi/firmware/integration/rusefi_template.xml
2026-02-25 12:58:44,311 - Knowledge - INFO - Worker kw16 processing /app/data/T0015/326202/b9060hi/Rufesi/firmware/config/boards/ST_STM32F4/readme.txt
2026-02-25 12:58:44,421 - Knowledge - INFO - Worker kw12 processing /app/data/T0015/326202/b9060hi/Rufesi/firmware/config/boards/NUCLEO_F767/board.h
2026-02-25 12:58:44,549 - Knowledge - INFO - Worker kw1 processing /app/data/T0015/326202/b9060hi/Rufesi/firmware/config/stm32f7ems/mcuconf.h
2026-02-25 12:58:44,624 - Knowledge - INFO - Worker kw5 processing /app/data/T0015/326202/b9060hi/Rufesi/firmware/config/engines/ford_aspire.cpp
2026-02-25 12:58:44,776 - Knowledge - INFO - Fast-tracked /app/data/T0015/326202/b9060hi/Rufesi/firmware/config/engines/prometheus.cpp (ext=.cpp, size=217)
2026-02-25 12:58:44,880 - Knowledge - INFO - Worker kw10 processing /app/data/T0015/326202/b9060hi/Rufesi/firmware/config/engines/gm_2_2.cpp
2026-02-25 12:58:45,057 - Knowledge - INFO - Fast-tracked /app/data/T0015/326202/b9060hi/Rufesi/firmware/config/boards/Prometheus/board.mk (ext=.mk, size=573)
2026-02-25 12:58:45,132 - Knowledge - INFO - done ingest for /app/data/T0015/326202/b9060hi/Rufesi/firmware/config/stm32f1egt/mcuconf.h
2026-02-25 12:58:45,322 - Knowledge - INFO - [LLM_CALL] Completed: bmw_e34.cpp:chunk1, Duration: 11224ms, PromptTokens: 3838, CompletionTokens: 322, Cost: $0.00051
2026-02-25 12:58:45,340 - Knowledge - INFO - Fast-tracked /app/data/T0015/326202/b9060hi/Rufesi/firmware/config/boards/ST_STM32F4/readme.txt (ext=.txt, size=218)
2026-02-25 12:58:45,458 - Knowledge - INFO - Fast-tracked /app/data/T0015/326202/b9060hi/Rufesi/firmware/config/boards/NUCLEO_F767/board.h (ext=.h, size=114319)
2026-02-25 12:58:45,577 - Knowledge - INFO - Worker kw1 processing /app/data/T0015/326202/b9060hi/Rufesi/firmware/config/stm32f7ems/halconf.h
2026-02-25 12:58:45,780 - Knowledge - INFO - Fast-tracked /app/data/T0015/326202/b9060hi/Rufesi/firmware/config/engines/engines.mk (small file (2150 bytes))
2026-02-25 12:58:45,790 - Knowledge - INFO - Async storage completed for 8 embeddings
2026-02-25 12:58:45,898 - Knowledge - INFO - Fast-tracked /app/data/T0015/326202/b9060hi/Rufesi/firmware/config/engines/gm_2_2.cpp (ext=.cpp, size=472)
2026-02-25 12:58:45,964 - Knowledge - INFO - Worker kw14 processing /app/data/T0015/326202/b9060hi/Rufesi/firmware/config/boards/Prometheus/mcuconf.h
2026-02-25 12:58:46,164 - Knowledge - INFO - done ingest for /app/data/T0015/326202/b9060hi/Rufesi/firmware/config/engines/bmw_e34.cpp
2026-02-25 12:58:46,295 - Knowledge - INFO - Worker kw16 processing /app/data/T0015/326202/b9060hi/Rufesi/firmware/config/boards/ST_STM32F4/board.h
2026-02-25 12:58:46,369 - Knowledge - INFO - Worker kw12 processing /app/data/T0015/326202/b9060hi/Rufesi/firmware/config/boards/NUCLEO_F767/board.mk
2026-02-25 12:58:46,489 - Knowledge - INFO - Worker kw1 processing /app/data/T0015/326202/b9060hi/Rufesi/firmware/config/stm32f7ems/efifeatures.h
2026-02-25 12:58:46,877 - Knowledge - INFO - Async storage completed for 8 embeddings
2026-02-25 12:58:46,972 - Knowledge - INFO - Fast-tracked /app/data/T0015/326202/b9060hi/Rufesi/firmware/config/boards/Prometheus/mcuconf.h (ext=.h, size=1669)
2026-02-25 12:58:47,073 - Knowledge - INFO - [LLM_CALL] Completed: rover_v8.cpp:chunk1, Duration: 12859ms, PromptTokens: 4252, CompletionTokens: 316, Cost: $0.00055
2026-02-25 12:58:47,229 - Knowledge - INFO - Worker kw16 processing /app/data/T0015/326202/b9060hi/Rufesi/firmware/config/boards/ST_STM32F4/board.mk
2026-02-25 12:58:47,332 - Knowledge - INFO - Async storage completed for 8 embeddings
2026-02-25 12:58:47,364 - Knowledge - INFO - Fast-tracked /app/data/T0015/326202/b9060hi/Rufesi/firmware/config/boards/NUCLEO_F767/board.mk (ext=.mk, size=454)
2026-02-25 12:58:47,500 - Knowledge - INFO - Worker kw1 processing /app/data/T0015/326202/b9060hi/Rufesi/firmware/config/stm32f7ems/chconf.h
2026-02-25 12:58:47,895 - Knowledge - INFO - done ingest for /app/data/T0015/326202/b9060hi/Rufesi/firmware/config/engines/rover_v8.cpp
2026-02-25 12:58:47,932 - Knowledge - INFO - [LLM_CALL] Completed: mazda_miata_nb.cpp:chunk1, Duration: 10728ms, PromptTokens: 2766, CompletionTokens: 233, Cost: $0.00037
2026-02-25 12:58:48,003 - Knowledge - INFO - [kw9] Queue=396, InProgress=0, PendingWorkers=20/20, Completed=943/1454 (64.9%)
2026-02-25 12:58:48,040 - Knowledge - INFO - Fast-tracked /app/data/T0015/326202/b9060hi/Rufesi/firmware/config/boards/ST_STM32F4/board.mk (ext=.mk, size=234)
2026-02-25 12:58:48,292 - Knowledge - INFO - Worker kw12 processing /app/data/T0015/326202/b9060hi/Rufesi/firmware/config/boards/NUCLEO_F767/board.c
2026-02-25 12:58:48,397 - Knowledge - INFO - Worker kw1 processing /app/data/T0015/326202/b9060hi/Rufesi/firmware/config/stm32f0egt/mcuconf.h
2026-02-25 12:58:48,670 - Knowledge - INFO - done ingest for /app/data/T0015/326202/b9060hi/Rufesi/firmware/config/engines/mazda_miata_nb.cpp
2026-02-25 12:58:48,789 - Knowledge - INFO - Batch sizing: calculated=6, max_allowed=10, queue=396, active_workers=20/20
2026-02-25 12:58:49,112 - Knowledge - INFO - [WEBSOCKET] Sent: Type=progress_update, Size: 293, Duration: 0ms
2026-02-25 12:58:49,318 - Knowledge - INFO - Worker kw1 processing /app/data/T0015/326202/b9060hi/Rufesi/firmware/config/stm32f0egt/halconf.h
2026-02-25 12:58:49,586 - Knowledge - INFO - [WEBSOCKET] Sent: Type=unknown, Size: ?, Duration: 474ms
2026-02-25 12:58:49,827 - Knowledge - INFO - Progress: 65.5% | Files: 953/1454 | Rate: 1.63 files/sec | Queue: 390
2026-02-25 12:58:49,881 - Knowledge - INFO - Async storing batch of 6 embeddings
2026-02-25 12:58:50,048 - Knowledge - INFO - [kw19] Queue=390, InProgress=0, PendingWorkers=20/20, Completed=960/1454 (66.0%)
2026-02-25 12:58:50,099 - Knowledge - INFO - Processing batch of 6 files
2026-02-25 12:58:50,213 - Knowledge - INFO - Worker kw9 processing /app/data/T0015/326202/b9060hi/Rufesi/firmware/config/stm32f0egt/efifeatures.h
2026-02-25 12:58:50,310 - Knowledge - INFO - Processing batch of 6 files
2026-02-25 12:58:50,368 - Knowledge - INFO - Batch sizing: calculated=6, max_allowed=10, queue=390, active_workers=20/20
2026-02-25 12:58:50,512 - Knowledge - INFO - process ingested knowledge for /app/data/T0015/326202/b9060hi/Rufesi/firmware/config/engines/geo_storm.h
2026-02-25 12:58:50,518 - Knowledge - INFO - Processing batch of 8 files
2026-02-25 12:58:50,662 - Knowledge - INFO - Processing batch of 8 files
2026-02-25 12:58:50,749 - Knowledge - INFO - Fast-tracked /app/data/T0015/326202/b9060hi/Rufesi/firmware/config/stm32f0egt/efifeatures.h (ext=.h, size=1398)
2026-02-25 12:58:50,879 - Knowledge - INFO - process ingested knowledge for /app/data/T0015/326202/b9060hi/Rufesi/firmware/config/engines/test_engine.h
2026-02-25 12:58:51,008 - Knowledge - INFO - Async storing batch of 8 embeddings
2026-02-25 12:58:51,165 - Knowledge - INFO - process ingested knowledge for /app/data/T0015/326202/b9060hi/Rufesi/firmware/config/engines/honda_600.h
2026-02-25 12:58:51,283 - Knowledge - INFO - process ingested knowledge for /app/data/T0015/326202/b9060hi/Rufesi/firmware/config/engines/gm_2_2.h
2026-02-25 12:58:51,311 - Knowledge - INFO - Async storage completed for 8 embeddings
2026-02-25 12:58:51,510 - Knowledge - INFO - process ingested knowledge for /app/data/T0015/326202/b9060hi/Rufesi/firmware/config/engines/dodge_ram.h
2026-02-25 12:58:51,575 - Knowledge - INFO - Worker kw9 processing /app/data/T0015/326202/b9060hi/Rufesi/firmware/config/stm32f0egt/mpu_util.h
2026-02-25 12:58:51,599 - Knowledge - INFO - [LLM_CALL] Completed: halconf.h:chunk1, Duration: 20529ms, PromptTokens: 4532, CompletionTokens: 387, Cost: $0.00061
2026-02-25 12:58:51,682 - Knowledge - INFO - process ingested knowledge for /app/data/T0015/326202/b9060hi/Rufesi/firmware/config/engines/lada_kalina.h
2026-02-25 12:58:51,758 - Knowledge - INFO - Worker kw19 processing /app/data/T0015/326202/b9060hi/Rufesi/firmware/tunerstudio/readme.txt
2026-02-25 12:58:51,868 - Knowledge - INFO - process ingested knowledge for /app/data/T0015/326202/b9060hi/Rufesi/firmware/config/engines/mazda_323.cpp
2026-02-25 12:58:51,918 - Knowledge - INFO - Async storage completed for 8 embeddings
2026-02-25 12:58:51,958 - Knowledge - INFO - process ingested knowledge for /app/data/T0015/326202/b9060hi/Rufesi/firmware/config/engines/ford_fiesta.h
2026-02-25 12:58:52,150 - Knowledge - INFO - process ingested knowledge for /app/data/T0015/326202/b9060hi/Rufesi/firmware/config/engines/zil130.cpp
2026-02-25 12:58:52,349 - Knowledge - INFO - Fast-tracked /app/data/T0015/326202/b9060hi/Rufesi/firmware/config/stm32f0egt/mpu_util.h (ext=.h, size=31)
2026-02-25 12:58:52,479 - Knowledge - INFO - done ingest for /app/data/T0015/326202/b9060hi/Rufesi/firmware/config/stm32f1egt/halconf.h
2026-02-25 12:58:52,594 - Knowledge - INFO - process ingested knowledge for /app/data/T0015/326202/b9060hi/Rufesi/firmware/config/engines/mitsubishi.h
2026-02-25 12:58:52,785 - Knowledge - INFO - Fast-tracked /app/data/T0015/326202/b9060hi/Rufesi/firmware/tunerstudio/readme.txt (ext=.txt, size=136)
2026-02-25 12:58:52,908 - Knowledge - INFO - process ingested knowledge for /app/data/T0015/326202/b9060hi/Rufesi/firmware/config/engines/mazda_miata_nb.h
2026-02-25 12:58:53,111 - Knowledge - INFO - [LLM_CALL] Completed: halconf_community.h:chunk1, Duration: 20780ms, PromptTokens: 2666, CompletionTokens: 293, Cost: $0.00038
2026-02-25 12:58:53,148 - Knowledge - INFO - process ingested knowledge for /app/data/T0015/326202/b9060hi/Rufesi/firmware/config/engines/MiniCooperR50.h
2026-02-25 12:58:53,246 - Knowledge - INFO - process ingested knowledge for /app/data/T0015/326202/b9060hi/Rufesi/firmware/config/engines/chevrolet_c20_1973.cpp
2026-02-25 12:58:53,373 - Knowledge - INFO - Worker kw9 processing /app/data/T0015/326202/b9060hi/Rufesi/firmware/config/stm32f0egt/chconf.h
2026-02-25 12:58:53,638 - Knowledge - INFO - process ingested knowledge for /app/data/T0015/326202/b9060hi/Rufesi/firmware/config/engines/suzuki_vitara.h
2026-02-25 12:58:53,780 - Knowledge - INFO - Worker kw19 processing /app/data/T0015/326202/b9060hi/Rufesi/firmware/tunerstudio/docs/readme.MD
2026-02-25 12:58:53,934 - Knowledge - INFO - process ingested knowledge for /app/data/T0015/326202/b9060hi/Rufesi/firmware/config/engines/mazda_miata_vvt.h
2026-02-25 12:58:54,076 - Knowledge - INFO - done ingest for /app/data/T0015/326202/b9060hi/Rufesi/firmware/config/stm32f4ems/halconf_community.h
2026-02-25 12:58:54,186 - Knowledge - INFO - process ingested knowledge for /app/data/T0015/326202/b9060hi/Rufesi/firmware/config/engines/mitsubishi.cpp
2026-02-25 12:58:54,262 - Knowledge - INFO - process ingested knowledge for /app/data/T0015/326202/b9060hi/Rufesi/firmware/config/engines/mazda_miata_na8.h
2026-02-25 12:58:54,411 - Knowledge - INFO - Worker kw9 processing /app/data/T0015/326202/b9060hi/Rufesi/firmware/config/stm32f0egt/global.h
2026-02-25 12:58:54,547 - Knowledge - INFO - process ingested knowledge for /app/data/T0015/326202/b9060hi/Rufesi/firmware/config/engines/chevrolet_camaro_4.h
2026-02-25 12:58:54,666 - Knowledge - INFO - Fast-tracked /app/data/T0015/326202/b9060hi/Rufesi/firmware/tunerstudio/docs/readme.MD (ext=.md, size=105)
2026-02-25 12:58:54,774 - Knowledge - INFO - process ingested knowledge for /app/data/T0015/326202/b9060hi/Rufesi/firmware/config/engines/prometheus.cpp
2026-02-25 12:58:55,269 - Knowledge - INFO - process ingested knowledge for /app/data/T0015/326202/b9060hi/Rufesi/firmware/config/engines/citroenBerlingoTU3JP.h
2026-02-25 12:58:55,404 - Knowledge - INFO - process ingested knowledge for /app/data/T0015/326202/b9060hi/Rufesi/firmware/config/engines/ford_aspire.h
2026-02-25 12:58:55,583 - Knowledge - INFO - Fast-tracked /app/data/T0015/326202/b9060hi/Rufesi/firmware/config/stm32f0egt/global.h (ext=.h, size=213)
2026-02-25 12:58:55,706 - Knowledge - INFO - process ingested knowledge for /app/data/T0015/326202/b9060hi/Rufesi/firmware/config/engines/gm_2_2.cpp
2026-02-25 12:58:55,862 - Knowledge - INFO - Worker kw19 processing /app/data/T0015/326202/b9060hi/Rufesi/firmware/util/LocalVersionHolder.cpp
2026-02-25 12:58:55,960 - Knowledge - INFO - [LLM_CALL] Completed: ford_1995_inline_6.cpp:chunk1, Duration: 16013ms, PromptTokens: 2882, CompletionTokens: 280, Cost: $0.00040
2026-02-25 12:58:56,375 - Knowledge - INFO - Worker kw9 processing /app/data/T0015/326202/b9060hi/Rufesi/firmware/main.cpp
2026-02-25 12:58:56,408 - Knowledge - INFO - process ingested knowledge for /app/data/T0015/326202/b9060hi/Rufesi/firmware/config/engines/lada_kalina.cpp
2026-02-25 12:58:56,438 - Knowledge - INFO - process ingested knowledge for /app/data/T0015/326202/b9060hi/Rufesi/firmware/config/engines/daihatsu.cpp
2026-02-25 12:58:56,548 - Knowledge - INFO - Async storage completed for 8 embeddings
2026-02-25 12:58:56,718 - Knowledge - INFO - Fast-tracked /app/data/T0015/326202/b9060hi/Rufesi/firmware/util/LocalVersionHolder.cpp (ext=.cpp, size=495)
2026-02-25 12:58:56,797 - Knowledge - INFO - done ingest for /app/data/T0015/326202/b9060hi/Rufesi/firmware/config/engines/ford_1995_inline_6.cpp
2026-02-25 12:58:57,031 - Knowledge - INFO - Fast-tracked /app/data/T0015/326202/b9060hi/Rufesi/firmware/main.cpp (ext=.cpp, size=351)
2026-02-25 12:58:57,435 - Knowledge - INFO - process ingested knowledge for /app/data/T0015/326202/b9060hi/Rufesi/firmware/config/engines/bmw_e34.cpp
2026-02-25 12:58:58,074 - Knowledge - INFO - [LLM_CALL] Completed: mazda_miata_vvt.cpp:chunk1, Duration: 25417ms, PromptTokens: 45714, CompletionTokens: 536, Cost: $0.00479
2026-02-25 12:58:58,166 - Knowledge - INFO - Worker kw19 processing /app/data/T0015/326202/b9060hi/Rufesi/firmware/util/rfiutil.c
2026-02-25 12:58:58,277 - Knowledge - INFO - process ingested knowledge for /app/data/T0015/326202/b9060hi/Rufesi/firmware/config/engines/nissan_primera.cpp
2026-02-25 12:58:58,576 - Knowledge - INFO - Worker kw9 processing /app/data/T0015/326202/b9060hi/Rufesi/firmware/tunerstudio/rusefi.ini
2026-02-25 12:58:58,894 - Knowledge - INFO - done ingest for /app/data/T0015/326202/b9060hi/Rufesi/firmware/config/engines/mazda_miata_vvt.cpp
2026-02-25 12:58:59,155 - Knowledge - INFO - Fast-tracked /app/data/T0015/326202/b9060hi/Rufesi/firmware/util/rfiutil.c (ext=.c, size=1891)
2026-02-25 12:58:59,339 - Knowledge - INFO - process ingested knowledge for /app/data/T0015/326202/b9060hi/Rufesi/firmware/config/engines/suzuki_vitara.cpp
2026-02-25 12:58:59,342 - Knowledge - INFO - process ingested knowledge for /app/data/T0015/326202/b9060hi/Rufesi/firmware/config/engines/rover_v8.cpp
2026-02-25 12:58:59,397 - Knowledge - INFO - [LLM_CALL] Completed: mazda_626.cpp:chunk1, Duration: 14265ms, PromptTokens: 2596, CompletionTokens: 349, Cost: $0.00040
2026-02-25 12:58:59,494 - Knowledge - INFO - Fast-tracked /app/data/T0015/326202/b9060hi/Rufesi/firmware/tunerstudio/rusefi.ini (ext=.ini, size=360686)
2026-02-25 12:58:59,751 - Knowledge - INFO - Worker kw19 processing /app/data/T0015/326202/b9060hi/Rufesi/firmware/util/histogram.h
2026-02-25 12:59:00,240 - Knowledge - INFO - done ingest for /app/data/T0015/326202/b9060hi/Rufesi/firmware/config/engines/mazda_626.cpp
2026-02-25 12:59:00,442 - Knowledge - INFO - Fast-tracked /app/data/T0015/326202/b9060hi/Rufesi/firmware/config/boards/Prometheus/efifeatures.h (small file (2488 bytes))
2026-02-25 12:59:00,539 - Knowledge - INFO - Fast-tracked /app/data/T0015/326202/b9060hi/Rufesi/firmware/util/histogram.h (ext=.h, size=989)
2026-02-25 12:59:00,932 - Knowledge - INFO - Worker kw19 processing /app/data/T0015/326202/b9060hi/Rufesi/firmware/util/data_buffer.c
2026-02-25 12:59:01,037 - Knowledge - INFO - Split /app/data/T0015/326202/b9060hi/Rufesi/firmware/config/boards/ST_STM32F4/board.h (85494 bytes) into 3 chunks of ~32KB
2026-02-25 12:59:01,226 - Knowledge - INFO - Async storage completed for 8 embeddings
2026-02-25 12:59:01,351 - Knowledge - INFO - Fast-tracked /app/data/T0015/326202/b9060hi/Rufesi/firmware/util/data_buffer.c (ext=.c, size=1561)
2026-02-25 12:59:01,955 - Knowledge - INFO - Async storage completed for 8 embeddings
2026-02-25 12:59:02,124 - Knowledge - INFO - Async storage completed for 8 embeddings
2026-02-25 12:59:04,410 - Knowledge - INFO - [kw15] Queue=384, InProgress=0, PendingWorkers=20/20, Completed=976/1454 (67.1%)
2026-02-25 12:59:04,505 - Knowledge - INFO - [kw10] Queue=384, InProgress=0, PendingWorkers=20/20, Completed=978/1454 (67.3%)
2026-02-25 12:59:04,728 - Knowledge - INFO - Batch sizing: calculated=6, max_allowed=10, queue=384, active_workers=20/20
2026-02-25 12:59:04,969 - Knowledge - INFO - Batch sizing: calculated=6, max_allowed=10, queue=384, active_workers=20/20
2026-02-25 12:59:05,781 - Knowledge - INFO - Async storage completed for 8 embeddings
2026-02-25 12:59:05,866 - Knowledge - INFO - Async storing batch of 6 embeddings
2026-02-25 12:59:05,872 - Knowledge - INFO - Async storing batch of 6 embeddings
2026-02-25 12:59:06,479 - Knowledge - INFO - Worker kw15 processing /app/data/T0015/326202/b9060hi/Rufesi/firmware/util/util.mk
2026-02-25 12:59:06,717 - Knowledge - INFO - Worker kw10 processing /app/data/T0015/326202/b9060hi/Rufesi/firmware/util/cli_registry.h
2026-02-25 12:59:06,828 - Knowledge - INFO - Fast-tracked /app/data/T0015/326202/b9060hi/Rufesi/firmware/util/util.mk (ext=.mk, size=538)
2026-02-25 12:59:07,081 - Knowledge - INFO - Worker kw10 processing /app/data/T0015/326202/b9060hi/Rufesi/firmware/util/cyclic_buffer.h
2026-02-25 12:59:07,129 - Knowledge - INFO - [LLM_CALL] Completed: ford_aspire.cpp:chunk1, Duration: 20458ms, PromptTokens: 10556, CompletionTokens: 387, Cost: $0.00121
2026-02-25 12:59:07,228 - Knowledge - INFO - Worker kw15 processing /app/data/T0015/326202/b9060hi/Rufesi/firmware/util/efilib.cpp
2026-02-25 12:59:07,507 - Knowledge - INFO - Worker kw10 processing /app/data/T0015/326202/b9060hi/Rufesi/firmware/util/loggingcentral.h
2026-02-25 12:59:07,602 - Knowledge - INFO - done ingest for /app/data/T0015/326202/b9060hi/Rufesi/firmware/config/engines/ford_aspire.cpp
2026-02-25 12:59:07,642 - Knowledge - INFO - [LLM_CALL] Completed: halconf.h:chunk1, Duration: 6092ms, PromptTokens: 5512, CompletionTokens: 438, Cost: $0.00073
2026-02-25 12:59:07,799 - Knowledge - INFO - Worker kw15 processing /app/data/T0015/326202/b9060hi/Rufesi/firmware/util/biquad.h
2026-02-25 12:59:07,996 - Knowledge - INFO - Fast-tracked /app/data/T0015/326202/b9060hi/Rufesi/firmware/util/loggingcentral.h (ext=.h, size=347)
2026-02-25 12:59:08,265 - Knowledge - INFO - done ingest for /app/data/T0015/326202/b9060hi/Rufesi/firmware/config/stm32f4ems/halconf.h
2026-02-25 12:59:08,300 - Knowledge - INFO - [LLM_CALL] Completed: mazda_miata.cpp:chunk1, Duration: 24636ms, PromptTokens: 20630, CompletionTokens: 719, Cost: $0.00235
2026-02-25 12:59:08,430 - Knowledge - INFO - Fast-tracked /app/data/T0015/326202/b9060hi/Rufesi/firmware/util/biquad.h (ext=.h, size=416)
2026-02-25 12:59:08,613 - Knowledge - INFO - Worker kw10 processing /app/data/T0015/326202/b9060hi/Rufesi/firmware/util/efilib2.cpp
2026-02-25 12:59:08,890 - Knowledge - INFO - done ingest for /app/data/T0015/326202/b9060hi/Rufesi/firmware/config/engines/mazda_miata.cpp
2026-02-25 12:59:08,909 - Knowledge - INFO - [LLM_CALL] Completed: chconf.h:chunk1, Duration: 8441ms, PromptTokens: 8140, CompletionTokens: 497, Cost: $0.00101
2026-02-25 12:59:09,062 - Knowledge - INFO - Worker kw15 processing /app/data/T0015/326202/b9060hi/Rufesi/firmware/util/readme.txt
2026-02-25 12:59:09,243 - Knowledge - INFO - Fast-tracked /app/data/T0015/326202/b9060hi/Rufesi/firmware/util/efilib2.cpp (ext=.cpp, size=1259)
2026-02-25 12:59:09,551 - Knowledge - INFO - done ingest for /app/data/T0015/326202/b9060hi/Rufesi/firmware/config/stm32f1egt/chconf.h
2026-02-25 12:59:09,613 - Knowledge - INFO - [LLM_CALL] Completed: test_engine.cpp:chunk1, Duration: 34425ms, PromptTokens: 2320, CompletionTokens: 381, Cost: $0.00038
2026-02-25 12:59:09,649 - Knowledge - INFO - Async storage completed for 8 embeddings
2026-02-25 12:59:09,720 - Knowledge - INFO - Fast-tracked /app/data/T0015/326202/b9060hi/Rufesi/firmware/util/readme.txt (ext=.txt, size=130)
2026-02-25 12:59:09,782 - Knowledge - INFO - Worker kw10 processing /app/data/T0015/326202/b9060hi/Rufesi/firmware/util/crc.h
2026-02-25 12:59:09,997 - Knowledge - INFO - Async storage completed for 6 embeddings
2026-02-25 12:59:10,068 - Knowledge - INFO - done ingest for /app/data/T0015/326202/b9060hi/Rufesi/firmware/config/engines/test_engine.cpp
2026-02-25 12:59:10,283 - Knowledge - INFO - Processing batch of 6 files
2026-02-25 12:59:10,391 - Knowledge - INFO - Processing batch of 6 files
2026-02-25 12:59:10,431 - Knowledge - INFO - Worker kw15 processing /app/data/T0015/326202/b9060hi/Rufesi/firmware/util/datalogging.cpp
2026-02-25 12:59:10,448 - Knowledge - INFO - [WEBSOCKET] Sent: Type=progress_update, Size: 293, Duration: 0ms
2026-02-25 12:59:10,576 - Knowledge - INFO - Fast-tracked /app/data/T0015/326202/b9060hi/Rufesi/firmware/util/crc.h (ext=.h, size=469)
2026-02-25 12:59:10,992 - Knowledge - INFO - process ingested knowledge for /app/data/T0015/326202/b9060hi/Rufesi/firmware/tunerstudio/readme.txt
2026-02-25 12:59:11,212 - Knowledge - INFO - process ingested knowledge for /app/data/T0015/326202/b9060hi/Rufesi/firmware/config/engines/sachs.cpp
2026-02-25 12:59:11,285 - Knowledge - INFO - Fast-tracked /app/data/T0015/326202/b9060hi/Rufesi/firmware/config/stm32f7ems/efifeatures.h (small file (2659 bytes))
2026-02-25 12:59:11,605 - Knowledge - INFO - Worker kw15 processing /app/data/T0015/326202/b9060hi/Rufesi/firmware/util/listener_array.h
2026-02-25 12:59:11,654 - Knowledge - INFO - Async storage completed for 8 embeddings
2026-02-25 12:59:11,828 - Knowledge - INFO - Worker kw10 processing /app/data/T0015/326202/b9060hi/Rufesi/firmware/util/pid.cpp
2026-02-25 12:59:11,843 - Knowledge - INFO - [kw3] Queue=372, InProgress=0, PendingWorkers=20/20, Completed=993/1454 (68.3%)
2026-02-25 12:59:11,850 - Knowledge - INFO - [WEBSOCKET] Sent: Type=unknown, Size: ?, Duration: 1402ms
2026-02-25 12:59:12,074 - Knowledge - INFO - process ingested knowledge for /app/data/T0015/326202/b9060hi/Rufesi/firmware/tunerstudio/docs/readme.MD
2026-02-25 12:59:12,197 - Knowledge - INFO - process ingested knowledge for /app/data/T0015/326202/b9060hi/Rufesi/firmware/config/engines/dodge_ram.cpp
2026-02-25 12:59:13,131 - Knowledge - INFO - Fast-tracked /app/data/T0015/326202/b9060hi/Rufesi/firmware/util/cli_registry.h (small file (2403 bytes))
2026-02-25 12:59:13,238 - Knowledge - INFO - Batch sizing: calculated=6, max_allowed=10, queue=372, active_workers=20/20
2026-02-25 12:59:13,363 - Knowledge - INFO - Progress: 68.1% | Files: 993/1454 | Rate: 1.64 files/sec | Queue: 372
2026-02-25 12:59:13,462 - Knowledge - INFO - Processing batch of 8 files
2026-02-25 12:59:13,495 - Knowledge - INFO - [LLM_CALL] Completed: honda_accord.cpp:chunk1, Duration: 31341ms, PromptTokens: 4678, CompletionTokens: 668, Cost: $0.00073
2026-02-25 12:59:13,507 - Knowledge - INFO - process ingested knowledge for /app/data/T0015/326202/b9060hi/Rufesi/firmware/util/LocalVersionHolder.cpp
2026-02-25 12:59:13,698 - Knowledge - INFO - process ingested knowledge for /app/data/T0015/326202/b9060hi/Rufesi/firmware/config/engines/audi_aan.cpp
2026-02-25 12:59:14,151 - Knowledge - INFO - [kw20] Queue=366, InProgress=0, PendingWorkers=20/20, Completed=995/1454 (68.4%)
2026-02-25 12:59:14,295 - Knowledge - INFO - process ingested knowledge for /app/data/T0015/326202/b9060hi/Rufesi/firmware/config/engines/saturn_ion.h
2026-02-25 12:59:14,378 - Knowledge - INFO - done ingest for /app/data/T0015/326202/b9060hi/Rufesi/firmware/config/engines/honda_accord.cpp
2026-02-25 12:59:14,390 - Knowledge - INFO - [LLM_CALL] Completed: honda_600.cpp:chunk1, Duration: 34350ms, PromptTokens: 6566, CompletionTokens: 431, Cost: $0.00083
2026-02-25 12:59:14,538 - Knowledge - INFO - process ingested knowledge for /app/data/T0015/326202/b9060hi/Rufesi/firmware/util/rfiutil.c
2026-02-25 12:59:14,694 - Knowledge - INFO - process ingested knowledge for /app/data/T0015/326202/b9060hi/Rufesi/firmware/config/engines/ford_1995_inline_6.h
2026-02-25 12:59:14,880 - Knowledge - INFO - Batch sizing: calculated=6, max_allowed=10, queue=366, active_workers=20/20
2026-02-25 12:59:15,013 - Knowledge - INFO - process ingested knowledge for /app/data/T0015/326202/b9060hi/Rufesi/firmware/config/engines/mazda_miata_vvt.cpp
2026-02-25 12:59:15,407 - Knowledge - INFO - done ingest for /app/data/T0015/326202/b9060hi/Rufesi/firmware/config/engines/honda_600.cpp
2026-02-25 12:59:15,533 - Knowledge - INFO - Async storage completed for 8 embeddings
2026-02-25 12:59:15,564 - Knowledge - INFO - [LLM_CALL] Completed: board_configuration.cpp:chunk1, Duration: 13191ms, PromptTokens: 6886, CompletionTokens: 566, Cost: $0.00091
2026-02-25 12:59:15,564 - Knowledge - INFO - Async storing batch of 8 embeddings
2026-02-25 12:59:15,572 - Knowledge - INFO - process ingested knowledge for /app/data/T0015/326202/b9060hi/Rufesi/firmware/util/histogram.h
2026-02-25 12:59:15,710 - Knowledge - INFO - process ingested knowledge for /app/data/T0015/326202/b9060hi/Rufesi/firmware/config/engines/honda_accord.h
2026-02-25 12:59:16,017 - Knowledge - INFO - process ingested knowledge for /app/data/T0015/326202/b9060hi/Rufesi/firmware/config/engines/toyota_jzs147.h
2026-02-25 12:59:16,613 - Knowledge - INFO - done ingest for /app/data/T0015/326202/b9060hi/Rufesi/firmware/config/boards/Prometheus/board_configuration.cpp
2026-02-25 12:59:16,802 - Knowledge - INFO - Async storing batch of 8 embeddings
2026-02-25 12:59:16,837 - Knowledge - INFO - Worker kw3 processing /app/data/T0015/326202/b9060hi/Rufesi/firmware/util/cli_registry.cpp
2026-02-25 12:59:17,091 - Knowledge - INFO - Processing batch of 6 files
2026-02-25 12:59:17,108 - Knowledge - INFO - process ingested knowledge for /app/data/T0015/326202/b9060hi/Rufesi/firmware/util/data_buffer.c
2026-02-25 12:59:17,328 - Knowledge - INFO - process ingested knowledge for /app/data/T0015/326202/b9060hi/Rufesi/firmware/config/engines/mazda_626.cpp
2026-02-25 12:59:17,410 - Knowledge - INFO - process ingested knowledge for /app/data/T0015/326202/b9060hi/Rufesi/firmware/config/engines/dodge_neon.h
2026-02-25 12:59:17,776 - Knowledge - INFO - Processing batch of 6 files
2026-02-25 12:59:17,837 - Knowledge - INFO - Worker kw20 processing /app/data/T0015/326202/b9060hi/Rufesi/firmware/util/listener_array.cpp
2026-02-25 12:59:17,984 - Knowledge - INFO - Worker kw3 processing /app/data/T0015/326202/b9060hi/Rufesi/firmware/util/efilib.h
2026-02-25 12:59:18,053 - Knowledge - INFO - process ingested knowledge for /app/data/T0015/326202/b9060hi/Rufesi/firmware/config/engines/engine_template.h
2026-02-25 12:59:18,272 - Knowledge - INFO - Processing batch of 6 files
2026-02-25 12:59:18,834 - Knowledge - INFO - process ingested knowledge for /app/data/T0015/326202/b9060hi/Rufesi/firmware/config/engines/acura_rsx.cpp
2026-02-25 12:59:18,950 - Knowledge - INFO - Fast-tracked /app/data/T0015/326202/b9060hi/Rufesi/firmware/util/listener_array.cpp (ext=.cpp, size=154)
2026-02-25 12:59:18,969 - Knowledge - INFO - process ingested knowledge for /app/data/T0015/326202/b9060hi/Rufesi/firmware/config/engines/mazda_miata_nb.cpp
2026-02-25 12:59:19,289 - Knowledge - INFO - Worker kw3 processing /app/data/T0015/326202/b9060hi/Rufesi/firmware/util/cyclic_buffer.cpp
2026-02-25 12:59:19,640 - Knowledge - INFO - process ingested knowledge for /app/data/T0015/326202/b9060hi/Rufesi/firmware/config/engines/custom_engine.h
2026-02-25 12:59:19,762 - Knowledge - INFO - Processing batch of 6 files
2026-02-25 12:59:19,896 - Knowledge - INFO - Worker kw20 processing /app/data/T0015/326202/b9060hi/Rufesi/firmware/util/rfiutil.h
2026-02-25 12:59:20,114 - Knowledge - INFO - process ingested knowledge for /app/data/T0015/326202/b9060hi/Rufesi/firmware/config/engines/snow_blower.h
2026-02-25 12:59:20,142 - Knowledge - INFO - process ingested knowledge for /app/data/T0015/326202/b9060hi/Rufesi/firmware/config/engines/chevrolet_c20_1973.h
2026-02-25 12:59:20,169 - Knowledge - INFO - process ingested knowledge for /app/data/T0015/326202/b9060hi/Rufesi/firmware/config/engines/subaru.h
2026-02-25 12:59:20,240 - Knowledge - INFO - Fast-tracked /app/data/T0015/326202/b9060hi/Rufesi/firmware/util/cyclic_buffer.cpp (ext=.cpp, size=223)
2026-02-25 12:59:20,486 - Knowledge - INFO - [LLM_CALL] Completed: mazda_miata_1_6.cpp:chunk1, Duration: 38115ms, PromptTokens: 27214, CompletionTokens: 435, Cost: $0.00290
2026-02-25 12:59:20,534 - Knowledge - INFO - process ingested knowledge for /app/data/T0015/326202/b9060hi/Rufesi/firmware/config/engines/mazda_miata_na8.cpp
2026-02-25 12:59:20,733 - Knowledge - INFO - Fast-tracked /app/data/T0015/326202/b9060hi/Rufesi/firmware/util/rfiutil.h (ext=.h, size=809)
2026-02-25 12:59:20,990 - Knowledge - INFO - process ingested knowledge for /app/data/T0015/326202/b9060hi/Rufesi/firmware/config/engines/test_engine.cpp
2026-02-25 12:59:21,310 - Knowledge - INFO - process ingested knowledge for /app/data/T0015/326202/b9060hi/Rufesi/firmware/config/engines/bmw_e34.h
2026-02-25 12:59:21,352 - Knowledge - INFO - Worker kw3 processing /app/data/T0015/326202/b9060hi/Rufesi/firmware/util/loggingcentral.cpp
2026-02-25 12:59:21,387 - Knowledge - INFO - process ingested knowledge for /app/data/T0015/326202/b9060hi/Rufesi/firmware/config/engines/zil130.h
2026-02-25 12:59:21,408 - Knowledge - INFO - process ingested knowledge for /app/data/T0015/326202/b9060hi/Rufesi/firmware/config/engines/sachs.h
2026-02-25 12:59:21,543 - Knowledge - INFO - done ingest for /app/data/T0015/326202/b9060hi/Rufesi/firmware/config/engines/mazda_miata_1_6.cpp
2026-02-25 12:59:21,601 - Knowledge - INFO - [LLM_CALL] Completed: toyota_jzs147.cpp:chunk1, Duration: 26638ms, PromptTokens: 2992, CompletionTokens: 360, Cost: $0.00044
2026-02-25 12:59:21,730 - Knowledge - INFO - Worker kw20 processing /app/data/T0015/326202/b9060hi/Rufesi/firmware/util/LocalVersionHolder.h
2026-02-25 12:59:22,210 - Knowledge - INFO - Worker kw3 processing /app/data/T0015/326202/b9060hi/Rufesi/firmware/util/crc.c
2026-02-25 12:59:22,457 - Knowledge - INFO - process ingested knowledge for /app/data/T0015/326202/b9060hi/Rufesi/firmware/config/boards/Prometheus/board_configuration.cpp
2026-02-25 12:59:22,466 - Knowledge - INFO - process ingested knowledge for /app/data/T0015/326202/b9060hi/Rufesi/firmware/config/engines/ford_1995_inline_6.cpp
2026-02-25 12:59:22,491 - Knowledge - INFO - process ingested knowledge for /app/data/T0015/326202/b9060hi/Rufesi/firmware/config/engines/dodge_stratus.cpp
2026-02-25 12:59:22,755 - Knowledge - INFO - done ingest for /app/data/T0015/326202/b9060hi/Rufesi/firmware/config/engines/toyota_jzs147.cpp
2026-02-25 12:59:22,869 - Knowledge - INFO - [LLM_CALL] Completed: chconf.h:chunk1, Duration: 7418ms, PromptTokens: 8140, CompletionTokens: 460, Cost: $0.00100
2026-02-25 12:59:22,888 - Knowledge - INFO - Fast-tracked /app/data/T0015/326202/b9060hi/Rufesi/firmware/util/LocalVersionHolder.h (ext=.h, size=650)
2026-02-25 12:59:23,040 - Knowledge - INFO - Worker kw3 processing /app/data/T0015/326202/b9060hi/Rufesi/firmware/util/data_buffer.h
2026-02-25 12:59:23,159 - Knowledge - INFO - process ingested knowledge for /app/data/T0015/326202/b9060hi/Rufesi/firmware/config/engines/ford_fiesta.cpp
2026-02-25 12:59:23,174 - Knowledge - INFO - process ingested knowledge for /app/data/T0015/326202/b9060hi/Rufesi/firmware/config/engines/audi_aan.h
2026-02-25 12:59:23,812 - Knowledge - INFO - done ingest for /app/data/T0015/326202/b9060hi/Rufesi/firmware/config/stm32f0egt/chconf.h
2026-02-25 12:59:24,114 - Knowledge - INFO - Worker kw20 processing /app/data/T0015/326202/b9060hi/Rufesi/firmware/util/rusefi_true.h
2026-02-25 12:59:24,176 - Knowledge - INFO - process ingested knowledge for /app/data/T0015/326202/b9060hi/Rufesi/firmware/config/boards/Prometheus/readme.txt
2026-02-25 12:59:24,265 - Knowledge - INFO - process ingested knowledge for /app/data/T0015/326202/b9060hi/Rufesi/firmware/config/engines/honda_accord.cpp
2026-02-25 12:59:24,354 - Knowledge - INFO - [LLM_CALL] Completed: custom_engine.cpp:chunk1, Duration: 35635ms, PromptTokens: 5996, CompletionTokens: 484, Cost: $0.00079
2026-02-25 12:59:24,422 - Knowledge - INFO - Fast-tracked /app/data/T0015/326202/b9060hi/Rufesi/firmware/util/data_buffer.h (ext=.h, size=601)
2026-02-25 12:59:25,255 - Knowledge - INFO - Fast-tracked /app/data/T0015/326202/b9060hi/Rufesi/firmware/util/rusefi_true.h (ext=.h, size=431)
2026-02-25 12:59:25,309 - Knowledge - INFO - Async storage completed for 6 embeddings
2026-02-25 12:59:25,343 - Knowledge - INFO - process ingested knowledge for /app/data/T0015/326202/b9060hi/Rufesi/firmware/config/engines/mazda_miata.cpp
2026-02-25 12:59:25,758 - Knowledge - INFO - done ingest for /app/data/T0015/326202/b9060hi/Rufesi/firmware/config/engines/custom_engine.cpp
2026-02-25 12:59:25,955 - Knowledge - INFO - process ingested knowledge for /app/data/T0015/326202/b9060hi/Rufesi/firmware/config/boards/Prometheus/board.h
2026-02-25 12:59:25,971 - Knowledge - INFO - process ingested knowledge for /app/data/T0015/326202/b9060hi/Rufesi/firmware/config/engines/acura_rsx.h
2026-02-25 12:59:25,975 - Knowledge - INFO - process ingested knowledge for /app/data/T0015/326202/b9060hi/Rufesi/firmware/config/engines/engines.mk
2026-02-25 12:59:26,016 - Knowledge - INFO - [kw19] Queue=360, InProgress=0, PendingWorkers=20/20, Completed=1013/1454 (69.7%)
2026-02-25 12:59:26,180 - Knowledge - INFO - Worker kw20 processing /app/data/T0015/326202/b9060hi/Rufesi/firmware/util/pid.h
2026-02-25 12:59:27,648 - Knowledge - INFO - process ingested knowledge for /app/data/T0015/326202/b9060hi/Rufesi/firmware/config/engines/daihatsu.h
2026-02-25 12:59:27,664 - Knowledge - INFO - [kw8] Queue=360, InProgress=0, PendingWorkers=20/20, Completed=1015/1454 (69.8%)
2026-02-25 12:59:27,766 - Knowledge - INFO - done ingest for /app/data/T0015/326202/b9060hi/Rufesi/firmware/config/stm32f4ems/chconf.h
2026-02-25 12:59:27,795 - Knowledge - INFO - process ingested knowledge for /app/data/T0015/326202/b9060hi/Rufesi/firmware/config/boards/Prometheus/board.mk
2026-02-25 12:59:28,450 - Knowledge - INFO - Batch sizing: calculated=6, max_allowed=10, queue=360, active_workers=20/20
2026-02-25 12:59:28,584 - Knowledge - INFO - Worker kw20 processing /app/data/T0015/326202/b9060hi/Rufesi/firmware/util/efilib2.h
2026-02-25 12:59:28,666 - Knowledge - INFO - process ingested knowledge for /app/data/T0015/326202/b9060hi/Rufesi/firmware/config/engines/dodge_stratus.h
2026-02-25 12:59:28,695 - Knowledge - INFO - process ingested knowledge for /app/data/T0015/326202/b9060hi/Rufesi/firmware/config/engines/ford_aspire.cpp
2026-02-25 12:59:28,896 - Knowledge - INFO - Batch sizing: calculated=6, max_allowed=10, queue=360, active_workers=20/20
2026-02-25 12:59:29,912 - Knowledge - INFO - process ingested knowledge for /app/data/T0015/326202/b9060hi/Rufesi/firmware/config/boards/Prometheus/mcuconf.h
2026-02-25 12:59:29,937 - Knowledge - INFO - Async storing batch of 6 embeddings
2026-02-25 12:59:29,937 - Knowledge - INFO - Fast-tracked /app/data/T0015/326202/b9060hi/Rufesi/firmware/util/efilib2.h (ext=.h, size=694)
2026-02-25 12:59:29,956 - Knowledge - INFO - Processing batch of 6 files
2026-02-25 12:59:30,171 - Knowledge - INFO - [LLM_CALL] Completed: dodge_neon.cpp:chunk1, Duration: 46121ms, PromptTokens: 46244, CompletionTokens: 616, Cost: $0.00487
2026-02-25 12:59:30,855 - Knowledge - INFO - Worker kw19 processing /app/data/T0015/326202/b9060hi/Rufesi/firmware/util/biquad.cpp
2026-02-25 12:59:31,197 - Knowledge - INFO - process ingested knowledge for /app/data/T0015/326202/b9060hi/Rufesi/firmware/config/stm32f0egt/efifeatures.h
2026-02-25 12:59:31,236 - Knowledge - INFO - Async storage completed for 6 embeddings
2026-02-25 12:59:31,330 - Knowledge - INFO - Fast-tracked /app/data/T0015/326202/b9060hi/Rufesi/firmware/util/pid.h (small file (2428 bytes))
2026-02-25 12:59:31,429 - Knowledge - INFO - done ingest for /app/data/T0015/326202/b9060hi/Rufesi/firmware/config/engines/dodge_neon.cpp
2026-02-25 12:59:31,488 - Knowledge - INFO - Fast-tracked /app/data/T0015/326202/b9060hi/Rufesi/firmware/util/efilib.h (small file (2223 bytes))
2026-02-25 12:59:31,571 - Knowledge - INFO - Async storing batch of 6 embeddings
2026-02-25 12:59:31,816 - Knowledge - INFO - Fast-tracked /app/data/T0015/326202/b9060hi/Rufesi/firmware/util/biquad.cpp (ext=.cpp, size=693)
2026-02-25 12:59:32,165 - Knowledge - INFO - Async storage completed for 8 embeddings
2026-02-25 12:59:32,378 - Knowledge - INFO - Async storage completed for 8 embeddings
2026-02-25 12:59:32,727 - Knowledge - INFO - Worker kw8 processing /app/data/T0015/326202/b9060hi/Rufesi/firmware/ext/ffunicode.c
2026-02-25 12:59:32,865 - Knowledge - INFO - Worker kw19 processing /app/data/T0015/326202/b9060hi/Rufesi/firmware/util/datalogging.h
2026-02-25 12:59:32,977 - Knowledge - INFO - [LLM_CALL] Completed: mcuconf.h:chunk1, Duration: 10203ms, PromptTokens: 9128, CompletionTokens: 2598, Cost: $0.00195
2026-02-25 12:59:33,728 - Knowledge - INFO - Fast-tracked /app/data/T0015/326202/b9060hi/Rufesi/firmware/ext/ffunicode.c (ext=.c, size=1958863)
2026-02-25 12:59:33,800 - Knowledge - INFO - Worker kw19 processing /app/data/T0015/326202/b9060hi/Rufesi/firmware/util/histogram.c
2026-02-25 12:59:33,801 - Knowledge - INFO - done ingest for /app/data/T0015/326202/b9060hi/Rufesi/firmware/config/stm32f4ems/mcuconf.h
2026-02-25 12:59:34,183 - Knowledge - INFO - [LLM_CALL] Completed: board.c:chunk1, Duration: 20771ms, PromptTokens: 3508, CompletionTokens: 446, Cost: $0.00053
2026-02-25 12:59:34,211 - Knowledge - INFO - Worker kw8 processing /app/data/T0015/326202/b9060hi/Rufesi/firmware/ext/readme.txt
2026-02-25 12:59:34,254 - Knowledge - INFO - Worker kw19 processing /app/data/T0015/326202/b9060hi/Rufesi/firmware/license.txt
2026-02-25 12:59:34,615 - Knowledge - INFO - done ingest for /app/data/T0015/326202/b9060hi/Rufesi/firmware/config/boards/Prometheus/board.c
2026-02-25 12:59:34,798 - Knowledge - INFO - process ingested knowledge for /app/data/T0015/326202/b9060hi/Rufesi/firmware/config/stm32f0egt/mpu_util.h
2026-02-25 12:59:34,939 - Knowledge - INFO - Fast-tracked /app/data/T0015/326202/b9060hi/Rufesi/firmware/ext/readme.txt (ext=.txt, size=8330)
2026-02-25 12:59:35,081 - Knowledge - INFO - done ingest for /app/data/T0015/326202/b9060hi/Rufesi/firmware/config/boards/NUCLEO_F767/board_configuration.cpp
2026-02-25 12:59:35,146 - Knowledge - INFO - Fast-tracked /app/data/T0015/326202/b9060hi/Rufesi/firmware/license.txt (ext=.txt, size=35147)
2026-02-25 12:59:35,245 - Knowledge - INFO - Processing batch of 6 files
2026-02-25 12:59:35,562 - Knowledge - INFO - Worker kw8 processing /app/data/T0015/326202/b9060hi/Rufesi/firmware/ext/ff.h
2026-02-25 12:59:35,785 - Knowledge - INFO - [LLM_CALL] Completed: GY6_139QMB.cpp:chunk1, Duration: 36417ms, PromptTokens: 5050, CompletionTokens: 385, Cost: $0.00066
2026-02-25 12:59:35,919 - Knowledge - INFO - Worker kw19 processing /app/data/T0015/326202/b9060hi/Rufesi/firmware/ext/ffconf.h
2026-02-25 12:59:36,052 - Knowledge - INFO - process ingested knowledge for /app/data/T0015/326202/b9060hi/Rufesi/firmware/config/engines/mazda_miata.h
2026-02-25 12:59:36,320 - Knowledge - INFO - Worker kw8 processing /app/data/T0015/326202/b9060hi/Rufesi/firmware/ext/fatfs.mk
2026-02-25 12:59:36,519 - Knowledge - INFO - done ingest for /app/data/T0015/326202/b9060hi/Rufesi/firmware/config/engines/GY6_139QMB.cpp
2026-02-25 12:59:36,734 - Knowledge - INFO - Async storage completed for 8 embeddings
2026-02-25 12:59:36,836 - Knowledge - INFO - Worker kw19 processing /app/data/T0015/326202/b9060hi/Rufesi/firmware/ext/integer.h
2026-02-25 12:59:37,097 - Knowledge - INFO - Fast-tracked /app/data/T0015/326202/b9060hi/Rufesi/firmware/ext/fatfs.mk (ext=.mk, size=305)
2026-02-25 12:59:37,541 - Knowledge - INFO - done ingest for /app/data/T0015/326202/b9060hi/Rufesi/firmware/config/boards/NUCLEO_F767/board.c
2026-02-25 12:59:37,546 - Knowledge - INFO - process ingested knowledge for /app/data/T0015/326202/b9060hi/Rufesi/firmware/config/stm32f0egt/chconf.h
2026-02-25 12:59:37,754 - Knowledge - INFO - Fast-tracked /app/data/T0015/326202/b9060hi/Rufesi/firmware/ext/integer.h (ext=.h, size=815)
2026-02-25 12:59:37,829 - Knowledge - INFO - Worker kw8 processing /app/data/T0015/326202/b9060hi/Rufesi/firmware/ext/option/unicode.c
2026-02-25 12:59:38,477 - Knowledge - INFO - Fast-tracked /app/data/T0015/326202/b9060hi/Rufesi/firmware/util/datalogging.h (small file (2859 bytes))
2026-02-25 12:59:38,580 - Knowledge - INFO - Fast-tracked /app/data/T0015/326202/b9060hi/Rufesi/firmware/ext/option/unicode.c (ext=.c, size=380)
2026-02-25 12:59:39,049 - Knowledge - INFO - Worker kw8 processing /app/data/T0015/326202/b9060hi/Rufesi/firmware/ext/option/ccsbcs.c
2026-02-25 12:59:39,769 - Knowledge - INFO - [LLM_CALL] Completed: efifeatures.h:chunk1, Duration: 69223ms, PromptTokens: 4792, CompletionTokens: 1080, Cost: $0.00091
2026-02-25 12:59:39,811 - Knowledge - INFO - process ingested knowledge for /app/data/T0015/326202/b9060hi/Rufesi/firmware/config/engines/mazda_miata_1_6.cpp
2026-02-25 12:59:40,179 - Knowledge - INFO - done ingest for /app/data/T0015/326202/b9060hi/Rufesi/firmware/config/stm32f4ems/efifeatures.h
2026-02-25 12:59:40,526 - Knowledge - INFO - process ingested knowledge for /app/data/T0015/326202/b9060hi/Rufesi/firmware/config/stm32f0egt/global.h
2026-02-25 12:59:43,207 - Knowledge - INFO - [LLM_CALL] Completed: ford_festiva.cpp:chunk1, Duration: 61071ms, PromptTokens: 21520, CompletionTokens: 573, Cost: $0.00238
2026-02-25 12:59:43,263 - Knowledge - INFO - process ingested knowledge for /app/data/T0015/326202/b9060hi/Rufesi/firmware/config/engines/vw.cpp
2026-02-25 12:59:43,297 - Knowledge - INFO - process ingested knowledge for /app/data/T0015/326202/b9060hi/Rufesi/firmware/main.cpp
2026-02-25 12:59:43,495 - Knowledge - INFO - done ingest for /app/data/T0015/326202/b9060hi/Rufesi/firmware/config/engines/ford_festiva.cpp
2026-02-25 12:59:44,149 - Knowledge - INFO - done ingest for /app/data/T0015/326202/b9060hi/Rufesi/firmware/config/boards/ST_STM32F4/board.c
2026-02-25 12:59:45,555 - Knowledge - INFO - Async storage completed for 6 embeddings
2026-02-25 12:59:45,875 - Knowledge - INFO - [LLM_CALL] Completed: citroenBerlingoTU3JP.cpp:chunk1, Duration: 59066ms, PromptTokens: 18210, CompletionTokens: 416, Cost: $0.00199
2026-02-25 12:59:46,240 - Knowledge - INFO - done ingest for /app/data/T0015/326202/b9060hi/Rufesi/firmware/config/engines/citroenBerlingoTU3JP.cpp
2026-02-25 12:59:46,668 - Knowledge - INFO - Async storage completed for 6 embeddings
2026-02-25 12:59:47,034 - Knowledge - INFO - done ingest for /app/data/T0015/326202/b9060hi/Rufesi/firmware/config/stm32f0egt/mcuconf.h
2026-02-25 12:59:47,053 - Knowledge - INFO - process ingested knowledge for /app/data/T0015/326202/b9060hi/Rufesi/firmware/config/engines/custom_engine.cpp
2026-02-25 12:59:47,081 - Knowledge - INFO - process ingested knowledge for /app/data/T0015/326202/b9060hi/Rufesi/firmware/tunerstudio/rusefi.ini
2026-02-25 12:59:47,087 - Knowledge - INFO - [WEBSOCKET] Sent: Type=progress_update, Size: 296, Duration: 0ms
2026-02-25 12:59:47,108 - Knowledge - INFO - [kw6] Queue=348, InProgress=0, PendingWorkers=20/20, Completed=1040/1454 (71.5%)
2026-02-25 12:59:48,213 - Knowledge - INFO - Batch sizing: calculated=6, max_allowed=10, queue=348, active_workers=20/20
2026-02-25 12:59:48,230 - Knowledge - INFO - [WEBSOCKET] Sent: Type=unknown, Size: ?, Duration: 1143ms
2026-02-25 12:59:48,636 - Knowledge - INFO - Progress: 71.5% | Files: 1043/1454 | Rate: 1.63 files/sec | Queue: 348
2026-02-25 12:59:48,690 - Knowledge - INFO - [LLM_CALL] Completed: cyclic_buffer.h:chunk1, Duration: 33136ms, PromptTokens: 3558, CompletionTokens: 466, Cost: $0.00054
2026-02-25 12:59:49,056 - Knowledge - INFO - process ingested knowledge for /app/data/T0015/326202/b9060hi/Rufesi/firmware/config/engines/rover_v8.h
2026-02-25 12:59:49,118 - Knowledge - INFO - done ingest for /app/data/T0015/326202/b9060hi/Rufesi/firmware/util/cyclic_buffer.h
2026-02-25 12:59:49,849 - Knowledge - INFO - [kw13] Queue=342, InProgress=0, PendingWorkers=20/20, Completed=1047/1454 (72.0%)
2026-02-25 12:59:49,856 - Knowledge - INFO - Async storing batch of 8 embeddings
2026-02-25 12:59:49,919 - Knowledge - INFO - [kw14] Queue=342, InProgress=0, PendingWorkers=20/20, Completed=1049/1454 (72.1%)
2026-02-25 12:59:49,932 - Knowledge - INFO - process ingested knowledge for /app/data/T0015/326202/b9060hi/Rufesi/firmware/config/engines/nissan_primera.h
2026-02-25 12:59:49,952 - Knowledge - INFO - [kw4] Queue=342, InProgress=0, PendingWorkers=20/20, Completed=1049/1454 (72.1%)
2026-02-25 12:59:49,982 - Knowledge - INFO - [kw5] Queue=342, InProgress=0, PendingWorkers=20/20, Completed=1049/1454 (72.1%)
2026-02-25 12:59:50,004 - Knowledge - INFO - Processing batch of 6 files
2026-02-25 12:59:50,213 - Knowledge - INFO - Batch sizing: calculated=6, max_allowed=10, queue=342, active_workers=20/20
2026-02-25 12:59:50,255 - Knowledge - INFO - Processing batch of 6 files
2026-02-25 12:59:50,417 - Knowledge - INFO - Worker kw6 processing /app/data/T0015/326202/b9060hi/Rufesi/firmware/ext/option/cc936.c
2026-02-25 12:59:50,590 - Knowledge - INFO - Batch sizing: calculated=6, max_allowed=10, queue=342, active_workers=20/20
2026-02-25 12:59:50,993 - Knowledge - INFO - Processing batch of 8 files
2026-02-25 12:59:51,013 - Knowledge - INFO - Batch sizing: calculated=6, max_allowed=10, queue=342, active_workers=20/20
2026-02-25 12:59:51,160 - Knowledge - INFO - Batch sizing: calculated=6, max_allowed=10, queue=342, active_workers=20/20
2026-02-25 12:59:51,334 - Knowledge - INFO - process ingested knowledge for /app/data/T0015/326202/b9060hi/Rufesi/firmware/util/listener_array.cpp
2026-02-25 12:59:51,694 - Knowledge - INFO - process ingested knowledge for /app/data/T0015/326202/b9060hi/Rufesi/firmware/config/engines/mazda_miata_base_maps.cpp
2026-02-25 12:59:51,812 - Knowledge - INFO - Fast-tracked /app/data/T0015/326202/b9060hi/Rufesi/firmware/ext/option/cc936.c (ext=.c, size=713259)
2026-02-25 12:59:52,025 - Knowledge - INFO - process ingested knowledge for /app/data/T0015/326202/b9060hi/Rufesi/firmware/integration/rusefi_config.txt
2026-02-25 12:59:52,105 - Knowledge - INFO - Async storing batch of 6 embeddings
2026-02-25 12:59:52,612 - Knowledge - INFO - Async storing batch of 6 embeddings
2026-02-25 12:59:52,645 - Knowledge - INFO - Async storing batch of 6 embeddings
2026-02-25 12:59:52,671 - Knowledge - INFO - Async storing batch of 6 embeddings
2026-02-25 12:59:52,740 - Knowledge - INFO - Processing batch of 6 files
2026-02-25 12:59:52,779 - Knowledge - INFO - Processing batch of 6 files
2026-02-25 12:59:52,788 - Knowledge - INFO - Worker kw6 processing /app/data/T0015/326202/b9060hi/Rufesi/firmware/ext/option/cc950.c
2026-02-25 12:59:53,236 - Knowledge - INFO - Worker kw13 processing /app/data/T0015/326202/b9060hi/Rufesi/firmware/ext/ext.mk
2026-02-25 12:59:53,346 - Knowledge - INFO - process ingested knowledge for /app/data/T0015/326202/b9060hi/Rufesi/firmware/util/rfiutil.h
2026-02-25 12:59:53,367 - Knowledge - INFO - process ingested knowledge for /app/data/T0015/326202/b9060hi/Rufesi/firmware/config/engines/dodge_neon.cpp
2026-02-25 12:59:53,388 - Knowledge - INFO - process ingested knowledge for /app/data/T0015/326202/b9060hi/Rufesi/firmware/rusefi.mk
2026-02-25 12:59:53,432 - Knowledge - INFO - Worker kw14 processing /app/data/T0015/326202/b9060hi/Rufesi/firmware/development/test/testbmk.h
2026-02-25 12:59:53,540 - Knowledge - INFO - Worker kw4 processing /app/data/T0015/326202/b9060hi/Rufesi/firmware/development/sensor_chart.cpp
2026-02-25 12:59:53,653 - Knowledge - INFO - [LLM_CALL] Completed: board.h:chunk1, Duration: 52042ms, PromptTokens: 14824, CompletionTokens: 1439, Cost: $0.00206
2026-02-25 12:59:53,788 - Knowledge - INFO - Worker kw5 processing /app/data/T0015/326202/b9060hi/Rufesi/firmware/development/wave_analyzer.cpp
2026-02-25 12:59:53,851 - Knowledge - INFO - process ingested knowledge for /app/data/T0015/326202/b9060hi/Rufesi/firmware/config/engines/ford_festiva.cpp
2026-02-25 12:59:54,080 - Knowledge - INFO - process ingested knowledge for /app/data/T0015/326202/b9060hi/Rufesi/firmware/config/boards/ST_STM32F4/board.c
2026-02-25 12:59:54,298 - Knowledge - INFO - Fast-tracked /app/data/T0015/326202/b9060hi/Rufesi/firmware/ext/option/cc950.c (ext=.c, size=443867)
2026-02-25 12:59:54,472 - Knowledge - INFO - Fast-tracked /app/data/T0015/326202/b9060hi/Rufesi/firmware/ext/ext.mk (ext=.mk, size=25)
2026-02-25 12:59:55,246 - Knowledge - INFO - Fast-tracked /app/data/T0015/326202/b9060hi/Rufesi/firmware/development/test/testbmk.h (ext=.h, size=751)
2026-02-25 12:59:55,277 - Knowledge - INFO - process ingested knowledge for /app/data/T0015/326202/b9060hi/Rufesi/firmware/util/LocalVersionHolder.h
2026-02-25 12:59:55,312 - Knowledge - INFO - process ingested knowledge for /app/data/T0015/326202/b9060hi/Rufesi/firmware/config/engines/vw.h
2026-02-25 12:59:55,331 - Knowledge - INFO - Worker kw4 processing /app/data/T0015/326202/b9060hi/Rufesi/firmware/development/readme.txt
2026-02-25 12:59:55,332 - Knowledge - INFO - process ingested knowledge for /app/data/T0015/326202/b9060hi/Rufesi/firmware/rusefi.h
2026-02-25 12:59:55,534 - Knowledge - INFO - [LLM_CALL] Completed: histogram.c:chunk1, Duration: 16423ms, PromptTokens: 3448, CompletionTokens: 359, Cost: $0.00049
2026-02-25 12:59:55,818 - Knowledge - INFO - Worker kw5 processing /app/data/T0015/326202/b9060hi/Rufesi/firmware/development/development.mk
2026-02-25 12:59:56,281 - Knowledge - INFO - Worker kw6 processing /app/data/T0015/326202/b9060hi/Rufesi/firmware/ext/option/cc932.c
2026-02-25 12:59:56,342 - Knowledge - INFO - process ingested knowledge for /app/data/T0015/326202/b9060hi/Rufesi/firmware/config/boards/NUCLEO_F767/board_configuration.cpp
2026-02-25 12:59:56,356 - Knowledge - INFO - process ingested knowledge for /app/data/T0015/326202/b9060hi/Rufesi/firmware/config/engines/citroenBerlingoTU3JP.cpp
2026-02-25 12:59:56,458 - Knowledge - INFO - Worker kw13 processing /app/data/T0015/326202/b9060hi/Rufesi/firmware/globalaccess.h
2026-02-25 12:59:56,634 - Knowledge - INFO - Worker kw14 processing /app/data/T0015/326202/b9060hi/Rufesi/firmware/development/test/test.h
2026-02-25 12:59:57,141 - Knowledge - INFO - process ingested knowledge for /app/data/T0015/326202/b9060hi/Rufesi/firmware/util/rusefi_true.h
2026-02-25 12:59:57,142 - Knowledge - INFO - process ingested knowledge for /app/data/T0015/326202/b9060hi/Rufesi/firmware/config/engines/mazda_miata_1_6.h
2026-02-25 12:59:57,221 - Knowledge - INFO - Fast-tracked /app/data/T0015/326202/b9060hi/Rufesi/firmware/development/readme.txt (ext=.txt, size=80)
2026-02-25 12:59:57,296 - Knowledge - INFO - process ingested knowledge for /app/data/T0015/326202/b9060hi/Rufesi/firmware/config/stm32f1egt/mcuconf.h
2026-02-25 12:59:57,412 - Knowledge - INFO - done ingest for /app/data/T0015/326202/b9060hi/Rufesi/firmware/util/histogram.c
2026-02-25 12:59:57,431 - Knowledge - INFO - Processing batch of 8 files
2026-02-25 12:59:57,437 - Knowledge - INFO - [LLM_CALL] Completed: listener_array.h:chunk1, Duration: 31666ms, PromptTokens: 2722, CompletionTokens: 365, Cost: $0.00042
2026-02-25 12:59:57,522 - Knowledge - INFO - Fast-tracked /app/data/T0015/326202/b9060hi/Rufesi/firmware/development/development.mk (ext=.mk, size=400)
2026-02-25 12:59:57,664 - Knowledge - INFO - Fast-tracked /app/data/T0015/326202/b9060hi/Rufesi/firmware/ext/option/cc932.c (ext=.c, size=245690)
2026-02-25 12:59:57,745 - Knowledge - INFO - process ingested knowledge for /app/data/T0015/326202/b9060hi/Rufesi/firmware/config/boards/NUCLEO_F767/readme.txt
2026-02-25 12:59:57,966 - Knowledge - INFO - process ingested knowledge for /app/data/T0015/326202/b9060hi/Rufesi/firmware/config/engines/MiniCooperR50.cpp
2026-02-25 12:59:58,111 - Knowledge - INFO - Fast-tracked /app/data/T0015/326202/b9060hi/Rufesi/firmware/globalaccess.h (ext=.h, size=202)
2026-02-25 12:59:58,216 - Knowledge - INFO - Fast-tracked /app/data/T0015/326202/b9060hi/Rufesi/firmware/development/test/test.h (ext=.h, size=5512)
2026-02-25 12:59:58,330 - Knowledge - INFO - process ingested knowledge for /app/data/T0015/326202/b9060hi/Rufesi/firmware/util/pid.h
2026-02-25 12:59:58,504 - Knowledge - INFO - process ingested knowledge for /app/data/T0015/326202/b9060hi/Rufesi/firmware/config/engines/toyota_jzs147.cpp
2026-02-25 12:59:58,603 - Knowledge - INFO - Worker kw4 processing /app/data/T0015/326202/b9060hi/Rufesi/firmware/development/trigger_emulator.h
2026-02-25 12:59:58,825 - Knowledge - INFO - process ingested knowledge for /app/data/T0015/326202/b9060hi/Rufesi/firmware/config/stm32f1egt/halconf.h
2026-02-25 12:59:59,052 - Knowledge - INFO - process ingested knowledge for /app/data/T0015/326202/b9060hi/Rufesi/firmware/config/stm32f4ems/halconf.h
2026-02-25 12:59:59,141 - Knowledge - INFO - done ingest for /app/data/T0015/326202/b9060hi/Rufesi/firmware/util/listener_array.h
2026-02-25 12:59:59,164 - Knowledge - INFO - [LLM_CALL] Completed: pid.cpp:chunk1, Duration: 38914ms, PromptTokens: 3912, CompletionTokens: 885, Cost: $0.00075
2026-02-25 12:59:59,262 - Knowledge - INFO - Worker kw5 processing /app/data/T0015/326202/b9060hi/Rufesi/firmware/development/trigger_emulator.cpp
2026-02-25 12:59:59,435 - Knowledge - INFO - Worker kw6 processing /app/data/T0015/326202/b9060hi/Rufesi/firmware/ext/option/cc949.c
2026-02-25 12:59:59,514 - Knowledge - INFO - process ingested knowledge for /app/data/T0015/326202/b9060hi/Rufesi/firmware/config/boards/NUCLEO_F767/board.h
2026-02-25 12:59:59,642 - Knowledge - INFO - process ingested knowledge for /app/data/T0015/326202/b9060hi/Rufesi/firmware/config/engines/readme.md
2026-02-25 12:59:59,756 - Knowledge - INFO - Worker kw13 processing /app/data/T0015/326202/b9060hi/Rufesi/firmware/docs/rusefi_custom_chibios.txt
2026-02-25 12:59:59,883 - Knowledge - INFO - Worker kw14 processing /app/data/T0015/326202/b9060hi/Rufesi/firmware/development/test/test.c
2026-02-25 12:59:59,997 - Knowledge - INFO - process ingested knowledge for /app/data/T0015/326202/b9060hi/Rufesi/firmware/util/efilib2.h
2026-02-25 13:00:00,080 - Knowledge - INFO - process ingested knowledge for /app/data/T0015/326202/b9060hi/Rufesi/firmware/config/engines/subaru.cpp
2026-02-25 13:00:00,155 - Knowledge - INFO - Fast-tracked /app/data/T0015/326202/b9060hi/Rufesi/firmware/development/trigger_emulator.h (ext=.h, size=558)
2026-02-25 13:00:00,229 - Knowledge - INFO - process ingested knowledge for /app/data/T0015/326202/b9060hi/Rufesi/firmware/config/stm32f1egt/efifeatures.h
2026-02-25 13:00:00,323 - Knowledge - INFO - process ingested knowledge for /app/data/T0015/326202/b9060hi/Rufesi/firmware/config/stm32f4ems/efifeatures.h
2026-02-25 13:00:00,542 - Knowledge - INFO - done ingest for /app/data/T0015/326202/b9060hi/Rufesi/firmware/util/pid.cpp
2026-02-25 13:00:00,551 - Knowledge - INFO - [kw7] Queue=318, InProgress=0, PendingWorkers=20/20, Completed=1064/1454 (73.2%)
2026-02-25 13:00:00,557 - Knowledge - INFO - [LLM_CALL] Completed: halconf.h:chunk1, Duration: 32728ms, PromptTokens: 5564, CompletionTokens: 439, Cost: $0.00073
2026-02-25 13:00:00,730 - Knowledge - INFO - Worker kw5 processing /app/data/T0015/326202/b9060hi/Rufesi/firmware/development/rfi_perftest.h
2026-02-25 13:00:01,347 - Knowledge - INFO - Fast-tracked /app/data/T0015/326202/b9060hi/Rufesi/firmware/ext/option/cc949.c (ext=.c, size=559081)
2026-02-25 13:00:01,471 - Knowledge - INFO - process ingested knowledge for /app/data/T0015/326202/b9060hi/Rufesi/firmware/config/boards/NUCLEO_F767/board.mk
2026-02-25 13:00:01,599 - Knowledge - INFO - process ingested knowledge for /app/data/T0015/326202/b9060hi/Rufesi/firmware/config/engines/GY6_139QMB.cpp
2026-02-25 13:00:01,709 - Knowledge - INFO - Fast-tracked /app/data/T0015/326202/b9060hi/Rufesi/firmware/docs/rusefi_custom_chibios.txt (ext=.txt, size=1156)
2026-02-25 13:00:01,848 - Knowledge - INFO - Fast-tracked /app/data/T0015/326202/b9060hi/Rufesi/firmware/development/test/test.c (ext=.c, size=7484)
2026-02-25 13:00:02,229 - Knowledge - INFO - Worker kw4 processing /app/data/T0015/326202/b9060hi/Rufesi/firmware/development/wave_analyzer.h
2026-02-25 13:00:02,677 - Knowledge - INFO - process ingested knowledge for /app/data/T0015/326202/b9060hi/Rufesi/firmware/config/stm32f1egt/chconf.h
2026-02-25 13:00:02,848 - Knowledge - INFO - Batch sizing: calculated=6, max_allowed=10, queue=318, active_workers=20/20
2026-02-25 13:00:03,166 - Knowledge - INFO - done ingest for /app/data/T0015/326202/b9060hi/Rufesi/firmware/config/stm32f7ems/halconf.h
2026-02-25 13:00:03,187 - Knowledge - INFO - [LLM_CALL] Completed: ccsbcs.c:chunk1, Duration: 19617ms, PromptTokens: 43228, CompletionTokens: 251, Cost: $0.00442
2026-02-25 13:00:03,299 - Knowledge - INFO - Fast-tracked /app/data/T0015/326202/b9060hi/Rufesi/firmware/development/rfi_perftest.h (ext=.h, size=252)
2026-02-25 13:00:03,419 - Knowledge - INFO - process ingested knowledge for /app/data/T0015/326202/b9060hi/Rufesi/firmware/config/stm32f4ems/halconf_community.h
2026-02-25 13:00:03,422 - Knowledge - INFO - Worker kw6 processing /app/data/T0015/326202/b9060hi/Rufesi/firmware/ext/diskio.h
2026-02-25 13:00:03,898 - Knowledge - INFO - Worker kw13 processing /app/data/T0015/326202/b9060hi/Rufesi/firmware/coverity.yml
2026-02-25 13:00:04,062 - Knowledge - INFO - Worker kw14 processing /app/data/T0015/326202/b9060hi/Rufesi/firmware/development/test/testbmk.c
2026-02-25 13:00:04,181 - Knowledge - INFO - process ingested knowledge for /app/data/T0015/326202/b9060hi/Rufesi/firmware/config/boards/NUCLEO_F767/board.c
2026-02-25 13:00:04,189 - Knowledge - INFO - process ingested knowledge for /app/data/T0015/326202/b9060hi/Rufesi/firmware/config/engines/saturn_ion.cpp
2026-02-25 13:00:04,234 - Knowledge - INFO - Fast-tracked /app/data/T0015/326202/b9060hi/Rufesi/firmware/development/wave_analyzer.h (ext=.h, size=1557)
2026-02-25 13:00:04,477 - Knowledge - INFO - process ingested knowledge for /app/data/T0015/326202/b9060hi/Rufesi/firmware/config/stm32f4ems/mcuconf.h
2026-02-25 13:00:04,655 - Knowledge - INFO - done ingest for /app/data/T0015/326202/b9060hi/Rufesi/firmware/ext/option/ccsbcs.c
2026-02-25 13:00:04,675 - Knowledge - INFO - [LLM_CALL] Completed: cli_registry.cpp:chunk1, Duration: 38505ms, PromptTokens: 9126, CompletionTokens: 1277, Cost: $0.00142
2026-02-25 13:00:04,854 - Knowledge - INFO - Worker kw5 processing /app/data/T0015/326202/b9060hi/Rufesi/firmware/development/engine_sniffer.cpp
2026-02-25 13:00:05,307 - Knowledge - INFO - Worker kw6 processing /app/data/T0015/326202/b9060hi/Rufesi/firmware/ext/ff.c
2026-02-25 13:00:05,340 - Knowledge - INFO - process ingested knowledge for /app/data/T0015/326202/b9060hi/Rufesi/firmware/config/stm32f4ems/chconf.h
2026-02-25 13:00:05,453 - Knowledge - INFO - Fast-tracked /app/data/T0015/326202/b9060hi/Rufesi/firmware/coverity.yml (ext=.yml, size=174)
2026-02-25 13:00:05,688 - Knowledge - INFO - Fast-tracked /app/data/T0015/326202/b9060hi/Rufesi/firmware/development/test/testbmk.c (ext=.c, size=17509)
2026-02-25 13:00:06,001 - Knowledge - INFO - Worker kw4 processing /app/data/T0015/326202/b9060hi/Rufesi/firmware/development/rfi_perftest.cpp
2026-02-25 13:00:06,371 - Knowledge - INFO - done ingest for /app/data/T0015/326202/b9060hi/Rufesi/firmware/util/cli_registry.cpp
2026-02-25 13:00:06,372 - Knowledge - INFO - [LLM_CALL] Completed: ffconf.h:chunk1, Duration: 24299ms, PromptTokens: 6168, CompletionTokens: 416, Cost: $0.00078
2026-02-25 13:00:06,531 - Knowledge - INFO - Worker kw5 processing /app/data/T0015/326202/b9060hi/Rufesi/firmware/development/hw_layer/poten.h
2026-02-25 13:00:06,696 - Knowledge - INFO - Fast-tracked /app/data/T0015/326202/b9060hi/Rufesi/firmware/ext/ff.c (ext=.c, size=213018)
2026-02-25 13:00:07,014 - Knowledge - INFO - Worker kw13 processing /app/data/T0015/326202/b9060hi/Rufesi/firmware/egt2can.cpp
2026-02-25 13:00:07,189 - Knowledge - INFO - Worker kw14 processing /app/data/T0015/326202/b9060hi/Rufesi/firmware/development/engine_sniffer.h
2026-02-25 13:00:07,424 - Knowledge - INFO - Worker kw4 processing /app/data/T0015/326202/b9060hi/Rufesi/firmware/development/sensor_chart.h
2026-02-25 13:00:07,791 - Knowledge - INFO - process ingested knowledge for /app/data/T0015/326202/b9060hi/Rufesi/firmware/config/engines/geo_storm.cpp
2026-02-25 13:00:07,806 - Knowledge - INFO - done ingest for /app/data/T0015/326202/b9060hi/Rufesi/firmware/ext/ffconf.h
2026-02-25 13:00:07,887 - Knowledge - INFO - Async storing batch of 6 embeddings
2026-02-25 13:00:07,893 - Knowledge - INFO - [LLM_CALL] Completed: efilib.cpp:chunk1, Duration: 53509ms, PromptTokens: 5620, CompletionTokens: 1041, Cost: $0.00098
2026-02-25 13:00:07,998 - Knowledge - INFO - Fast-tracked /app/data/T0015/326202/b9060hi/Rufesi/firmware/development/hw_layer/poten.h (ext=.h, size=639)
2026-02-25 13:00:08,187 - Knowledge - INFO - Fast-tracked /app/data/T0015/326202/b9060hi/Rufesi/firmware/ext/diskio.h (small file (2627 bytes))
2026-02-25 13:00:08,189 - Knowledge - INFO - Fast-tracked /app/data/T0015/326202/b9060hi/Rufesi/firmware/egt2can.cpp (ext=.cpp, size=1457)
2026-02-25 13:00:08,350 - Knowledge - INFO - Fast-tracked /app/data/T0015/326202/b9060hi/Rufesi/firmware/development/engine_sniffer.h (ext=.h, size=826)
2026-02-25 13:00:08,440 - Knowledge - INFO - Fast-tracked /app/data/T0015/326202/b9060hi/Rufesi/firmware/development/sensor_chart.h (ext=.h, size=273)
2026-02-25 13:00:08,836 - Knowledge - INFO - Worker kw7 processing /app/data/T0015/326202/b9060hi/Rufesi/firmware/development/hw_layer/poten.cpp
2026-02-25 13:00:08,988 - Knowledge - INFO - done ingest for /app/data/T0015/326202/b9060hi/Rufesi/firmware/util/efilib.cpp
2026-02-25 13:00:09,035 - Knowledge - INFO - done ingest for /app/data/T0015/326202/b9060hi/Rufesi/firmware/config/stm32f0egt/halconf.h
2026-02-25 13:00:09,065 - Knowledge - INFO - [kw9] Queue=312, InProgress=0, PendingWorkers=20/20, Completed=1065/1454 (73.2%)
2026-02-25 13:00:09,170 - Knowledge - INFO - Async storage completed for 8 embeddings
2026-02-25 13:00:09,332 - Knowledge - INFO - Worker kw13 processing /app/data/T0015/326202/b9060hi/Rufesi/firmware/exception.txt
2026-02-25 13:00:09,416 - Knowledge - INFO - [kw20] Queue=312, InProgress=0, PendingWorkers=20/20, Completed=1067/1454 (73.4%)
2026-02-25 13:00:09,446 - Knowledge - INFO - Worker kw14 processing /app/data/T0015/326202/b9060hi/Rufesi/firmware/development/engine_emulator.h
2026-02-25 13:00:09,621 - Knowledge - INFO - Fast-tracked /app/data/T0015/326202/b9060hi/Rufesi/firmware/development/sensor_chart.cpp (small file (2085 bytes))
2026-02-25 13:00:09,752 - Knowledge - INFO - process ingested knowledge for /app/data/T0015/326202/b9060hi/Rufesi/firmware/config/engines/mazda_626.h
2026-02-25 13:00:09,753 - Knowledge - INFO - Worker kw7 processing /app/data/T0015/326202/b9060hi/Rufesi/firmware/development/engine_emulator.cpp
2026-02-25 13:00:10,140 - Knowledge - INFO - Batch sizing: calculated=6, max_allowed=10, queue=312, active_workers=20/20
2026-02-25 13:00:10,260 - Knowledge - INFO - [LLM_CALL] Completed: ff.h:chunk1, Duration: 30710ms, PromptTokens: 8462, CompletionTokens: 906, Cost: $0.00121
2026-02-25 13:00:10,680 - Knowledge - INFO - Fast-tracked /app/data/T0015/326202/b9060hi/Rufesi/firmware/exception.txt (ext=.txt, size=2207)
2026-02-25 13:00:10,774 - Knowledge - INFO - Batch sizing: calculated=6, max_allowed=10, queue=312, active_workers=20/20
2026-02-25 13:00:10,851 - Knowledge - INFO - Fast-tracked /app/data/T0015/326202/b9060hi/Rufesi/firmware/development/trigger_emulator.cpp (small file (2033 bytes))
2026-02-25 13:00:11,015 - Knowledge - INFO - Fast-tracked /app/data/T0015/326202/b9060hi/Rufesi/firmware/development/engine_emulator.h (ext=.h, size=287)
2026-02-25 13:00:11,188 - Knowledge - INFO - [kw11] Queue=312, InProgress=0, PendingWorkers=20/20, Completed=1070/1454 (73.6%)
2026-02-25 13:00:11,596 - Knowledge - INFO - Worker kw7 processing /app/data/T0015/326202/b9060hi/Rufesi/firmware/ext_algo/readme.txt
2026-02-25 13:00:11,778 - Knowledge - INFO - done ingest for /app/data/T0015/326202/b9060hi/Rufesi/firmware/ext/ff.h
2026-02-25 13:00:11,956 - Knowledge - INFO - Async storage completed for 6 embeddings
2026-02-25 13:00:12,277 - Knowledge - INFO - Async storing batch of 6 embeddings
2026-02-25 13:00:12,400 - Knowledge - INFO - [LLM_CALL] Completed: datalogging.cpp:chunk1, Duration: 52428ms, PromptTokens: 5560, CompletionTokens: 678, Cost: $0.00083
2026-02-25 13:00:12,453 - Knowledge - INFO - Async storage completed for 6 embeddings
2026-02-25 13:00:12,634 - Knowledge - INFO - Batch sizing: calculated=6, max_allowed=10, queue=312, active_workers=20/20
2026-02-25 13:00:12,767 - Knowledge - INFO - process ingested knowledge for /app/data/T0015/326202/b9060hi/Rufesi/firmware/config/engines/honda_600.cpp
2026-02-25 13:00:12,767 - Knowledge - INFO - Fast-tracked /app/data/T0015/326202/b9060hi/Rufesi/firmware/ext_algo/readme.txt (ext=.txt, size=37)
2026-02-25 13:00:13,214 - Knowledge - INFO - Worker kw9 processing /app/data/T0015/326202/b9060hi/Rufesi/firmware/console/eficonsole.cpp
2026-02-25 13:00:13,321 - Knowledge - INFO - done ingest for /app/data/T0015/326202/b9060hi/Rufesi/firmware/util/datalogging.cpp
2026-02-25 13:00:13,385 - Knowledge - INFO - Async storing batch of 6 embeddings
2026-02-25 13:00:13,640 - Knowledge - INFO - done ingest for /app/data/T0015/326202/b9060hi/Rufesi/firmware/config/stm32f7ems/chconf.h
2026-02-25 13:00:13,665 - Knowledge - INFO - Async storage completed for 6 embeddings
2026-02-25 13:00:13,827 - Knowledge - INFO - Worker kw7 processing /app/data/T0015/326202/b9060hi/Rufesi/firmware/ext_algo/utlist.h
2026-02-25 13:00:13,976 - Knowledge - INFO - Worker kw9 processing /app/data/T0015/326202/b9060hi/Rufesi/firmware/console/status_loop.cpp
2026-02-25 13:00:13,986 - Knowledge - INFO - [LLM_CALL] Completed: crc.c:chunk1, Duration: 39153ms, PromptTokens: 6162, CompletionTokens: 245, Cost: $0.00071
2026-02-25 13:00:14,140 - Knowledge - INFO - process ingested knowledge for /app/data/T0015/326202/b9060hi/Rufesi/firmware/config/engines/GY6_139QMB.h
2026-02-25 13:00:14,250 - Knowledge - INFO - Worker kw20 processing /app/data/T0015/326202/b9060hi/Rufesi/firmware/console/binary/tunerstudio_io.cpp
2026-02-25 13:00:14,303 - Knowledge - INFO - Async storage completed for 6 embeddings
2026-02-25 13:00:14,486 - Knowledge - INFO - [kw12] Queue=294, InProgress=0, PendingWorkers=20/20, Completed=1082/1454 (74.4%)
2026-02-25 13:00:14,603 - Knowledge - INFO - Worker kw7 processing /app/data/T0015/326202/b9060hi/Rufesi/firmware/svnversion.h
2026-02-25 13:00:14,706 - Knowledge - INFO - Worker kw9 processing /app/data/T0015/326202/b9060hi/Rufesi/firmware/console/console.mk
2026-02-25 13:00:14,811 - Knowledge - INFO - done ingest for /app/data/T0015/326202/b9060hi/Rufesi/firmware/util/crc.c
2026-02-25 13:00:14,816 - Knowledge - INFO - Async storing batch of 6 embeddings
2026-02-25 13:00:14,822 - Knowledge - INFO - done ingest for /app/data/T0015/326202/b9060hi/Rufesi/firmware/config/stm32f7ems/mcuconf.h
2026-02-25 13:00:14,824 - Knowledge - INFO - [WEBSOCKET] Sent: Type=progress_update, Size: 295, Duration: 8ms
2026-02-25 13:00:15,004 - Knowledge - INFO - Worker kw20 processing /app/data/T0015/326202/b9060hi/Rufesi/firmware/console/binary/bluetooth_readme.txt
2026-02-25 13:00:15,211 - Knowledge - INFO - Batch sizing: calculated=6, max_allowed=10, queue=294, active_workers=20/20
2026-02-25 13:00:15,316 - Knowledge - INFO - Fast-tracked /app/data/T0015/326202/b9060hi/Rufesi/firmware/svnversion.h (ext=.h, size=220)
2026-02-25 13:00:15,401 - Knowledge - INFO - Fast-tracked /app/data/T0015/326202/b9060hi/Rufesi/firmware/console/console.mk (ext=.mk, size=157)
2026-02-25 13:00:15,614 - Knowledge - INFO - Worker kw11 processing /app/data/T0015/326202/b9060hi/Rufesi/firmware/console/eficonsole.h
2026-02-25 13:00:16,145 - Knowledge - INFO - [WEBSOCKET] Sent: Type=unknown, Size: ?, Duration: 1328ms
2026-02-25 13:00:16,203 - Knowledge - INFO - Fast-tracked /app/data/T0015/326202/b9060hi/Rufesi/firmware/console/binary/bluetooth_readme.txt (ext=.txt, size=2474)
2026-02-25 13:00:16,516 - Knowledge - INFO - Worker kw7 processing /app/data/T0015/326202/b9060hi/Rufesi/firmware/console/console_io.h
2026-02-25 13:00:16,656 - Knowledge - INFO - Worker kw9 processing /app/data/T0015/326202/b9060hi/Rufesi/firmware/console/binary/tunerstudio.h
2026-02-25 13:00:16,838 - Knowledge - INFO - Fast-tracked /app/data/T0015/326202/b9060hi/Rufesi/firmware/console/eficonsole.h (ext=.h, size=331)
2026-02-25 13:00:17,029 - Knowledge - INFO - Progress: 74.3% | Files: 1093/1454 | Rate: 1.63 files/sec | Queue: 288
2026-02-25 13:00:17,115 - Knowledge - INFO - Async storing batch of 6 embeddings
2026-02-25 13:00:17,136 - Knowledge - INFO - Worker kw20 processing /app/data/T0015/326202/b9060hi/Rufesi/firmware/console/binary/tunerstudio_configuration.h
2026-02-25 13:00:17,147 - Knowledge - INFO - [LLM_CALL] Completed: board.h:chunk2, Duration: 19733ms, PromptTokens: 16078, CompletionTokens: 1439, Cost: $0.00218
2026-02-25 13:00:17,219 - Knowledge - INFO - [kw2] Queue=288, InProgress=0, PendingWorkers=20/20, Completed=1095/1454 (75.3%)
2026-02-25 13:00:17,288 - Knowledge - INFO - Fast-tracked /app/data/T0015/326202/b9060hi/Rufesi/firmware/console/console_io.h (ext=.h, size=1050)
2026-02-25 13:00:17,431 - Knowledge - INFO - Worker kw9 processing /app/data/T0015/326202/b9060hi/Rufesi/firmware/console/binary/tunerstudio.mk
2026-02-25 13:00:17,549 - Knowledge - INFO - Worker kw11 processing /app/data/T0015/326202/b9060hi/Rufesi/firmware/console/status_loop.h
2026-02-25 13:00:17,695 - Knowledge - INFO - [kw18] Queue=288, InProgress=0, PendingWorkers=20/20, Completed=1095/1454 (75.3%)
2026-02-25 13:00:17,802 - Knowledge - INFO - Worker kw12 processing /app/data/T0015/326202/b9060hi/Rufesi/firmware/hw_layer/adc_inputs.h
2026-02-25 13:00:17,914 - Knowledge - INFO - Worker kw20 processing /app/data/T0015/326202/b9060hi/Rufesi/firmware/console/binary/tunerstudio_io.h
2026-02-25 13:00:18,126 - Knowledge - INFO - Processing batch of 6 files
2026-02-25 13:00:18,161 - Knowledge - INFO - Processing batch of 6 files
2026-02-25 13:00:18,226 - Knowledge - INFO - Batch sizing: calculated=6, max_allowed=10, queue=288, active_workers=20/20
2026-02-25 13:00:18,306 - Knowledge - INFO - Processing batch of 6 files
2026-02-25 13:00:18,399 - Knowledge - INFO - Processing batch of 6 files
2026-02-25 13:00:18,421 - Knowledge - INFO - Processing batch of 6 files
2026-02-25 13:00:18,600 - Knowledge - INFO - Fast-tracked /app/data/T0015/326202/b9060hi/Rufesi/firmware/console/binary/tunerstudio.mk (ext=.mk, size=169)
2026-02-25 13:00:18,663 - Knowledge - INFO - Fast-tracked /app/data/T0015/326202/b9060hi/Rufesi/firmware/console/status_loop.h (ext=.h, size=550)
2026-02-25 13:00:18,767 - Knowledge - INFO - Batch sizing: calculated=6, max_allowed=10, queue=288, active_workers=20/20
2026-02-25 13:00:18,932 - Knowledge - INFO - Fast-tracked /app/data/T0015/326202/b9060hi/Rufesi/firmware/hw_layer/adc_inputs.h (ext=.h, size=1777)
2026-02-25 13:00:19,079 - Knowledge - INFO - [kw17] Queue=288, InProgress=0, PendingWorkers=20/20, Completed=1107/1454 (76.1%)
2026-02-25 13:00:19,081 - Knowledge - INFO - Worker kw20 processing /app/data/T0015/326202/b9060hi/Rufesi/firmware/console/binary/bluetooth.cpp
2026-02-25 13:00:19,093 - Knowledge - INFO - Processing batch of 6 files
2026-02-25 13:00:19,162 - Knowledge - INFO - process ingested knowledge for /app/data/T0015/326202/b9060hi/Rufesi/firmware/util/biquad.cpp
2026-02-25 13:00:19,269 - Knowledge - INFO - process ingested knowledge for /app/data/T0015/326202/b9060hi/Rufesi/firmware/util/cli_registry.h
2026-02-25 13:00:19,357 - Knowledge - INFO - Processing batch of 6 files
2026-02-25 13:00:19,531 - Knowledge - INFO - Async storing batch of 8 embeddings
2026-02-25 13:00:19,719 - Knowledge - INFO - process ingested knowledge for /app/data/T0015/326202/b9060hi/Rufesi/firmware/ext/ext.mk
2026-02-25 13:00:19,751 - Knowledge - INFO - Processing batch of 6 files
2026-02-25 13:00:19,756 - Knowledge - WARNING - Timeout processing /app/data/T0015/326202/b9060hi/Rufesi/firmware/config/boards/ST_STM32F4/board.h after 90s - using fallback metadata
2026-02-25 13:00:19,766 - Knowledge - INFO - [LLM_CALL] Completed: loggingcentral.cpp:chunk1, Duration: 47020ms, PromptTokens: 2966, CompletionTokens: 453, Cost: $0.00048
2026-02-25 13:00:19,913 - Knowledge - INFO - process ingested knowledge for /app/data/T0015/326202/b9060hi/Rufesi/firmware/util/util.mk
2026-02-25 13:00:20,013 - Knowledge - INFO - process ingested knowledge for /app/data/T0015/326202/b9060hi/Rufesi/firmware/ext/option/cc936.c
2026-02-25 13:00:20,105 - Knowledge - INFO - Worker kw9 processing /app/data/T0015/326202/b9060hi/Rufesi/firmware/console/binary/bluetooth.h
2026-02-25 13:00:20,233 - Knowledge - INFO - Worker kw11 processing /app/data/T0015/326202/b9060hi/Rufesi/firmware/console/console_io.cpp
2026-02-25 13:00:20,487 - Knowledge - INFO - Fast-tracked /app/data/T0015/326202/b9060hi/Rufesi/firmware/development/engine_emulator.cpp (small file (2359 bytes))
2026-02-25 13:00:20,527 - Knowledge - INFO - Worker kw12 processing /app/data/T0015/326202/b9060hi/Rufesi/firmware/hw_layer/pwm_generator.h
2026-02-25 13:00:20,624 - Knowledge - INFO - Batch sizing: calculated=6, max_allowed=10, queue=288, active_workers=20/20
2026-02-25 13:00:20,754 - Knowledge - INFO - Worker kw20 processing /app/data/T0015/326202/b9060hi/Rufesi/firmware/console/binary/tunerstudio.cpp
2026-02-25 13:00:20,842 - Knowledge - INFO - process ingested knowledge for /app/data/T0015/326202/b9060hi/Rufesi/firmware/ext/ffunicode.c
2026-02-25 13:00:21,062 - Knowledge - INFO - process ingested knowledge for /app/data/T0015/326202/b9060hi/Rufesi/firmware/util/datalogging.h
2026-02-25 13:00:21,185 - Knowledge - INFO - process ingested knowledge for /app/data/T0015/326202/b9060hi/Rufesi/firmware/util/cyclic_buffer.h
2026-02-25 13:00:21,307 - Knowledge - INFO - process ingested knowledge for /app/data/T0015/326202/b9060hi/Rufesi/firmware/development/test/testbmk.h
2026-02-25 13:00:21,412 - Knowledge - INFO - Worker kw2 processing /app/data/T0015/326202/b9060hi/Rufesi/firmware/hw_layer/mass_storage/Readme.md
2026-02-25 13:00:21,537 - Knowledge - INFO - process ingested knowledge for /app/data/T0015/326202/b9060hi/Rufesi/firmware/globalaccess.h
2026-02-25 13:00:21,621 - Knowledge - INFO - process ingested knowledge for /app/data/T0015/326202/b9060hi/Rufesi/firmware/config/stm32f7ems/mcuconf.h
2026-02-25 13:00:21,836 - Knowledge - INFO - done ingest for /app/data/T0015/326202/b9060hi/Rufesi/firmware/util/loggingcentral.cpp
2026-02-25 13:00:21,852 - Knowledge - INFO - Async storing batch of 6 embeddings
2026-02-25 13:00:21,973 - Knowledge - INFO - process ingested knowledge for /app/data/T0015/326202/b9060hi/Rufesi/firmware/util/efilib.cpp
2026-02-25 13:00:22,095 - Knowledge - INFO - process ingested knowledge for /app/data/T0015/326202/b9060hi/Rufesi/firmware/ext/option/cc950.c
2026-02-25 13:00:22,142 - Knowledge - INFO - Processing batch of 6 files
2026-02-25 13:00:22,226 - Knowledge - INFO - Fast-tracked /app/data/T0015/326202/b9060hi/Rufesi/firmware/console/binary/bluetooth.h (ext=.h, size=1352)
2026-02-25 13:00:22,313 - Knowledge - INFO - Worker kw11 processing /app/data/T0015/326202/b9060hi/Rufesi/firmware/hw_layer/stm32f1/mpu_util.cpp
2026-02-25 13:00:22,534 - Knowledge - INFO - Fast-tracked /app/data/T0015/326202/b9060hi/Rufesi/firmware/hw_layer/pwm_generator.h (ext=.h, size=455)
2026-02-25 13:00:22,681 - Knowledge - INFO - Async storing batch of 8 embeddings
2026-02-25 13:00:22,902 - Knowledge - INFO - process ingested knowledge for /app/data/T0015/326202/b9060hi/Rufesi/firmware/ext/readme.txt
2026-02-25 13:00:23,049 - Knowledge - INFO - process ingested knowledge for /app/data/T0015/326202/b9060hi/Rufesi/firmware/util/histogram.c
2026-02-25 13:00:23,211 - Knowledge - INFO - [LLM_CALL] Completed: rfi_perftest.cpp:chunk1, Duration: 11402ms, PromptTokens: 6360, CompletionTokens: 654, Cost: $0.00090
2026-02-25 13:00:23,220 - Knowledge - INFO - process ingested knowledge for /app/data/T0015/326202/b9060hi/Rufesi/firmware/util/loggingcentral.h
2026-02-25 13:00:23,355 - Knowledge - INFO - process ingested knowledge for /app/data/T0015/326202/b9060hi/Rufesi/firmware/development/test/test.h
2026-02-25 13:00:23,496 - Knowledge - INFO - Fast-tracked /app/data/T0015/326202/b9060hi/Rufesi/firmware/hw_layer/mass_storage/Readme.md (ext=.md, size=838)
2026-02-25 13:00:23,580 - Knowledge - INFO - process ingested knowledge for /app/data/T0015/326202/b9060hi/Rufesi/firmware/docs/rusefi_custom_chibios.txt
2026-02-25 13:00:23,661 - Knowledge - INFO - process ingested knowledge for /app/data/T0015/326202/b9060hi/Rufesi/firmware/config/stm32f7ems/halconf.h
2026-02-25 13:00:23,964 - Knowledge - INFO - Worker kw18 processing /app/data/T0015/326202/b9060hi/Rufesi/firmware/hw_layer/stepper.cpp
2026-02-25 13:00:24,084 - Knowledge - INFO - process ingested knowledge for /app/data/T0015/326202/b9060hi/Rufesi/firmware/util/biquad.h
2026-02-25 13:00:24,196 - Knowledge - INFO - process ingested knowledge for /app/data/T0015/326202/b9060hi/Rufesi/firmware/ext/option/cc932.c
2026-02-25 13:00:24,311 - Knowledge - INFO - process ingested knowledge for /app/data/T0015/326202/b9060hi/Rufesi/firmware/config/boards/Prometheus/halconf.h
2026-02-25 13:00:24,476 - Knowledge - INFO - Fast-tracked /app/data/T0015/326202/b9060hi/Rufesi/firmware/hw_layer/stm32f1/mpu_util.cpp (ext=.cpp, size=185)
2026-02-25 13:00:24,547 - Knowledge - INFO - Worker kw12 processing /app/data/T0015/326202/b9060hi/Rufesi/firmware/hw_layer/servo.cpp
2026-02-25 13:00:24,629 - Knowledge - INFO - Worker kw17 processing /app/data/T0015/326202/b9060hi/Rufesi/firmware/hw_layer/digital_input_exti.h
2026-02-25 13:00:24,652 - Knowledge - INFO - Async storage completed for 6 embeddings
2026-02-25 13:00:24,688 - Knowledge - INFO - process ingested knowledge for /app/data/T0015/326202/b9060hi/Rufesi/firmware/ext/ff.h
2026-02-25 13:00:24,783 - Knowledge - INFO - process ingested knowledge for /app/data/T0015/326202/b9060hi/Rufesi/firmware/license.txt
2026-02-25 13:00:24,866 - Knowledge - INFO - done ingest for /app/data/T0015/326202/b9060hi/Rufesi/firmware/development/rfi_perftest.cpp
2026-02-25 13:00:24,943 - Knowledge - INFO - process ingested knowledge for /app/data/T0015/326202/b9060hi/Rufesi/firmware/util/efilib2.cpp
2026-02-25 13:00:25,002 - Knowledge - INFO - Processing batch of 6 files
2026-02-25 13:00:25,020 - Knowledge - INFO - process ingested knowledge for /app/data/T0015/326202/b9060hi/Rufesi/firmware/development/test/test.c
2026-02-25 13:00:25,092 - Knowledge - INFO - Worker kw2 processing /app/data/T0015/326202/b9060hi/Rufesi/firmware/hw_layer/board_test.cpp
2026-02-25 13:00:25,167 - Knowledge - INFO - process ingested knowledge for /app/data/T0015/326202/b9060hi/Rufesi/firmware/coverity.yml
2026-02-25 13:00:25,280 - Knowledge - INFO - process ingested knowledge for /app/data/T0015/326202/b9060hi/Rufesi/firmware/config/stm32f7ems/efifeatures.h
2026-02-25 13:00:25,368 - Knowledge - INFO - Worker kw18 processing /app/data/T0015/326202/b9060hi/Rufesi/firmware/hw_layer/hardware.h
2026-02-25 13:00:25,471 - Knowledge - INFO - process ingested knowledge for /app/data/T0015/326202/b9060hi/Rufesi/firmware/util/readme.txt
2026-02-25 13:00:25,624 - Knowledge - INFO - process ingested knowledge for /app/data/T0015/326202/b9060hi/Rufesi/firmware/ext/option/cc949.c
2026-02-25 13:00:25,652 - Knowledge - INFO - [LLM_CALL] Completed: engine_sniffer.cpp:chunk1, Duration: 13264ms, PromptTokens: 4600, CompletionTokens: 712, Cost: $0.00074
2026-02-25 13:00:25,751 - Knowledge - INFO - process ingested knowledge for /app/data/T0015/326202/b9060hi/Rufesi/firmware/config/boards/Prometheus/board.c
2026-02-25 13:00:25,822 - Knowledge - INFO - Worker kw11 processing /app/data/T0015/326202/b9060hi/Rufesi/firmware/hw_layer/stm32f1/mpu_util.h
2026-02-25 13:00:25,924 - Knowledge - INFO - Fast-tracked /app/data/T0015/326202/b9060hi/Rufesi/firmware/hw_layer/servo.cpp (ext=.cpp, size=1798)
2026-02-25 13:00:26,040 - Knowledge - INFO - Fast-tracked /app/data/T0015/326202/b9060hi/Rufesi/firmware/hw_layer/digital_input_exti.h (ext=.h, size=391)
2026-02-25 13:00:26,229 - Knowledge - INFO - process ingested knowledge for /app/data/T0015/326202/b9060hi/Rufesi/firmware/ext/fatfs.mk
2026-02-25 13:00:26,309 - Knowledge - INFO - process ingested knowledge for /app/data/T0015/326202/b9060hi/Rufesi/firmware/ext/ffconf.h
2026-02-25 13:00:26,475 - Knowledge - INFO - process ingested knowledge for /app/data/T0015/326202/b9060hi/Rufesi/firmware/util/crc.h
2026-02-25 13:00:26,554 - Knowledge - INFO - process ingested knowledge for /app/data/T0015/326202/b9060hi/Rufesi/firmware/util/cli_registry.cpp
2026-02-25 13:00:26,644 - Knowledge - INFO - process ingested knowledge for /app/data/T0015/326202/b9060hi/Rufesi/firmware/development/test/testbmk.c
2026-02-25 13:00:26,734 - Knowledge - INFO - Worker kw2 processing /app/data/T0015/326202/b9060hi/Rufesi/firmware/hw_layer/serial_over_usb/usbcfg.h
2026-02-25 13:00:26,853 - Knowledge - INFO - process ingested knowledge for /app/data/T0015/326202/b9060hi/Rufesi/firmware/egt2can.cpp
2026-02-25 13:00:26,933 - Knowledge - INFO - process ingested knowledge for /app/data/T0015/326202/b9060hi/Rufesi/firmware/config/stm32f7ems/chconf.h
2026-02-25 13:00:27,050 - Knowledge - INFO - Fast-tracked /app/data/T0015/326202/b9060hi/Rufesi/firmware/hw_layer/hardware.h (ext=.h, size=1565)
2026-02-25 13:00:27,122 - Knowledge - INFO - process ingested knowledge for /app/data/T0015/326202/b9060hi/Rufesi/firmware/util/datalogging.cpp
2026-02-25 13:00:27,244 - Knowledge - INFO - process ingested knowledge for /app/data/T0015/326202/b9060hi/Rufesi/firmware/ext/diskio.h
2026-02-25 13:00:27,351 - Knowledge - INFO - done ingest for /app/data/T0015/326202/b9060hi/Rufesi/firmware/development/engine_sniffer.cpp
2026-02-25 13:00:27,427 - Knowledge - INFO - Processing batch of 6 files
2026-02-25 13:00:27,444 - Knowledge - INFO - process ingested knowledge for /app/data/T0015/326202/b9060hi/Rufesi/firmware/config/boards/Prometheus/efifeatures.h
2026-02-25 13:00:27,539 - Knowledge - INFO - Fast-tracked /app/data/T0015/326202/b9060hi/Rufesi/firmware/hw_layer/stm32f1/mpu_util.h (ext=.h, size=327)
2026-02-25 13:00:27,676 - Knowledge - INFO - Worker kw12 processing /app/data/T0015/326202/b9060hi/Rufesi/firmware/hw_layer/mass_storage/usb_msd_cfg.h
2026-02-25 13:00:27,786 - Knowledge - INFO - Worker kw17 processing /app/data/T0015/326202/b9060hi/Rufesi/firmware/hw_layer/accelerometer.cpp
2026-02-25 13:00:27,872 - Knowledge - INFO - process ingested knowledge for /app/data/T0015/326202/b9060hi/Rufesi/firmware/ext/option/unicode.c
2026-02-25 13:00:28,001 - Knowledge - INFO - process ingested knowledge for /app/data/T0015/326202/b9060hi/Rufesi/firmware/ext/integer.h
2026-02-25 13:00:28,072 - Knowledge - INFO - process ingested knowledge for /app/data/T0015/326202/b9060hi/Rufesi/firmware/util/pid.cpp
2026-02-25 13:00:28,166 - Knowledge - INFO - process ingested knowledge for /app/data/T0015/326202/b9060hi/Rufesi/firmware/util/efilib.h
2026-02-25 13:00:28,254 - Knowledge - INFO - process ingested knowledge for /app/data/T0015/326202/b9060hi/Rufesi/firmware/development/engine_sniffer.h
2026-02-25 13:00:28,372 - Knowledge - INFO - Fast-tracked /app/data/T0015/326202/b9060hi/Rufesi/firmware/hw_layer/serial_over_usb/usbcfg.h (ext=.h, size=789)
2026-02-25 13:00:28,485 - Knowledge - INFO - process ingested knowledge for /app/data/T0015/326202/b9060hi/Rufesi/firmware/exception.txt
2026-02-25 13:00:28,572 - Knowledge - INFO - process ingested knowledge for /app/data/T0015/326202/b9060hi/Rufesi/firmware/config/stm32f0egt/mcuconf.h
2026-02-25 13:00:28,652 - Knowledge - INFO - Worker kw18 processing /app/data/T0015/326202/b9060hi/Rufesi/firmware/hw_layer/flash.h
2026-02-25 13:00:28,738 - Knowledge - INFO - process ingested knowledge for /app/data/T0015/326202/b9060hi/Rufesi/firmware/util/listener_array.h
2026-02-25 13:00:28,824 - Knowledge - INFO - process ingested knowledge for /app/data/T0015/326202/b9060hi/Rufesi/firmware/ext/ff.c
2026-02-25 13:00:28,993 - Knowledge - INFO - Fast-tracked /app/data/T0015/326202/b9060hi/Rufesi/firmware/console/binary/tunerstudio.h (small file (2948 bytes))
2026-02-25 13:00:29,028 - Knowledge - INFO - process ingested knowledge for /app/data/T0015/326202/b9060hi/Rufesi/firmware/development/sensor_chart.cpp
2026-02-25 13:00:29,156 - Knowledge - INFO - process ingested knowledge for /app/data/T0015/326202/b9060hi/Rufesi/firmware/config/boards/ST_STM32F4/readme.txt
2026-02-25 13:00:29,324 - Knowledge - INFO - Worker kw11 processing /app/data/T0015/326202/b9060hi/Rufesi/firmware/hw_layer/adc_external.h
2026-02-25 13:00:29,399 - Knowledge - INFO - Fast-tracked /app/data/T0015/326202/b9060hi/Rufesi/firmware/hw_layer/mass_storage/usb_msd_cfg.h (ext=.h, size=1006)
2026-02-25 13:00:29,527 - Knowledge - INFO - Worker kw17 processing /app/data/T0015/326202/b9060hi/Rufesi/firmware/hw_layer/digital_input_hw.cpp
2026-02-25 13:00:29,669 - Knowledge - INFO - process ingested knowledge for /app/data/T0015/326202/b9060hi/Rufesi/firmware/ext/option/ccsbcs.c
2026-02-25 13:00:30,025 - Knowledge - INFO - [LLM_CALL] Completed: wave_analyzer.cpp:chunk1, Duration: 20874ms, PromptTokens: 5046, CompletionTokens: 999, Cost: $0.00090
2026-02-25 13:00:30,249 - Knowledge - INFO - Worker kw2 processing /app/data/T0015/326202/b9060hi/Rufesi/firmware/hw_layer/serial_over_usb/usbconsole.c
2026-02-25 13:00:30,251 - Knowledge - INFO - process ingested knowledge for /app/data/T0015/326202/b9060hi/Rufesi/firmware/util/cyclic_buffer.cpp
2026-02-25 13:00:30,252 - Knowledge - INFO - process ingested knowledge for /app/data/T0015/326202/b9060hi/Rufesi/firmware/development/engine_emulator.h
2026-02-25 13:00:30,528 - Knowledge - INFO - Worker kw18 processing /app/data/T0015/326202/b9060hi/Rufesi/firmware/hw_layer/trigger_input.cpp
2026-02-25 13:00:30,537 - Knowledge - INFO - process ingested knowledge for /app/data/T0015/326202/b9060hi/Rufesi/firmware/config/stm32f0egt/halconf.h
2026-02-25 13:00:30,787 - Knowledge - INFO - Async storage completed for 6 embeddings
2026-02-25 13:00:31,038 - Knowledge - INFO - Fast-tracked /app/data/T0015/326202/b9060hi/Rufesi/firmware/hw_layer/adc_external.h (ext=.h, size=500)
2026-02-25 13:00:31,118 - Knowledge - INFO - Worker kw12 processing /app/data/T0015/326202/b9060hi/Rufesi/firmware/hw_layer/mass_storage/mass_storage.mk
2026-02-25 13:00:31,145 - Knowledge - INFO - process ingested knowledge for /app/data/T0015/326202/b9060hi/Rufesi/firmware/config/boards/ST_STM32F4/board.h
2026-02-25 13:00:31,216 - Knowledge - INFO - Worker kw17 processing /app/data/T0015/326202/b9060hi/Rufesi/firmware/hw_layer/cdm_ion_sense.h
2026-02-25 13:00:31,663 - Knowledge - INFO - done ingest for /app/data/T0015/326202/b9060hi/Rufesi/firmware/development/wave_analyzer.cpp
2026-02-25 13:00:31,838 - Knowledge - INFO - Fast-tracked /app/data/T0015/326202/b9060hi/Rufesi/firmware/hw_layer/serial_over_usb/usbconsole.c (ext=.c, size=1403)
2026-02-25 13:00:31,951 - Knowledge - INFO - process ingested knowledge for /app/data/T0015/326202/b9060hi/Rufesi/firmware/development/readme.txt
2026-02-25 13:00:32,159 - Knowledge - INFO - Worker kw18 processing /app/data/T0015/326202/b9060hi/Rufesi/firmware/hw_layer/microsecond_timer.h
2026-02-25 13:00:32,526 - Knowledge - INFO - Fast-tracked /app/data/T0015/326202/b9060hi/Rufesi/firmware/hw_layer/mass_storage/mass_storage.mk (ext=.mk, size=133)
2026-02-25 13:00:32,685 - Knowledge - INFO - Fast-tracked /app/data/T0015/326202/b9060hi/Rufesi/firmware/hw_layer/cdm_ion_sense.h (ext=.h, size=685)
2026-02-25 13:00:32,894 - Knowledge - INFO - Worker kw2 processing /app/data/T0015/326202/b9060hi/Rufesi/firmware/hw_layer/serial_over_usb/usbconsole.h
2026-02-25 13:00:32,898 - Knowledge - INFO - Async storage completed for 6 embeddings
2026-02-25 13:00:33,053 - Knowledge - INFO - Fast-tracked /app/data/T0015/326202/b9060hi/Rufesi/firmware/hw_layer/microsecond_timer.h (ext=.h, size=363)
2026-02-25 13:00:33,164 - Knowledge - INFO - Worker kw12 processing /app/data/T0015/326202/b9060hi/Rufesi/firmware/hw_layer/mass_storage/usb_msd_cfg.c
2026-02-25 13:00:33,287 - Knowledge - INFO - Worker kw17 processing /app/data/T0015/326202/b9060hi/Rufesi/firmware/hw_layer/mmc_card.h
2026-02-25 13:00:33,364 - Knowledge - INFO - [LLM_CALL] Completed: poten.cpp:chunk1, Duration: 14812ms, PromptTokens: 2784, CompletionTokens: 603, Cost: $0.00052
2026-02-25 13:00:33,389 - Knowledge - INFO - Fast-tracked /app/data/T0015/326202/b9060hi/Rufesi/firmware/hw_layer/serial_over_usb/usbconsole.h (ext=.h, size=343)
2026-02-25 13:00:33,611 - Knowledge - INFO - Worker kw18 processing /app/data/T0015/326202/b9060hi/Rufesi/firmware/hw_layer/pin_repository.h
2026-02-25 13:00:33,853 - Knowledge - INFO - Fast-tracked /app/data/T0015/326202/b9060hi/Rufesi/firmware/hw_layer/mmc_card.h (ext=.h, size=463)
2026-02-25 13:00:33,887 - Knowledge - INFO - Async storage completed for 6 embeddings
2026-02-25 13:00:33,943 - Knowledge - INFO - done ingest for /app/data/T0015/326202/b9060hi/Rufesi/firmware/development/hw_layer/poten.cpp
2026-02-25 13:00:34,017 - Knowledge - INFO - Worker kw2 processing /app/data/T0015/326202/b9060hi/Rufesi/firmware/hw_layer/serial_over_usb/usbcfg.c
2026-02-25 13:00:34,101 - Knowledge - INFO - Fast-tracked /app/data/T0015/326202/b9060hi/Rufesi/firmware/hw_layer/pin_repository.h (ext=.h, size=612)
2026-02-25 13:00:34,181 - Knowledge - INFO - Worker kw17 processing /app/data/T0015/326202/b9060hi/Rufesi/firmware/hw_layer/tle6240.cpp
2026-02-25 13:00:34,186 - Knowledge - INFO - process ingested knowledge for /app/data/T0015/326202/b9060hi/Rufesi/firmware/util/loggingcentral.cpp
2026-02-25 13:00:34,418 - Knowledge - INFO - process ingested knowledge for /app/data/T0015/326202/b9060hi/Rufesi/firmware/development/trigger_emulator.h
2026-02-25 13:00:34,806 - Knowledge - INFO - Fast-tracked /app/data/T0015/326202/b9060hi/Rufesi/firmware/hw_layer/tle6240.cpp (ext=.cpp, size=462)
2026-02-25 13:00:34,815 - Knowledge - INFO - process ingested knowledge for /app/data/T0015/326202/b9060hi/Rufesi/firmware/config/boards/ST_STM32F4/board.mk
2026-02-25 13:00:35,072 - Knowledge - INFO - [WEBSOCKET] Sent: Type=progress_update, Size: 293, Duration: 0ms
2026-02-25 13:00:35,392 - Knowledge - INFO - [LLM_CALL] Completed: utlist.h:chunk1, Duration: 12849ms, PromptTokens: 15742, CompletionTokens: 641, Cost: $0.00183
2026-02-25 13:00:35,748 - Knowledge - INFO - done ingest for /app/data/T0015/326202/b9060hi/Rufesi/firmware/ext_algo/utlist.h
2026-02-25 13:00:35,802 - Knowledge - INFO - [WEBSOCKET] Sent: Type=unknown, Size: ?, Duration: 730ms
2026-02-25 13:00:36,178 - Knowledge - INFO - Progress: 77.8% | Files: 1133/1454 | Rate: 1.64 files/sec | Queue: 270
2026-02-25 13:00:36,838 - Knowledge - INFO - process ingested knowledge for /app/data/T0015/326202/b9060hi/Rufesi/firmware/util/crc.c
2026-02-25 13:00:36,839 - Knowledge - INFO - Async storage completed for 6 embeddings
2026-02-25 13:00:36,858 - Knowledge - INFO - process ingested knowledge for /app/data/T0015/326202/b9060hi/Rufesi/firmware/development/wave_analyzer.h
2026-02-25 13:00:37,198 - Knowledge - INFO - [kw19] Queue=270, InProgress=0, PendingWorkers=20/20, Completed=1135/1454 (78.1%)
2026-02-25 13:00:37,209 - Knowledge - INFO - [kw10] Queue=270, InProgress=0, PendingWorkers=20/20, Completed=1135/1454 (78.1%)
2026-02-25 13:00:37,408 - Knowledge - INFO - Batch sizing: calculated=6, max_allowed=10, queue=270, active_workers=20/20
2026-02-25 13:00:37,512 - Knowledge - INFO - Batch sizing: calculated=6, max_allowed=10, queue=270, active_workers=20/20
2026-02-25 13:00:39,479 - Knowledge - INFO - process ingested knowledge for /app/data/T0015/326202/b9060hi/Rufesi/firmware/development/rfi_perftest.cpp
2026-02-25 13:00:39,688 - Knowledge - INFO - Async storing batch of 6 embeddings
2026-02-25 13:00:39,692 - Knowledge - INFO - Async storing batch of 6 embeddings
2026-02-25 13:00:39,965 - Knowledge - INFO - Worker kw19 processing /app/data/T0015/326202/b9060hi/Rufesi/firmware/hw_layer/max31855.h
2026-02-25 13:00:40,068 - Knowledge - INFO - process ingested knowledge for /app/data/T0015/326202/b9060hi/Rufesi/firmware/util/data_buffer.h
2026-02-25 13:00:40,084 - Knowledge - INFO - Worker kw10 processing /app/data/T0015/326202/b9060hi/Rufesi/firmware/hw_layer/AdcConfiguration.h
2026-02-25 13:00:40,212 - Knowledge - INFO - Processing batch of 6 files
2026-02-25 13:00:40,268 - Knowledge - INFO - Fast-tracked /app/data/T0015/326202/b9060hi/Rufesi/firmware/hw_layer/max31855.h (ext=.h, size=411)
2026-02-25 13:00:40,536 - Knowledge - INFO - Fast-tracked /app/data/T0015/326202/b9060hi/Rufesi/firmware/hw_layer/AdcConfiguration.h (ext=.h, size=994)
2026-02-25 13:00:40,686 - Knowledge - INFO - process ingested knowledge for /app/data/T0015/326202/b9060hi/Rufesi/firmware/development/wave_analyzer.cpp
2026-02-25 13:00:40,810 - Knowledge - INFO - Worker kw19 processing /app/data/T0015/326202/b9060hi/Rufesi/firmware/hw_layer/HIP9011.h
2026-02-25 13:00:40,955 - Knowledge - INFO - Worker kw10 processing /app/data/T0015/326202/b9060hi/Rufesi/firmware/hw_layer/neo6m.cpp
2026-02-25 13:00:41,004 - Knowledge - INFO - [LLM_CALL] Completed: tunerstudio_configuration.h:chunk1, Duration: 16135ms, PromptTokens: 4194, CompletionTokens: 160, Cost: $0.00048
2026-02-25 13:00:41,306 - Knowledge - INFO - process ingested knowledge for /app/data/T0015/326202/b9060hi/Rufesi/firmware/development/sensor_chart.h
2026-02-25 13:00:41,315 - Knowledge - INFO - Fast-tracked /app/data/T0015/326202/b9060hi/Rufesi/firmware/hw_layer/HIP9011.h (ext=.h, size=599)
2026-02-25 13:00:41,430 - Knowledge - INFO - Worker kw10 processing /app/data/T0015/326202/b9060hi/Rufesi/firmware/hw_layer/vehicle_speed.h
2026-02-25 13:00:41,500 - Knowledge - INFO - done ingest for /app/data/T0015/326202/b9060hi/Rufesi/firmware/console/binary/tunerstudio_configuration.h
2026-02-25 13:00:41,500 - Knowledge - INFO - [LLM_CALL] Completed: usb_msd_cfg.c:chunk1, Duration: 7555ms, PromptTokens: 4752, CompletionTokens: 280, Cost: $0.00059
2026-02-25 13:00:41,733 - Knowledge - INFO - Worker kw19 processing /app/data/T0015/326202/b9060hi/Rufesi/firmware/hw_layer/io_pins.cpp
2026-02-25 13:00:41,745 - Knowledge - INFO - Async storage completed for 8 embeddings
2026-02-25 13:00:41,807 - Knowledge - INFO - Fast-tracked /app/data/T0015/326202/b9060hi/Rufesi/firmware/hw_layer/vehicle_speed.h (ext=.h, size=480)
2026-02-25 13:00:41,982 - Knowledge - INFO - process ingested knowledge for /app/data/T0015/326202/b9060hi/Rufesi/firmware/development/development.mk
2026-02-25 13:00:42,034 - Knowledge - INFO - done ingest for /app/data/T0015/326202/b9060hi/Rufesi/firmware/hw_layer/mass_storage/usb_msd_cfg.c
2026-02-25 13:00:42,040 - Knowledge - INFO - [LLM_CALL] Completed: eficonsole.cpp:chunk1, Duration: 17173ms, PromptTokens: 3628, CompletionTokens: 512, Cost: $0.00057
2026-02-25 13:00:42,181 - Knowledge - INFO - Worker kw19 processing /app/data/T0015/326202/b9060hi/Rufesi/firmware/hw_layer/HIP9011_logic.cpp
2026-02-25 13:00:42,323 - Knowledge - INFO - [kw13] Queue=258, InProgress=0, PendingWorkers=20/20, Completed=1140/1454 (78.4%)
2026-02-25 13:00:42,386 - Knowledge - INFO - Worker kw10 processing /app/data/T0015/326202/b9060hi/Rufesi/firmware/hw_layer/stm32f7/mpu_util.cpp
2026-02-25 13:00:42,580 - Knowledge - INFO - Async storage completed for 8 embeddings
2026-02-25 13:00:42,763 - Knowledge - INFO - done ingest for /app/data/T0015/326202/b9060hi/Rufesi/firmware/console/eficonsole.cpp
2026-02-25 13:00:42,884 - Knowledge - INFO - Worker kw19 processing /app/data/T0015/326202/b9060hi/Rufesi/firmware/hw_layer/joystick.h
2026-02-25 13:00:43,004 - Knowledge - INFO - Batch sizing: calculated=6, max_allowed=10, queue=258, active_workers=20/20
2026-02-25 13:00:43,155 - Knowledge - INFO - Worker kw10 processing /app/data/T0015/326202/b9060hi/Rufesi/firmware/hw_layer/stm32f7/stm32f7xx_hal_flash.c
2026-02-25 13:00:43,469 - Knowledge - INFO - Fast-tracked /app/data/T0015/326202/b9060hi/Rufesi/firmware/hw_layer/joystick.h (ext=.h, size=461)
2026-02-25 13:00:43,705 - Knowledge - INFO - process ingested knowledge for /app/data/T0015/326202/b9060hi/Rufesi/firmware/development/trigger_emulator.cpp
2026-02-25 13:00:43,719 - Knowledge - INFO - [LLM_CALL] Completed: tunerstudio_io.h:chunk1, Duration: 16361ms, PromptTokens: 2630, CompletionTokens: 547, Cost: $0.00048
2026-02-25 13:00:43,804 - Knowledge - INFO - Worker kw10 processing /app/data/T0015/326202/b9060hi/Rufesi/firmware/hw_layer/stm32f7/stm32f7xx_hal_flash_ex.c
2026-02-25 13:00:43,936 - Knowledge - INFO - Worker kw19 processing /app/data/T0015/326202/b9060hi/Rufesi/firmware/hw_layer/backup_ram.cpp
2026-02-25 13:00:44,130 - Knowledge - INFO - done ingest for /app/data/T0015/326202/b9060hi/Rufesi/firmware/console/binary/tunerstudio_io.h
2026-02-25 13:00:44,388 - Knowledge - INFO - Async storage completed for 6 embeddings
2026-02-25 13:00:44,454 - Knowledge - INFO - Fast-tracked /app/data/T0015/326202/b9060hi/Rufesi/firmware/hw_layer/backup_ram.cpp (ext=.cpp, size=1321)
2026-02-25 13:00:44,897 - Knowledge - INFO - Fast-tracked /app/data/T0015/326202/b9060hi/Rufesi/firmware/hw_layer/io_pins.cpp (small file (2204 bytes))
2026-02-25 13:00:44,943 - Knowledge - INFO - [kw6] Queue=258, InProgress=0, PendingWorkers=20/20, Completed=1142/1454 (78.5%)
2026-02-25 13:00:45,040 - Knowledge - INFO - [kw15] Queue=258, InProgress=0, PendingWorkers=20/20, Completed=1142/1454 (78.5%)
2026-02-25 13:00:45,043 - Knowledge - INFO - process ingested knowledge for /app/data/T0015/326202/b9060hi/Rufesi/firmware/development/rfi_perftest.h
2026-02-25 13:00:45,332 - Knowledge - INFO - Processing batch of 6 files
2026-02-25 13:00:45,386 - Knowledge - INFO - Batch sizing: calculated=6, max_allowed=10, queue=258, active_workers=20/20
2026-02-25 13:00:45,552 - Knowledge - INFO - Batch sizing: calculated=6, max_allowed=10, queue=258, active_workers=20/20
2026-02-25 13:00:45,826 - Knowledge - INFO - process ingested knowledge for /app/data/T0015/326202/b9060hi/Rufesi/firmware/development/hw_layer/poten.cpp
2026-02-25 13:00:46,007 - Knowledge - INFO - Async storing batch of 6 embeddings
2026-02-25 13:00:46,535 - Knowledge - INFO - Worker kw13 processing /app/data/T0015/326202/b9060hi/Rufesi/firmware/hw_layer/stm32f7/stm32f7xx_hal_def.h
2026-02-25 13:00:46,586 - Knowledge - INFO - [kw8] Queue=252, InProgress=0, PendingWorkers=20/20, Completed=1144/1454 (78.7%)
2026-02-25 13:00:46,865 - Knowledge - INFO - Worker kw13 processing /app/data/T0015/326202/b9060hi/Rufesi/firmware/hw_layer/stm32f7/stm32f7xx_hal_flash_ex.h
2026-02-25 13:00:47,020 - Knowledge - INFO - Batch sizing: calculated=6, max_allowed=10, queue=252, active_workers=20/20
2026-02-25 13:00:47,054 - Knowledge - INFO - process ingested knowledge for /app/data/T0015/326202/b9060hi/Rufesi/firmware/development/engine_sniffer.cpp
2026-02-25 13:00:47,182 - Knowledge - INFO - Worker kw13 processing /app/data/T0015/326202/b9060hi/Rufesi/firmware/hw_layer/stm32f7/mpu_util.h
2026-02-25 13:00:47,568 - Knowledge - INFO - Async storing batch of 6 embeddings
2026-02-25 13:00:47,596 - Knowledge - INFO - process ingested knowledge for /app/data/T0015/326202/b9060hi/Rufesi/firmware/development/engine_emulator.cpp
2026-02-25 13:00:47,652 - Knowledge - INFO - [kw1] Queue=246, InProgress=0, PendingWorkers=20/20, Completed=1145/1454 (78.7%)
2026-02-25 13:00:47,652 - Knowledge - INFO - [kw16] Queue=246, InProgress=0, PendingWorkers=20/20, Completed=1145/1454 (78.7%)
2026-02-25 13:00:47,652 - Knowledge - INFO - Async storing batch of 6 embeddings
2026-02-25 13:00:47,654 - Knowledge - INFO - process ingested knowledge for /app/data/T0015/326202/b9060hi/Rufesi/firmware/development/hw_layer/poten.h
2026-02-25 13:00:47,661 - Knowledge - INFO - [kw14] Queue=240, InProgress=0, PendingWorkers=20/20, Completed=1146/1454 (78.8%)
2026-02-25 13:00:47,711 - Knowledge - INFO - Worker kw13 processing /app/data/T0015/326202/b9060hi/Rufesi/firmware/hw_layer/stm32f7/stm32f7xx_hal_flash.h
2026-02-25 13:00:47,865 - Knowledge - INFO - Worker kw15 processing /app/data/T0015/326202/b9060hi/Rufesi/firmware/hw_layer/mcp3208.c
2026-02-25 13:00:48,288 - Knowledge - INFO - Async storing batch of 6 embeddings
2026-02-25 13:00:48,481 - Knowledge - INFO - Batch sizing: calculated=6, max_allowed=10, queue=246, active_workers=20/20
2026-02-25 13:00:48,539 - Knowledge - INFO - Batch sizing: calculated=6, max_allowed=10, queue=246, active_workers=20/20
2026-02-25 13:00:48,588 - Knowledge - INFO - Processing batch of 6 files
2026-02-25 13:00:48,780 - Knowledge - INFO - Async storage completed for 6 embeddings
2026-02-25 13:00:48,812 - Knowledge - INFO - process ingested knowledge for /app/data/T0015/326202/b9060hi/Rufesi/firmware/ext_algo/readme.txt
2026-02-25 13:00:48,829 - Knowledge - INFO - Worker kw8 processing /app/data/T0015/326202/b9060hi/Rufesi/firmware/hw_layer/accelerometer.h
2026-02-25 13:00:49,190 - Knowledge - INFO - Batch sizing: calculated=6, max_allowed=10, queue=240, active_workers=20/20
2026-02-25 13:00:49,371 - Knowledge - INFO - Worker kw13 processing /app/data/T0015/326202/b9060hi/Rufesi/firmware/hw_layer/stm32f7/hw_stm32.mk
2026-02-25 13:00:49,703 - Knowledge - INFO - Worker kw15 processing /app/data/T0015/326202/b9060hi/Rufesi/firmware/hw_layer/rtc_helper.h
2026-02-25 13:00:49,949 - Knowledge - INFO - Worker kw6 processing /app/data/T0015/326202/b9060hi/Rufesi/firmware/hw_layer/max31855.cpp
2026-02-25 13:00:50,958 - Knowledge - INFO - process ingested knowledge for /app/data/T0015/326202/b9060hi/Rufesi/firmware/hw_layer/adc_inputs.h
2026-02-25 13:00:51,804 - Knowledge - INFO - Fast-tracked /app/data/T0015/326202/b9060hi/Rufesi/firmware/hw_layer/accelerometer.h (ext=.h, size=573)
2026-02-25 13:00:51,963 - Knowledge - INFO - Async storing batch of 6 embeddings
2026-02-25 13:00:52,034 - Knowledge - INFO - Async storing batch of 6 embeddings
2026-02-25 13:00:52,111 - Knowledge - INFO - Fast-tracked /app/data/T0015/326202/b9060hi/Rufesi/firmware/hw_layer/stm32f7/hw_stm32.mk (ext=.mk, size=67)
2026-02-25 13:00:52,136 - Knowledge - INFO - Fast-tracked /app/data/T0015/326202/b9060hi/Rufesi/firmware/hw_layer/rtc_helper.h (ext=.h, size=425)
2026-02-25 13:00:52,376 - Knowledge - INFO - Worker kw6 processing /app/data/T0015/326202/b9060hi/Rufesi/firmware/hw_layer/sensors/CJ125_logic.h
2026-02-25 13:00:52,418 - Knowledge - INFO - [LLM_CALL] Completed: console_io.cpp:chunk1, Duration: 19959ms, PromptTokens: 5482, CompletionTokens: 799, Cost: $0.00087
2026-02-25 13:00:52,611 - Knowledge - INFO - Worker kw8 processing /app/data/T0015/326202/b9060hi/Rufesi/firmware/hw_layer/hw_layer.mk
2026-02-25 13:00:52,733 - Knowledge - INFO - process ingested knowledge for /app/data/T0015/326202/b9060hi/Rufesi/firmware/ext_algo/utlist.h
2026-02-25 13:00:52,877 - Knowledge - INFO - Worker kw1 processing /app/data/T0015/326202/b9060hi/Rufesi/firmware/hw_layer/sensors/yaw_rate_sensor.h
2026-02-25 13:00:53,118 - Knowledge - INFO - Worker kw16 processing /app/data/T0015/326202/b9060hi/Rufesi/firmware/hw_layer/stm32f4/mpu_util.cpp
2026-02-25 13:00:53,252 - Knowledge - INFO - Worker kw13 processing /app/data/T0015/326202/b9060hi/Rufesi/firmware/hw_layer/can_hw.h
2026-02-25 13:00:53,422 - Knowledge - INFO - Worker kw15 processing /app/data/T0015/326202/b9060hi/Rufesi/firmware/hw_layer/joystick.cpp
2026-02-25 13:00:53,620 - Knowledge - INFO - Worker kw6 processing /app/data/T0015/326202/b9060hi/Rufesi/firmware/hw_layer/sensors/yaw_rate_sensor.cpp
2026-02-25 13:00:53,698 - Knowledge - INFO - done ingest for /app/data/T0015/326202/b9060hi/Rufesi/firmware/console/console_io.cpp
2026-02-25 13:00:53,977 - Knowledge - INFO - Async storage completed for 6 embeddings
2026-02-25 13:00:54,013 - Knowledge - INFO - process ingested knowledge for /app/data/T0015/326202/b9060hi/Rufesi/firmware/hw_layer/pwm_generator.h
2026-02-25 13:00:54,019 - Knowledge - INFO - Fast-tracked /app/data/T0015/326202/b9060hi/Rufesi/firmware/hw_layer/hw_layer.mk (ext=.mk, size=1935)
2026-02-25 13:00:54,438 - Knowledge - INFO - Fast-tracked /app/data/T0015/326202/b9060hi/Rufesi/firmware/hw_layer/sensors/yaw_rate_sensor.h (ext=.h, size=317)
2026-02-25 13:00:54,574 - Knowledge - INFO - Worker kw16 processing /app/data/T0015/326202/b9060hi/Rufesi/firmware/hw_layer/stm32f4/stm32f4xx_hal_flash.h
2026-02-25 13:00:54,669 - Knowledge - INFO - Fast-tracked /app/data/T0015/326202/b9060hi/Rufesi/firmware/hw_layer/can_hw.h (ext=.h, size=1361)
2026-02-25 13:00:54,721 - Knowledge - INFO - [kw4] Queue=222, InProgress=0, PendingWorkers=20/20, Completed=1148/1454 (79.0%)
2026-02-25 13:00:54,722 - Knowledge - INFO - Async storing batch of 6 embeddings
2026-02-25 13:00:54,734 - Knowledge - INFO - [kw3] Queue=216, InProgress=0, PendingWorkers=20/20, Completed=1148/1454 (79.0%)
2026-02-25 13:00:54,731 - Knowledge - INFO - process ingested knowledge for /app/data/T0015/326202/b9060hi/Rufesi/firmware/svnversion.h
2026-02-25 13:00:54,938 - Knowledge - INFO - Worker kw15 processing /app/data/T0015/326202/b9060hi/Rufesi/firmware/hw_layer/digital_input_hw.h
2026-02-25 13:00:55,086 - Knowledge - INFO - Fast-tracked /app/data/T0015/326202/b9060hi/Rufesi/firmware/hw_layer/sensors/yaw_rate_sensor.cpp (ext=.cpp, size=662)
2026-02-25 13:00:55,674 - Knowledge - INFO - process ingested knowledge for /app/data/T0015/326202/b9060hi/Rufesi/firmware/hw_layer/servo.cpp
2026-02-25 13:00:55,698 - Knowledge - INFO - Worker kw8 processing /app/data/T0015/326202/b9060hi/Rufesi/firmware/hw_layer/stepper.h
2026-02-25 13:00:55,832 - Knowledge - INFO - [LLM_CALL] Completed: usbcfg.c:chunk1, Duration: 16881ms, PromptTokens: 6594, CompletionTokens: 384, Cost: $0.00081
2026-02-25 13:00:55,881 - Knowledge - INFO - Worker kw1 processing /app/data/T0015/326202/b9060hi/Rufesi/firmware/hw_layer/sensors/CJ125.h
2026-02-25 13:00:55,977 - Knowledge - INFO - Worker kw16 processing /app/data/T0015/326202/b9060hi/Rufesi/firmware/hw_layer/stm32f4/stm32f4xx_hal_flash_ex.h
2026-02-25 13:00:56,205 - Knowledge - INFO - Batch sizing: calculated=6, max_allowed=10, queue=222, active_workers=20/20
2026-02-25 13:00:56,363 - Knowledge - INFO - Worker kw14 processing /app/data/T0015/326202/b9060hi/Rufesi/firmware/hw_layer/stm32f4/stm32f4xx_hal_flash_ramfunc.h
2026-02-25 13:00:56,474 - Knowledge - INFO - Batch sizing: calculated=6, max_allowed=10, queue=216, active_workers=20/20
2026-02-25 13:00:56,685 - Knowledge - INFO - process ingested knowledge for /app/data/T0015/326202/b9060hi/Rufesi/firmware/console/console_io.h
2026-02-25 13:00:56,866 - Knowledge - INFO - Fast-tracked /app/data/T0015/326202/b9060hi/Rufesi/firmware/hw_layer/digital_input_hw.h (ext=.h, size=1017)
2026-02-25 13:00:56,907 - Knowledge - INFO - Worker kw6 processing /app/data/T0015/326202/b9060hi/Rufesi/firmware/hw_layer/sensors/CJ125.cpp
2026-02-25 13:00:57,065 - Knowledge - INFO - process ingested knowledge for /app/data/T0015/326202/b9060hi/Rufesi/firmware/hw_layer/mass_storage/usb_msd_cfg.h
2026-02-25 13:00:57,220 - Knowledge - INFO - Fast-tracked /app/data/T0015/326202/b9060hi/Rufesi/firmware/hw_layer/stepper.h (ext=.h, size=924)
2026-02-25 13:00:57,396 - Knowledge - INFO - done ingest for /app/data/T0015/326202/b9060hi/Rufesi/firmware/hw_layer/serial_over_usb/usbcfg.c
2026-02-25 13:00:57,438 - Knowledge - INFO - [LLM_CALL] Completed: accelerometer.cpp:chunk1, Duration: 22056ms, PromptTokens: 2648, CompletionTokens: 439, Cost: $0.00044
2026-02-25 13:00:57,575 - Knowledge - INFO - Worker kw1 processing /app/data/T0015/326202/b9060hi/Rufesi/firmware/hw_layer/HIP9011.cpp
2026-02-25 13:00:57,745 - Knowledge - INFO - Worker kw16 processing /app/data/T0015/326202/b9060hi/Rufesi/firmware/hw_layer/stm32f4/stm32f4xx_hal_flash_ex.c
2026-02-25 13:00:58,142 - Knowledge - INFO - Worker kw14 processing /app/data/T0015/326202/b9060hi/Rufesi/firmware/hw_layer/stm32f4/hw_stm32.mk
2026-02-25 13:00:58,550 - Knowledge - INFO - Worker kw15 processing /app/data/T0015/326202/b9060hi/Rufesi/firmware/hw_layer/vehicle_speed.cpp
2026-02-25 13:00:58,721 - Knowledge - INFO - Worker kw6 processing /app/data/T0015/326202/b9060hi/Rufesi/firmware/hw_layer/sensors/sensors.mk
2026-02-25 13:00:58,973 - Knowledge - INFO - process ingested knowledge for /app/data/T0015/326202/b9060hi/Rufesi/firmware/hw_layer/mass_storage/mass_storage.mk
2026-02-25 13:00:59,201 - Knowledge - INFO - Worker kw8 processing /app/data/T0015/326202/b9060hi/Rufesi/firmware/hw_layer/trigger_input.h
2026-02-25 13:00:59,549 - Knowledge - INFO - done ingest for /app/data/T0015/326202/b9060hi/Rufesi/firmware/hw_layer/accelerometer.cpp
2026-02-25 13:00:59,862 - Knowledge - INFO - Worker kw1 processing /app/data/T0015/326202/b9060hi/Rufesi/firmware/hw_layer/board_test.h
2026-02-25 13:00:59,752 - Knowledge - INFO - Async storing batch of 6 embeddings
2026-02-25 13:00:59,782 - Knowledge - INFO - [kw5] Queue=204, InProgress=0, PendingWorkers=20/20, Completed=1150/1454 (79.1%)
2026-02-25 13:00:59,694 - Knowledge - INFO - Async storing batch of 6 embeddings
2026-02-25 13:01:00,193 - Knowledge - INFO - Fast-tracked /app/data/T0015/326202/b9060hi/Rufesi/firmware/hw_layer/stm32f4/hw_stm32.mk (ext=.mk, size=67)
2026-02-25 13:01:00,195 - Knowledge - INFO - Worker kw16 processing /app/data/T0015/326202/b9060hi/Rufesi/firmware/hw_layer/stm32f4/mpu_util.h
2026-02-25 13:01:00,573 - Knowledge - INFO - Worker kw15 processing /app/data/T0015/326202/b9060hi/Rufesi/firmware/hw_layer/can_hw.cpp
2026-02-25 13:01:00,671 - Knowledge - INFO - Fast-tracked /app/data/T0015/326202/b9060hi/Rufesi/firmware/hw_layer/sensors/sensors.mk (ext=.mk, size=156)
2026-02-25 13:01:00,717 - Knowledge - INFO - process ingested knowledge for /app/data/T0015/326202/b9060hi/Rufesi/firmware/hw_layer/mass_storage/usb_msd_cfg.c
2026-02-25 13:01:00,924 - Knowledge - INFO - Fast-tracked /app/data/T0015/326202/b9060hi/Rufesi/firmware/hw_layer/trigger_input.h (ext=.h, size=331)
2026-02-25 13:01:01,257 - Knowledge - INFO - Fast-tracked /app/data/T0015/326202/b9060hi/Rufesi/firmware/hw_layer/board_test.h (ext=.h, size=1057)
2026-02-25 13:01:01,377 - Knowledge - INFO - Worker kw3 processing /app/data/T0015/326202/b9060hi/Rufesi/firmware/hw_layer/pin_repository.cpp
2026-02-25 13:01:01,429 - Knowledge - INFO - [LLM_CALL] Completed: flash.h:chunk1, Duration: 22402ms, PromptTokens: 3634, CompletionTokens: 510, Cost: $0.00057
2026-02-25 13:01:01,549 - Knowledge - INFO - Batch sizing: calculated=6, max_allowed=10, queue=204, active_workers=20/20
2026-02-25 13:01:01,779 - Knowledge - INFO - Worker kw4 processing /app/data/T0015/326202/b9060hi/Rufesi/firmware/hw_layer/neo6m.h
2026-02-25 13:01:01,887 - Knowledge - INFO - Worker kw14 processing /app/data/T0015/326202/b9060hi/Rufesi/firmware/hw_layer/stm32f4/stm32f4xx_hal_def.h
2026-02-25 13:01:02,111 - Knowledge - INFO - Worker kw16 processing /app/data/T0015/326202/b9060hi/Rufesi/firmware/hw_layer/stm32f4/stm32f4xx_hal_flash.c
2026-02-25 13:01:02,479 - Knowledge - INFO - Worker kw6 processing /app/data/T0015/326202/b9060hi/Rufesi/firmware/hw_layer/sensors/CJ125_logic.cpp
2026-02-25 13:01:02,761 - Knowledge - INFO - Worker kw8 processing /app/data/T0015/326202/b9060hi/Rufesi/firmware/hw_layer/rtc_helper.cpp
2026-02-25 13:01:02,877 - Knowledge - INFO - Worker kw1 processing /app/data/T0015/326202/b9060hi/Rufesi/firmware/hw_layer/mcp3208.h
2026-02-25 13:01:03,115 - Knowledge - INFO - Worker kw3 processing /app/data/T0015/326202/b9060hi/Rufesi/firmware/hw_layer/io_pins.h
2026-02-25 13:01:03,204 - Knowledge - INFO - Fast-tracked /app/data/T0015/326202/b9060hi/Rufesi/firmware/hw_layer/stm32f7/mpu_util.h (small file (2296 bytes))
2026-02-25 13:01:03,237 - Knowledge - INFO - done ingest for /app/data/T0015/326202/b9060hi/Rufesi/firmware/hw_layer/flash.h
2026-02-25 13:01:03,350 - Knowledge - INFO - [LLM_CALL] Completed: board_test.cpp:chunk1, Duration: 28669ms, PromptTokens: 4384, CompletionTokens: 457, Cost: $0.00062
2026-02-25 13:01:03,647 - Knowledge - INFO - Fast-tracked /app/data/T0015/326202/b9060hi/Rufesi/firmware/hw_layer/neo6m.h (ext=.h, size=332)
2026-02-25 13:01:03,850 - Knowledge - INFO - Worker kw14 processing /app/data/T0015/326202/b9060hi/Rufesi/firmware/hw_layer/lcd/lcd_HD44780.cpp
2026-02-25 13:01:04,286 - Knowledge - INFO - Worker kw8 processing /app/data/T0015/326202/b9060hi/Rufesi/firmware/hw_layer/servo.h
2026-02-25 13:01:04,540 - Knowledge - INFO - Fast-tracked /app/data/T0015/326202/b9060hi/Rufesi/firmware/hw_layer/mcp3208.h (ext=.h, size=893)
2026-02-25 13:01:04,557 - Knowledge - INFO - Fast-tracked /app/data/T0015/326202/b9060hi/Rufesi/firmware/hw_layer/io_pins.h (ext=.h, size=1606)
2026-02-25 13:01:05,046 - Knowledge - INFO - done ingest for /app/data/T0015/326202/b9060hi/Rufesi/firmware/hw_layer/board_test.cpp
2026-02-25 13:01:05,106 - Knowledge - INFO - Async storing batch of 6 embeddings
2026-02-25 13:01:05,356 - Knowledge - INFO - Worker kw4 processing /app/data/T0015/326202/b9060hi/Rufesi/firmware/hw_layer/pwm_generator.cpp
2026-02-25 13:01:05,496 - Knowledge - INFO - [kw7] Queue=198, InProgress=0, PendingWorkers=20/20, Completed=1154/1454 (79.4%)
2026-02-25 13:01:05,609 - Knowledge - INFO - Worker kw14 processing /app/data/T0015/326202/b9060hi/Rufesi/firmware/hw_layer/lcd/lcd_HD44780.h
2026-02-25 13:01:05,791 - Knowledge - INFO - Fast-tracked /app/data/T0015/326202/b9060hi/Rufesi/firmware/hw_layer/servo.h (ext=.h, size=222)
2026-02-25 13:01:05,858 - Knowledge - INFO - Processing batch of 6 files
2026-02-25 13:01:05,929 - Knowledge - INFO - Worker kw1 processing /app/data/T0015/326202/b9060hi/Rufesi/firmware/hw_layer/algo/adc_math.h
2026-02-25 13:01:06,134 - Knowledge - INFO - Worker kw3 processing /app/data/T0015/326202/b9060hi/Rufesi/firmware/hw_layer/mmc_card.cpp
2026-02-25 13:01:06,439 - Knowledge - INFO - Worker kw5 processing /app/data/T0015/326202/b9060hi/Rufesi/firmware/hw_layer/HIP9011_logic.h
2026-02-25 13:01:06,587 - Knowledge - INFO - [LLM_CALL] Completed: bluetooth.cpp:chunk1, Duration: 37262ms, PromptTokens: 5896, CompletionTokens: 559, Cost: $0.00081
2026-02-25 13:01:06,667 - Knowledge - INFO - Fast-tracked /app/data/T0015/326202/b9060hi/Rufesi/firmware/hw_layer/pwm_generator.cpp (ext=.cpp, size=690)
2026-02-25 13:01:06,797 - Knowledge - INFO - Batch sizing: calculated=5, max_allowed=10, queue=198, active_workers=20/20
2026-02-25 13:01:06,901 - Knowledge - INFO - Fast-tracked /app/data/T0015/326202/b9060hi/Rufesi/firmware/hw_layer/lcd/lcd_HD44780.h (ext=.h, size=587)
2026-02-25 13:01:07,264 - Knowledge - INFO - process ingested knowledge for /app/data/T0015/326202/b9060hi/Rufesi/firmware/console/eficonsole.h
2026-02-25 13:01:07,371 - Knowledge - INFO - Fast-tracked /app/data/T0015/326202/b9060hi/Rufesi/firmware/hw_layer/algo/adc_math.h (ext=.h, size=787)
2026-02-25 13:01:07,542 - Knowledge - INFO - Worker kw3 processing /app/data/T0015/326202/b9060hi/Rufesi/firmware/hw_layer/cdm_ion_sense.cpp
2026-02-25 13:01:07,726 - Knowledge - INFO - Worker kw5 processing /app/data/T0015/326202/b9060hi/Rufesi/firmware/hw_layer/stm32f0/mpu_util.cpp
2026-02-25 13:01:07,904 - Knowledge - INFO - done ingest for /app/data/T0015/326202/b9060hi/Rufesi/firmware/console/binary/bluetooth.cpp
2026-02-25 13:01:08,506 - Knowledge - INFO - [kw12] Queue=198, InProgress=0, PendingWorkers=20/20, Completed=1156/1454 (79.5%)
2026-02-25 13:01:08,520 - Knowledge - INFO - [LLM_CALL] Completed: digital_input_hw.cpp:chunk1, Duration: 29044ms, PromptTokens: 5604, CompletionTokens: 657, Cost: $0.00082
2026-02-25 13:01:08,533 - Knowledge - INFO - Worker kw4 processing /app/data/T0015/326202/b9060hi/Rufesi/firmware/hw_layer/backup_ram.h
2026-02-25 13:01:08,836 - Knowledge - INFO - Worker kw14 processing /app/data/T0015/326202/b9060hi/Rufesi/firmware/hw_layer/adc_inputs.cpp
2026-02-25 13:01:08,913 - Knowledge - INFO - process ingested knowledge for /app/data/T0015/326202/b9060hi/Rufesi/firmware/console/status_loop.h
2026-02-25 13:01:09,253 - Knowledge - INFO - Fast-tracked /app/data/T0015/326202/b9060hi/Rufesi/firmware/hw_layer/cdm_ion_sense.cpp (ext=.cpp, size=1613)
2026-02-25 13:01:09,351 - Knowledge - INFO - Fast-tracked /app/data/T0015/326202/b9060hi/Rufesi/firmware/hw_layer/stm32f0/mpu_util.cpp (ext=.cpp, size=177)
2026-02-25 13:01:09,650 - Knowledge - INFO - Batch sizing: calculated=5, max_allowed=10, queue=198, active_workers=20/20
2026-02-25 13:01:09,808 - Knowledge - INFO - done ingest for /app/data/T0015/326202/b9060hi/Rufesi/firmware/hw_layer/digital_input_hw.cpp
2026-02-25 13:01:09,867 - Knowledge - INFO - Async storing batch of 6 embeddings
2026-02-25 13:01:09,934 - Knowledge - INFO - Fast-tracked /app/data/T0015/326202/b9060hi/Rufesi/firmware/hw_layer/backup_ram.h (ext=.h, size=1275)
2026-02-25 13:01:10,261 - Knowledge - INFO - process ingested knowledge for /app/data/T0015/326202/b9060hi/Rufesi/firmware/console/console_io.cpp
2026-02-25 13:01:10,430 - Knowledge - INFO - Worker kw3 processing /app/data/T0015/326202/b9060hi/Rufesi/firmware/hw_layer/hardware.cpp
2026-02-25 13:01:10,600 - Knowledge - INFO - Async storage completed for 6 embeddings
2026-02-25 13:01:10,607 - Knowledge - INFO - Worker kw5 processing /app/data/T0015/326202/b9060hi/Rufesi/firmware/hw_layer/stm32f0/mpu_util.h
2026-02-25 13:01:10,693 - Knowledge - INFO - Async storing batch of 6 embeddings
2026-02-25 13:01:10,857 - Knowledge - INFO - Processing batch of 6 files
2026-02-25 13:01:11,122 - Knowledge - INFO - Worker kw7 processing /app/data/T0015/326202/b9060hi/Rufesi/firmware/bootloader/src/main.cpp
2026-02-25 13:01:11,299 - Knowledge - INFO - Worker kw4 processing /app/data/T0015/326202/b9060hi/Rufesi/firmware/hw_layer/microsecond_timer.cpp
2026-02-25 13:01:11,489 - Knowledge - INFO - process ingested knowledge for /app/data/T0015/326202/b9060hi/Rufesi/firmware/hw_layer/stm32f1/mpu_util.cpp
2026-02-25 13:01:11,660 - Knowledge - INFO - Worker kw3 processing /app/data/T0015/326202/b9060hi/Rufesi/firmware/hw_layer/flash.c
2026-02-25 13:01:11,990 - Knowledge - INFO - Worker kw12 processing /app/data/T0015/326202/b9060hi/Rufesi/firmware/bootloader/bootloader.mk
2026-02-25 13:01:11,991 - Knowledge - INFO - Fast-tracked /app/data/T0015/326202/b9060hi/Rufesi/firmware/hw_layer/stm32f0/mpu_util.h (ext=.h, size=291)
2026-02-25 13:01:12,044 - Knowledge - INFO - [LLM_CALL] Completed: tunerstudio_io.cpp:chunk1, Duration: 49144ms, PromptTokens: 5384, CompletionTokens: 761, Cost: $0.00084
2026-02-25 13:01:12,091 - Knowledge - INFO - process ingested knowledge for /app/data/T0015/326202/b9060hi/Rufesi/firmware/hw_layer/mass_storage/Readme.md
2026-02-25 13:01:12,301 - Knowledge - INFO - Fast-tracked /app/data/T0015/326202/b9060hi/Rufesi/firmware/bootloader/src/main.cpp (ext=.cpp, size=1385)
2026-02-25 13:01:12,341 - Knowledge - INFO - Worker kw4 processing /app/data/T0015/326202/b9060hi/Rufesi/firmware/hw_layer/tle6240.h
2026-02-25 13:01:12,495 - Knowledge - INFO - process ingested knowledge for /app/data/T0015/326202/b9060hi/Rufesi/firmware/hw_layer/stm32f1/mpu_util.h
2026-02-25 13:01:12,796 - Knowledge - INFO - Fast-tracked /app/data/T0015/326202/b9060hi/Rufesi/firmware/bootloader/bootloader.mk (ext=.mk, size=401)
2026-02-25 13:01:12,952 - Knowledge - INFO - Worker kw5 processing /app/data/T0015/326202/b9060hi/Rufesi/firmware/hw_layer/stm32f0/hw_stm32.mk
2026-02-25 13:01:13,094 - Knowledge - INFO - done ingest for /app/data/T0015/326202/b9060hi/Rufesi/firmware/console/binary/tunerstudio_io.cpp
2026-02-25 13:01:13,107 - Knowledge - INFO - Processing batch of 6 files
2026-02-25 13:01:13,119 - Knowledge - INFO - Fast-tracked /app/data/T0015/326202/b9060hi/Rufesi/firmware/hw_layer/vehicle_speed.cpp (small file (2280 bytes))
2026-02-25 13:01:13,231 - Knowledge - INFO - process ingested knowledge for /app/data/T0015/326202/b9060hi/Rufesi/firmware/hw_layer/board_test.cpp
2026-02-25 13:01:13,297 - Knowledge - INFO - Worker kw7 processing /app/data/T0015/326202/b9060hi/Rufesi/firmware/bootloader/src/dfu.h
2026-02-25 13:01:13,374 - Knowledge - INFO - [LLM_CALL] Completed: stepper.cpp:chunk1, Duration: 38608ms, PromptTokens: 3792, CompletionTokens: 498, Cost: $0.00058
2026-02-25 13:01:13,441 - Knowledge - INFO - Fast-tracked /app/data/T0015/326202/b9060hi/Rufesi/firmware/hw_layer/tle6240.h (ext=.h, size=234)
2026-02-25 13:01:13,529 - Knowledge - INFO - process ingested knowledge for /app/data/T0015/326202/b9060hi/Rufesi/firmware/hw_layer/adc_external.h
2026-02-25 13:01:13,647 - Knowledge - INFO - Worker kw12 processing /app/data/T0015/326202/b9060hi/Rufesi/firmware/bootloader/bootloader.h
2026-02-25 13:01:13,765 - Knowledge - INFO - Fast-tracked /app/data/T0015/326202/b9060hi/Rufesi/firmware/hw_layer/stm32f0/hw_stm32.mk (ext=.mk, size=67)
2026-02-25 13:01:13,981 - Knowledge - INFO - process ingested knowledge for /app/data/T0015/326202/b9060hi/Rufesi/firmware/hw_layer/digital_input_exti.h
2026-02-25 13:01:14,256 - Knowledge - INFO - process ingested knowledge for /app/data/T0015/326202/b9060hi/Rufesi/firmware/hw_layer/serial_over_usb/usbcfg.h
2026-02-25 13:01:14,406 - Knowledge - INFO - Fast-tracked /app/data/T0015/326202/b9060hi/Rufesi/firmware/bootloader/src/dfu.h (ext=.h, size=1837)
2026-02-25 13:01:14,497 - Knowledge - INFO - done ingest for /app/data/T0015/326202/b9060hi/Rufesi/firmware/hw_layer/stepper.cpp
2026-02-25 13:01:14,614 - Knowledge - INFO - Worker kw4 processing /app/data/T0015/326202/b9060hi/Rufesi/firmware/hw_layer/digital_input_exti.cpp
2026-02-25 13:01:14,954 - Knowledge - INFO - Fast-tracked /app/data/T0015/326202/b9060hi/Rufesi/firmware/bootloader/bootloader.h (ext=.h, size=247)
2026-02-25 13:01:15,072 - Knowledge - INFO - Worker kw5 processing /app/data/T0015/326202/b9060hi/Rufesi/firmware/bootloader/bootloader_storage.c
2026-02-25 13:01:15,281 - Knowledge - INFO - process ingested knowledge for /app/data/T0015/326202/b9060hi/Rufesi/firmware/hw_layer/accelerometer.cpp
2026-02-25 13:01:15,545 - Knowledge - INFO - Worker kw7 processing /app/data/T0015/326202/b9060hi/Rufesi/firmware/bootloader/src/rusefi_stubs.cpp
2026-02-25 13:01:15,748 - Knowledge - INFO - process ingested knowledge for /app/data/T0015/326202/b9060hi/Rufesi/firmware/hw_layer/serial_over_usb/usbconsole.c
2026-02-25 13:01:15,852 - Knowledge - INFO - Worker kw12 processing /app/data/T0015/326202/b9060hi/Rufesi/firmware/bootloader/bootloader_generated.hxx
2026-02-25 13:01:16,002 - Knowledge - INFO - Fast-tracked /app/data/T0015/326202/b9060hi/Rufesi/firmware/bootloader/bootloader_storage.c (ext=.c, size=780)
2026-02-25 13:01:16,016 - Knowledge - INFO - [LLM_CALL] Completed: tunerstudio.cpp:chunk1, Duration: 44338ms, PromptTokens: 15706, CompletionTokens: 1537, Cost: $0.00219
2026-02-25 13:01:16,172 - Knowledge - INFO - process ingested knowledge for /app/data/T0015/326202/b9060hi/Rufesi/firmware/hw_layer/digital_input_hw.cpp
2026-02-25 13:01:16,277 - Knowledge - INFO - Fast-tracked /app/data/T0015/326202/b9060hi/Rufesi/firmware/bootloader/src/rusefi_stubs.cpp (ext=.cpp, size=955)
2026-02-25 13:01:16,530 - Knowledge - INFO - process ingested knowledge for /app/data/T0015/326202/b9060hi/Rufesi/firmware/hw_layer/serial_over_usb/usbconsole.h
2026-02-25 13:01:16,577 - Knowledge - INFO - Worker kw12 processing /app/data/T0015/326202/b9060hi/Rufesi/firmware/DoxygenLayout.xml
2026-02-25 13:01:16,753 - Knowledge - INFO - Worker kw5 processing /app/data/T0015/326202/b9060hi/Rufesi/firmware/bootloader/src/dfu.cpp
2026-02-25 13:01:17,020 - Knowledge - INFO - done ingest for /app/data/T0015/326202/b9060hi/Rufesi/firmware/console/binary/tunerstudio.cpp
2026-02-25 13:01:17,145 - Knowledge - INFO - process ingested knowledge for /app/data/T0015/326202/b9060hi/Rufesi/firmware/hw_layer/cdm_ion_sense.h
2026-02-25 13:01:17,330 - Knowledge - INFO - Worker kw7 processing /app/data/T0015/326202/b9060hi/Rufesi/firmware/bootloader/Prometheus/bootloader_generated.hxx
2026-02-25 13:01:17,542 - Knowledge - INFO - Async storage completed for 6 embeddings
2026-02-25 13:01:17,595 - Knowledge - INFO - Fast-tracked /app/data/T0015/326202/b9060hi/Rufesi/firmware/DoxygenLayout.xml (ext=.xml, size=6089)
2026-02-25 13:01:17,708 - Knowledge - INFO - process ingested knowledge for /app/data/T0015/326202/b9060hi/Rufesi/firmware/hw_layer/serial_over_usb/usbcfg.c
2026-02-25 13:01:17,784 - Knowledge - INFO - Fast-tracked /app/data/T0015/326202/b9060hi/Rufesi/firmware/hw_layer/HIP9011_logic.h (small file (2975 bytes))
2026-02-25 13:01:17,786 - Knowledge - INFO - [LLM_CALL] Completed: trigger_input.cpp:chunk1, Duration: 35001ms, PromptTokens: 4158, CompletionTokens: 736, Cost: $0.00071
2026-02-25 13:01:17,990 - Knowledge - INFO - process ingested knowledge for /app/data/T0015/326202/b9060hi/Rufesi/firmware/hw_layer/mmc_card.h
2026-02-25 13:01:18,091 - Knowledge - INFO - Worker kw7 processing /app/data/T0015/326202/b9060hi/Rufesi/firmware/bootloader/readme.txt
2026-02-25 13:01:18,335 - Knowledge - INFO - Worker kw12 processing /app/data/T0015/326202/b9060hi/Rufesi/firmware/global.h
2026-02-25 13:01:18,706 - Knowledge - INFO - done ingest for /app/data/T0015/326202/b9060hi/Rufesi/firmware/hw_layer/trigger_input.cpp
2026-02-25 13:01:18,774 - Knowledge - INFO - [LLM_CALL] Completed: stm32f7xx_hal_def.h:chunk1, Duration: 19222ms, PromptTokens: 4402, CompletionTokens: 268, Cost: $0.00055
2026-02-25 13:01:18,848 - Knowledge - INFO - process ingested knowledge for /app/data/T0015/326202/b9060hi/Rufesi/firmware/hw_layer/tle6240.cpp
2026-02-25 13:01:18,963 - Knowledge - INFO - Fast-tracked /app/data/T0015/326202/b9060hi/Rufesi/firmware/bootloader/readme.txt (ext=.txt, size=3171)
2026-02-25 13:01:19,049 - Knowledge - INFO - Split /app/data/T0015/326202/b9060hi/Rufesi/firmware/bootloader/bootloader_generated.hxx (87380 bytes) into 3 chunks of ~32KB
2026-02-25 13:01:19,220 - Knowledge - INFO - done ingest for /app/data/T0015/326202/b9060hi/Rufesi/firmware/hw_layer/stm32f7/stm32f7xx_hal_def.h
2026-02-25 13:01:19,221 - Knowledge - INFO - [LLM_CALL] Completed: mpu_util.cpp:chunk1, Duration: 14113ms, PromptTokens: 6994, CompletionTokens: 872, Cost: $0.00105
2026-02-25 13:01:19,397 - Knowledge - INFO - Split /app/data/T0015/326202/b9060hi/Rufesi/firmware/bootloader/Prometheus/bootloader_generated.hxx (91667 bytes) into 3 chunks of ~32KB
2026-02-25 13:01:19,651 - Knowledge - INFO - done ingest for /app/data/T0015/326202/b9060hi/Rufesi/firmware/hw_layer/stm32f7/mpu_util.cpp
2026-02-25 13:01:19,718 - Knowledge - INFO - [WEBSOCKET] Sent: Type=progress_update, Size: 295, Duration: 24ms
2026-02-25 13:01:20,157 - Knowledge - INFO - [WEBSOCKET] Sent: Type=unknown, Size: ?, Duration: 463ms
2026-02-25 13:01:20,344 - Knowledge - INFO - Progress: 80.3% | Files: 1170/1454 | Rate: 1.59 files/sec | Queue: 188
2026-02-25 13:01:20,678 - Knowledge - INFO - [kw2] Queue=188, InProgress=0, PendingWorkers=20/20, Completed=1172/1454 (80.6%)
2026-02-25 13:01:20,753 - Knowledge - INFO - [kw11] Queue=188, InProgress=0, PendingWorkers=20/20, Completed=1172/1454 (80.6%)
2026-02-25 13:01:20,903 - Knowledge - INFO - Batch sizing: calculated=5, max_allowed=10, queue=188, active_workers=20/20
2026-02-25 13:01:21,062 - Knowledge - INFO - Batch sizing: calculated=5, max_allowed=10, queue=188, active_workers=20/20
2026-02-25 13:01:21,252 - Knowledge - INFO - Async storing batch of 6 embeddings
2026-02-25 13:01:21,334 - Knowledge - INFO - Fast-tracked /app/data/T0015/326202/b9060hi/Rufesi/firmware/hw_layer/stm32f4/stm32f4xx_hal_def.h (small file (0 bytes))
2026-02-25 13:01:21,361 - Knowledge - INFO - Async storing batch of 6 embeddings
2026-02-25 13:01:21,497 - Knowledge - INFO - Worker kw2 processing /app/data/T0015/326202/b9060hi/Rufesi/firmware/kill_for_coverity.c
2026-02-25 13:01:21,514 - Knowledge - INFO - Processing batch of 6 files
2026-02-25 13:01:21,807 - Knowledge - INFO - Worker kw11 processing /app/data/T0015/326202/b9060hi/Rufesi/firmware/controllers/trigger/trigger_simulator.cpp
2026-02-25 13:01:21,906 - Knowledge - INFO - Processing batch of 6 files
2026-02-25 13:01:21,976 - Knowledge - INFO - [LLM_CALL] Completed: neo6m.cpp:chunk1, Duration: 37605ms, PromptTokens: 2828, CompletionTokens: 495, Cost: $0.00048
2026-02-25 13:01:22,032 - Knowledge - INFO - Fast-tracked /app/data/T0015/326202/b9060hi/Rufesi/firmware/kill_for_coverity.c (ext=.c, size=199)
2026-02-25 13:01:22,050 - Knowledge - INFO - process ingested knowledge for /app/data/T0015/326202/b9060hi/Rufesi/firmware/console/binary/tunerstudio_io.cpp
2026-02-25 13:01:22,238 - Knowledge - INFO - Worker kw11 processing /app/data/T0015/326202/b9060hi/Rufesi/firmware/controllers/trigger/trigger_emulator_algo.h
2026-02-25 13:01:22,352 - Knowledge - INFO - process ingested knowledge for /app/data/T0015/326202/b9060hi/Rufesi/firmware/hw_layer/stepper.cpp
2026-02-25 13:01:22,487 - Knowledge - INFO - done ingest for /app/data/T0015/326202/b9060hi/Rufesi/firmware/hw_layer/neo6m.cpp
2026-02-25 13:01:22,488 - Knowledge - INFO - [kw17] Queue=178, InProgress=0, PendingWorkers=20/20, Completed=1178/1454 (81.0%)
2026-02-25 13:01:22,607 - Knowledge - INFO - Worker kw2 processing /app/data/T0015/326202/b9060hi/Rufesi/firmware/controllers/obd2.cpp
2026-02-25 13:01:22,776 - Knowledge - INFO - process ingested knowledge for /app/data/T0015/326202/b9060hi/Rufesi/firmware/console/binary/bluetooth_readme.txt
2026-02-25 13:01:22,916 - Knowledge - INFO - Fast-tracked /app/data/T0015/326202/b9060hi/Rufesi/firmware/controllers/trigger/trigger_emulator_algo.h (ext=.h, size=568)
2026-02-25 13:01:22,985 - Knowledge - INFO - process ingested knowledge for /app/data/T0015/326202/b9060hi/Rufesi/firmware/hw_layer/hardware.h
2026-02-25 13:01:23,328 - Knowledge - INFO - Batch sizing: calculated=5, max_allowed=10, queue=178, active_workers=20/20
2026-02-25 13:01:23,492 - Knowledge - INFO - Worker kw2 processing /app/data/T0015/326202/b9060hi/Rufesi/firmware/controllers/flash_main.h
2026-02-25 13:01:23,623 - Knowledge - INFO - process ingested knowledge for /app/data/T0015/326202/b9060hi/Rufesi/firmware/console/binary/tunerstudio_configuration.h
2026-02-25 13:01:23,692 - Knowledge - INFO - Worker kw11 processing /app/data/T0015/326202/b9060hi/Rufesi/firmware/controllers/trigger/trigger_central.h
2026-02-25 13:01:23,850 - Knowledge - INFO - process ingested knowledge for /app/data/T0015/326202/b9060hi/Rufesi/firmware/hw_layer/flash.h
2026-02-25 13:01:23,982 - Knowledge - INFO - Async storing batch of 6 embeddings
2026-02-25 13:01:24,129 - Knowledge - INFO - Fast-tracked /app/data/T0015/326202/b9060hi/Rufesi/firmware/controllers/flash_main.h (ext=.h, size=1003)
2026-02-25 13:01:24,215 - Knowledge - INFO - process ingested knowledge for /app/data/T0015/326202/b9060hi/Rufesi/firmware/console/binary/tunerstudio_io.h
2026-02-25 13:01:24,426 - Knowledge - INFO - Worker kw11 processing /app/data/T0015/326202/b9060hi/Rufesi/firmware/controllers/trigger/trigger.mk
2026-02-25 13:01:24,524 - Knowledge - INFO - process ingested knowledge for /app/data/T0015/326202/b9060hi/Rufesi/firmware/hw_layer/trigger_input.cpp
2026-02-25 13:01:25,146 - Knowledge - INFO - Worker kw17 processing /app/data/T0015/326202/b9060hi/Rufesi/firmware/controllers/trigger/trigger_decoder.cpp
2026-02-25 13:01:25,273 - Knowledge - INFO - Worker kw2 processing /app/data/T0015/326202/b9060hi/Rufesi/firmware/controllers/trigger/spark_logic.h
2026-02-25 13:01:25,393 - Knowledge - INFO - process ingested knowledge for /app/data/T0015/326202/b9060hi/Rufesi/firmware/console/binary/bluetooth.cpp
2026-02-25 13:01:25,481 - Knowledge - INFO - Fast-tracked /app/data/T0015/326202/b9060hi/Rufesi/firmware/controllers/trigger/trigger.mk (ext=.mk, size=1435)
2026-02-25 13:01:25,625 - Knowledge - INFO - process ingested knowledge for /app/data/T0015/326202/b9060hi/Rufesi/firmware/hw_layer/microsecond_timer.h
2026-02-25 13:01:25,818 - Knowledge - INFO - Worker kw17 processing /app/data/T0015/326202/b9060hi/Rufesi/firmware/controllers/trigger/rpm_calculator.h
2026-02-25 13:01:26,085 - Knowledge - INFO - Fast-tracked /app/data/T0015/326202/b9060hi/Rufesi/firmware/controllers/trigger/spark_logic.h (ext=.h, size=699)
2026-02-25 13:01:26,217 - Knowledge - INFO - process ingested knowledge for /app/data/T0015/326202/b9060hi/Rufesi/firmware/console/binary/tunerstudio.cpp
2026-02-25 13:01:26,371 - Knowledge - INFO - Worker kw11 processing /app/data/T0015/326202/b9060hi/Rufesi/firmware/controllers/trigger/main_trigger_callback.h
2026-02-25 13:01:26,507 - Knowledge - INFO - process ingested knowledge for /app/data/T0015/326202/b9060hi/Rufesi/firmware/hw_layer/pin_repository.h
2026-02-25 13:01:26,698 - Knowledge - INFO - Worker kw17 processing /app/data/T0015/326202/b9060hi/Rufesi/firmware/controllers/trigger/decoders/trigger_chrysler.cpp
2026-02-25 13:01:26,867 - Knowledge - INFO - Worker kw2 processing /app/data/T0015/326202/b9060hi/Rufesi/firmware/controllers/trigger/aux_valves.h
2026-02-25 13:01:27,307 - Knowledge - INFO - Fast-tracked /app/data/T0015/326202/b9060hi/Rufesi/firmware/controllers/trigger/main_trigger_callback.h (ext=.h, size=964)
2026-02-25 13:01:27,562 - Knowledge - INFO - Async storage completed for 6 embeddings
2026-02-25 13:01:27,598 - Knowledge - INFO - Worker kw17 processing /app/data/T0015/326202/b9060hi/Rufesi/firmware/controllers/trigger/decoders/trigger_misc.cpp
2026-02-25 13:01:27,667 - Knowledge - INFO - Fast-tracked /app/data/T0015/326202/b9060hi/Rufesi/firmware/controllers/trigger/aux_valves.h (ext=.h, size=349)
2026-02-25 13:01:28,225 - Knowledge - INFO - Fast-tracked /app/data/T0015/326202/b9060hi/Rufesi/firmware/controllers/trigger/decoders/trigger_misc.cpp (ext=.cpp, size=543)
2026-02-25 13:01:28,463 - Knowledge - INFO - Worker kw17 processing /app/data/T0015/326202/b9060hi/Rufesi/firmware/controllers/trigger/decoders/trigger_nissan.cpp
2026-02-25 13:01:28,609 - Knowledge - INFO - Async storage completed for 6 embeddings
2026-02-25 13:01:28,768 - Knowledge - INFO - [LLM_CALL] Completed: rtc_helper.cpp:chunk1, Duration: 18944ms, PromptTokens: 3538, CompletionTokens: 626, Cost: $0.00060
2026-02-25 13:01:28,997 - Knowledge - INFO - done ingest for /app/data/T0015/326202/b9060hi/Rufesi/firmware/hw_layer/rtc_helper.cpp
2026-02-25 13:01:28,999 - Knowledge - INFO - [LLM_CALL] Completed: stm32f7xx_hal_flash.c:chunk1, Duration: 39180ms, PromptTokens: 12830, CompletionTokens: 663, Cost: $0.00155
2026-02-25 13:01:29,400 - Knowledge - INFO - done ingest for /app/data/T0015/326202/b9060hi/Rufesi/firmware/hw_layer/stm32f7/stm32f7xx_hal_flash.c
2026-02-25 13:01:30,046 - Knowledge - INFO - [LLM_CALL] Completed: stm32f7xx_hal_flash.h:chunk1, Duration: 24830ms, PromptTokens: 8106, CompletionTokens: 873, Cost: $0.00116
2026-02-25 13:01:30,287 - Knowledge - INFO - done ingest for /app/data/T0015/326202/b9060hi/Rufesi/firmware/hw_layer/stm32f7/stm32f7xx_hal_flash.h
2026-02-25 13:01:30,372 - Knowledge - INFO - [LLM_CALL] Completed: stm32f7xx_hal_flash_ex.c:chunk1, Duration: 38430ms, PromptTokens: 23312, CompletionTokens: 565, Cost: $0.00256
2026-02-25 13:01:30,601 - Knowledge - INFO - done ingest for /app/data/T0015/326202/b9060hi/Rufesi/firmware/hw_layer/stm32f7/stm32f7xx_hal_flash_ex.c
2026-02-25 13:01:31,252 - Knowledge - INFO - [kw20] Queue=173, InProgress=0, PendingWorkers=20/20, Completed=1184/1454 (81.4%)
2026-02-25 13:01:31,310 - Knowledge - INFO - Fast-tracked /app/data/T0015/326202/b9060hi/Rufesi/firmware/hw_layer/digital_input_exti.cpp (small file (2383 bytes))
2026-02-25 13:01:31,335 - Knowledge - INFO - [kw18] Queue=173, InProgress=0, PendingWorkers=20/20, Completed=1184/1454 (81.4%)
2026-02-25 13:01:31,477 - Knowledge - INFO - Batch sizing: calculated=5, max_allowed=10, queue=173, active_workers=20/20
2026-02-25 13:01:31,494 - Knowledge - INFO - Processing batch of 6 files
2026-02-25 13:01:31,623 - Knowledge - INFO - Async storage completed for 6 embeddings
2026-02-25 13:01:31,720 - Knowledge - INFO - Batch sizing: calculated=5, max_allowed=10, queue=173, active_workers=20/20
2026-02-25 13:01:31,942 - Knowledge - INFO - Async storing batch of 6 embeddings
2026-02-25 13:01:32,026 - Knowledge - INFO - process ingested knowledge for /app/data/T0015/326202/b9060hi/Rufesi/firmware/hw_layer/accelerometer.h
2026-02-25 13:01:32,191 - Knowledge - INFO - Processing batch of 6 files
2026-02-25 13:01:32,331 - Knowledge - INFO - Async storing batch of 6 embeddings
2026-02-25 13:01:32,429 - Knowledge - INFO - Worker kw20 processing /app/data/T0015/326202/b9060hi/Rufesi/firmware/controllers/trigger/decoders/trigger_gm.cpp
2026-02-25 13:01:32,589 - Knowledge - INFO - process ingested knowledge for /app/data/T0015/326202/b9060hi/Rufesi/firmware/hw_layer/hw_layer.mk
2026-02-25 13:01:32,727 - Knowledge - INFO - process ingested knowledge for /app/data/T0015/326202/b9060hi/Rufesi/firmware/hw_layer/AdcConfiguration.h
2026-02-25 13:01:32,847 - Knowledge - INFO - Worker kw18 processing /app/data/T0015/326202/b9060hi/Rufesi/firmware/controllers/trigger/decoders/trigger_structure.h
2026-02-25 13:01:32,974 - Knowledge - INFO - Async storage completed for 6 embeddings
2026-02-25 13:01:33,081 - Knowledge - INFO - Worker kw20 processing /app/data/T0015/326202/b9060hi/Rufesi/firmware/controllers/trigger/decoders/trigger_toyota.cpp
2026-02-25 13:01:33,205 - Knowledge - INFO - process ingested knowledge for /app/data/T0015/326202/b9060hi/Rufesi/firmware/hw_layer/stepper.h
2026-02-25 13:01:33,317 - Knowledge - INFO - process ingested knowledge for /app/data/T0015/326202/b9060hi/Rufesi/firmware/hw_layer/neo6m.cpp
2026-02-25 13:01:33,350 - Knowledge - INFO - [LLM_CALL] Completed: stm32f7xx_hal_flash_ex.h:chunk1, Duration: 31993ms, PromptTokens: 18406, CompletionTokens: 1002, Cost: $0.00224
2026-02-25 13:01:33,363 - Knowledge - INFO - Fast-tracked /app/data/T0015/326202/b9060hi/Rufesi/firmware/global.h (small file (2948 bytes))
2026-02-25 13:01:33,461 - Knowledge - INFO - Worker kw18 processing /app/data/T0015/326202/b9060hi/Rufesi/firmware/controllers/trigger/decoders/trigger_mitsubishi.h
2026-02-25 13:01:33,693 - Knowledge - INFO - Async storage completed for 6 embeddings
2026-02-25 13:01:33,722 - Knowledge - INFO - Worker kw20 processing /app/data/T0015/326202/b9060hi/Rufesi/firmware/controllers/trigger/decoders/trigger_rover.cpp
2026-02-25 13:01:33,856 - Knowledge - INFO - process ingested knowledge for /app/data/T0015/326202/b9060hi/Rufesi/firmware/hw_layer/trigger_input.h
2026-02-25 13:01:33,948 - Knowledge - INFO - process ingested knowledge for /app/data/T0015/326202/b9060hi/Rufesi/firmware/hw_layer/vehicle_speed.h
2026-02-25 13:01:34,094 - Knowledge - INFO - done ingest for /app/data/T0015/326202/b9060hi/Rufesi/firmware/hw_layer/stm32f7/stm32f7xx_hal_flash_ex.h
2026-02-25 13:01:34,193 - Knowledge - INFO - Async storage completed for 6 embeddings
2026-02-25 13:01:34,310 - Knowledge - INFO - Fast-tracked /app/data/T0015/326202/b9060hi/Rufesi/firmware/controllers/trigger/decoders/trigger_mitsubishi.h (ext=.h, size=340)
2026-02-25 13:01:34,614 - Knowledge - INFO - Fast-tracked /app/data/T0015/326202/b9060hi/Rufesi/firmware/controllers/trigger/decoders/trigger_rover.cpp (ext=.cpp, size=1330)
2026-02-25 13:01:34,730 - Knowledge - INFO - process ingested knowledge for /app/data/T0015/326202/b9060hi/Rufesi/firmware/hw_layer/rtc_helper.cpp
2026-02-25 13:01:34,854 - Knowledge - INFO - process ingested knowledge for /app/data/T0015/326202/b9060hi/Rufesi/firmware/hw_layer/stm32f7/mpu_util.cpp
2026-02-25 13:01:35,340 - Knowledge - INFO - Worker kw18 processing /app/data/T0015/326202/b9060hi/Rufesi/firmware/controllers/trigger/decoders/trigger_subaru.cpp
2026-02-25 13:01:35,535 - Knowledge - INFO - Worker kw20 processing /app/data/T0015/326202/b9060hi/Rufesi/firmware/controllers/trigger/decoders/trigger_universal.h
2026-02-25 13:01:35,747 - Knowledge - INFO - process ingested knowledge for /app/data/T0015/326202/b9060hi/Rufesi/firmware/hw_layer/servo.h
2026-02-25 13:01:35,831 - Knowledge - INFO - process ingested knowledge for /app/data/T0015/326202/b9060hi/Rufesi/firmware/hw_layer/stm32f7/stm32f7xx_hal_flash.c
2026-02-25 13:01:35,938 - Knowledge - INFO - Processing batch of 6 files
2026-02-25 13:01:35,997 - Knowledge - INFO - Worker kw18 processing /app/data/T0015/326202/b9060hi/Rufesi/firmware/controllers/trigger/decoders/trigger_vw.h
2026-02-25 13:01:36,152 - Knowledge - INFO - Fast-tracked /app/data/T0015/326202/b9060hi/Rufesi/firmware/controllers/trigger/decoders/trigger_universal.h (ext=.h, size=946)
2026-02-25 13:01:36,455 - Knowledge - INFO - Fast-tracked /app/data/T0015/326202/b9060hi/Rufesi/firmware/hw_layer/adc_inputs.cpp (small file (0 bytes))
2026-02-25 13:01:36,605 - Knowledge - INFO - process ingested knowledge for /app/data/T0015/326202/b9060hi/Rufesi/firmware/hw_layer/stm32f7/stm32f7xx_hal_def.h
2026-02-25 13:01:36,787 - Knowledge - INFO - Fast-tracked /app/data/T0015/326202/b9060hi/Rufesi/firmware/controllers/trigger/decoders/trigger_vw.h (ext=.h, size=334)
2026-02-25 13:01:36,807 - Knowledge - INFO - process ingested knowledge for /app/data/T0015/326202/b9060hi/Rufesi/firmware/hw_layer/stm32f7/stm32f7xx_hal_flash_ex.c
2026-02-25 13:01:36,896 - Knowledge - INFO - Worker kw20 processing /app/data/T0015/326202/b9060hi/Rufesi/firmware/controllers/trigger/decoders/trigger_bmw.cpp
2026-02-25 13:01:37,123 - Knowledge - INFO - Async storage completed for 6 embeddings
2026-02-25 13:01:37,473 - Knowledge - INFO - Worker kw18 processing /app/data/T0015/326202/b9060hi/Rufesi/firmware/controllers/trigger/decoders/trigger_mazda.h
2026-02-25 13:01:37,834 - Knowledge - INFO - Fast-tracked /app/data/T0015/326202/b9060hi/Rufesi/firmware/controllers/trigger/decoders/trigger_bmw.cpp (ext=.cpp, size=1498)
2026-02-25 13:01:37,928 - Knowledge - INFO - process ingested knowledge for /app/data/T0015/326202/b9060hi/Rufesi/firmware/hw_layer/stm32f7/stm32f7xx_hal_flash_ex.h
2026-02-25 13:01:38,082 - Knowledge - INFO - Fast-tracked /app/data/T0015/326202/b9060hi/Rufesi/firmware/controllers/trigger/decoders/trigger_mazda.h (ext=.h, size=611)
2026-02-25 13:01:38,902 - Knowledge - INFO - [LLM_CALL] Completed: joystick.cpp:chunk1, Duration: 33713ms, PromptTokens: 3188, CompletionTokens: 415, Cost: $0.00048
2026-02-25 13:01:39,218 - Knowledge - INFO - done ingest for /app/data/T0015/326202/b9060hi/Rufesi/firmware/hw_layer/joystick.cpp
2026-02-25 13:01:39,233 - Knowledge - INFO - process ingested knowledge for /app/data/T0015/326202/b9060hi/Rufesi/firmware/hw_layer/stm32f7/mpu_util.h
2026-02-25 13:01:39,233 - Knowledge - INFO - [LLM_CALL] Completed: CJ125.h:chunk1, Duration: 29366ms, PromptTokens: 3096, CompletionTokens: 407, Cost: $0.00047
2026-02-25 13:01:39,837 - Knowledge - INFO - done ingest for /app/data/T0015/326202/b9060hi/Rufesi/firmware/hw_layer/sensors/CJ125.h
2026-02-25 13:01:39,906 - Knowledge - INFO - [LLM_CALL] Completed: HIP9011_logic.cpp:chunk1, Duration: 54488ms, PromptTokens: 2650, CompletionTokens: 534, Cost: $0.00048
2026-02-25 13:01:40,016 - Knowledge - INFO - process ingested knowledge for /app/data/T0015/326202/b9060hi/Rufesi/firmware/hw_layer/stm32f7/stm32f7xx_hal_flash.h
2026-02-25 13:01:40,325 - Knowledge - INFO - done ingest for /app/data/T0015/326202/b9060hi/Rufesi/firmware/hw_layer/HIP9011_logic.cpp
2026-02-25 13:01:40,334 - Knowledge - INFO - [LLM_CALL] Completed: bootloader_generated.hxx:chunk1, Duration: 20204ms, PromptTokens: 54860, CompletionTokens: 52, Cost: $0.00551
2026-02-25 13:01:40,747 - Knowledge - INFO - [LLM_CALL] Completed: microsecond_timer.cpp:chunk1, Duration: 24882ms, PromptTokens: 3512, CompletionTokens: 462, Cost: $0.00054
2026-02-25 13:01:40,907 - Knowledge - INFO - done ingest for /app/data/T0015/326202/b9060hi/Rufesi/firmware/hw_layer/microsecond_timer.cpp
2026-02-25 13:01:41,393 - Knowledge - INFO - process ingested knowledge for /app/data/T0015/326202/b9060hi/Rufesi/firmware/hw_layer/stm32f7/hw_stm32.mk
2026-02-25 13:01:42,759 - Knowledge - INFO - process ingested knowledge for /app/data/T0015/326202/b9060hi/Rufesi/firmware/hw_layer/can_hw.h
2026-02-25 13:01:42,834 - Knowledge - INFO - [WEBSOCKET] Sent: Type=progress_update, Size: 296, Duration: 0ms
2026-02-25 13:01:43,413 - Knowledge - INFO - [WEBSOCKET] Sent: Type=unknown, Size: ?, Duration: 580ms
2026-02-25 13:01:43,664 - Knowledge - INFO - Progress: 82.6% | Files: 1203/1454 | Rate: 1.59 files/sec | Queue: 163
2026-02-25 13:01:44,157 - Knowledge - INFO - [kw10] Queue=163, InProgress=0, PendingWorkers=20/20, Completed=1203/1454 (82.7%)
2026-02-25 13:01:44,159 - Knowledge - INFO - [kw8] Queue=163, InProgress=0, PendingWorkers=20/20, Completed=1203/1454 (82.7%)
2026-02-25 13:01:44,517 - Knowledge - INFO - Batch sizing: calculated=5, max_allowed=10, queue=163, active_workers=20/20
2026-02-25 13:01:44,607 - Knowledge - INFO - Fast-tracked /app/data/T0015/326202/b9060hi/Rufesi/firmware/hw_layer/stm32f4/mpu_util.h (small file (2248 bytes))
2026-02-25 13:01:44,638 - Knowledge - INFO - Batch sizing: calculated=5, max_allowed=10, queue=163, active_workers=20/20
2026-02-25 13:01:45,034 - Knowledge - INFO - Async storing batch of 6 embeddings
2026-02-25 13:01:45,152 - Knowledge - INFO - Async storing batch of 6 embeddings
2026-02-25 13:01:45,179 - Knowledge - INFO - Processing batch of 6 files
2026-02-25 13:01:45,302 - Knowledge - INFO - Processing batch of 6 files
2026-02-25 13:01:45,339 - Knowledge - INFO - Worker kw10 processing /app/data/T0015/326202/b9060hi/Rufesi/firmware/controllers/trigger/decoders/trigger_honda.cpp
2026-02-25 13:01:45,487 - Knowledge - INFO - Worker kw8 processing /app/data/T0015/326202/b9060hi/Rufesi/firmware/controllers/trigger/decoders/trigger_nissan.h
2026-02-25 13:01:45,599 - Knowledge - INFO - process ingested knowledge for /app/data/T0015/326202/b9060hi/Rufesi/firmware/hw_layer/max31855.h
2026-02-25 13:01:45,686 - Knowledge - INFO - Fast-tracked /app/data/T0015/326202/b9060hi/Rufesi/firmware/controllers/trigger/trigger_central.h (small file (2474 bytes))
2026-02-25 13:01:45,716 - Knowledge - INFO - process ingested knowledge for /app/data/T0015/326202/b9060hi/Rufesi/firmware/hw_layer/neo6m.h
2026-02-25 13:01:45,892 - Knowledge - INFO - Async storage completed for 6 embeddings
2026-02-25 13:01:45,905 - Knowledge - INFO - Worker kw10 processing /app/data/T0015/326202/b9060hi/Rufesi/firmware/controllers/trigger/decoders/trigger_vw.cpp
2026-02-25 13:01:45,990 - Knowledge - INFO - Fast-tracked /app/data/T0015/326202/b9060hi/Rufesi/firmware/controllers/trigger/decoders/trigger_nissan.h (ext=.h, size=382)
2026-02-25 13:01:46,116 - Knowledge - WARNING - Timeout processing /app/data/T0015/326202/b9060hi/Rufesi/firmware/console/status_loop.cpp after 90s - using fallback metadata
2026-02-25 13:01:46,192 - Knowledge - INFO - process ingested knowledge for /app/data/T0015/326202/b9060hi/Rufesi/firmware/hw_layer/HIP9011.h
2026-02-25 13:01:46,315 - Knowledge - INFO - Async storage completed for 6 embeddings
2026-02-25 13:01:46,721 - Knowledge - INFO - process ingested knowledge for /app/data/T0015/326202/b9060hi/Rufesi/firmware/hw_layer/pwm_generator.cpp
2026-02-25 13:01:46,837 - Knowledge - INFO - Fast-tracked /app/data/T0015/326202/b9060hi/Rufesi/firmware/controllers/trigger/decoders/trigger_vw.cpp (ext=.cpp, size=915)
2026-02-25 13:01:46,954 - Knowledge - INFO - Worker kw8 processing /app/data/T0015/326202/b9060hi/Rufesi/firmware/controllers/trigger/decoders/trigger_structure.cpp
2026-02-25 13:01:47,253 - Knowledge - INFO - process ingested knowledge for /app/data/T0015/326202/b9060hi/Rufesi/firmware/hw_layer/io_pins.cpp
2026-02-25 13:01:47,438 - Knowledge - INFO - [kw13] Queue=153, InProgress=0, PendingWorkers=20/20, Completed=1208/1454 (83.1%)
2026-02-25 13:01:47,659 - Knowledge - INFO - process ingested knowledge for /app/data/T0015/326202/b9060hi/Rufesi/firmware/hw_layer/backup_ram.h
2026-02-25 13:01:47,666 - Knowledge - INFO - Async storage completed for 6 embeddings
2026-02-25 13:01:47,871 - Knowledge - INFO - [LLM_CALL] Completed: dfu.cpp:chunk1, Duration: 29098ms, PromptTokens: 5666, CompletionTokens: 855, Cost: $0.00091
2026-02-25 13:01:47,873 - Knowledge - INFO - Worker kw10 processing /app/data/T0015/326202/b9060hi/Rufesi/firmware/controllers/trigger/decoders/trigger_mazda.cpp
2026-02-25 13:01:48,054 - Knowledge - INFO - Worker kw8 processing /app/data/T0015/326202/b9060hi/Rufesi/firmware/controllers/trigger/decoders/trigger_mitsubishi.cpp
2026-02-25 13:01:48,260 - Knowledge - INFO - process ingested knowledge for /app/data/T0015/326202/b9060hi/Rufesi/firmware/hw_layer/HIP9011_logic.cpp
2026-02-25 13:01:48,370 - Knowledge - INFO - Batch sizing: calculated=5, max_allowed=10, queue=153, active_workers=20/20
2026-02-25 13:01:48,516 - Knowledge - INFO - process ingested knowledge for /app/data/T0015/326202/b9060hi/Rufesi/firmware/hw_layer/microsecond_timer.cpp
2026-02-25 13:01:48,733 - Knowledge - INFO - done ingest for /app/data/T0015/326202/b9060hi/Rufesi/firmware/bootloader/src/dfu.cpp
2026-02-25 13:01:48,748 - Knowledge - INFO - [LLM_CALL] Completed: mcp3208.c:chunk1, Duration: 45407ms, PromptTokens: 2844, CompletionTokens: 582, Cost: $0.00052
2026-02-25 13:01:48,897 - Knowledge - INFO - Worker kw10 processing /app/data/T0015/326202/b9060hi/Rufesi/firmware/controllers/trigger/decoders/trigger_toyota.h
2026-02-25 13:01:49,064 - Knowledge - INFO - Fast-tracked /app/data/T0015/326202/b9060hi/Rufesi/firmware/controllers/trigger/decoders/trigger_mitsubishi.cpp (ext=.cpp, size=1697)
2026-02-25 13:01:49,180 - Knowledge - INFO - process ingested knowledge for /app/data/T0015/326202/b9060hi/Rufesi/firmware/hw_layer/joystick.h
2026-02-25 13:01:49,484 - Knowledge - INFO - process ingested knowledge for /app/data/T0015/326202/b9060hi/Rufesi/firmware/hw_layer/tle6240.h
2026-02-25 13:01:49,703 - Knowledge - INFO - done ingest for /app/data/T0015/326202/b9060hi/Rufesi/firmware/hw_layer/mcp3208.c
2026-02-25 13:01:49,715 - Knowledge - INFO - [LLM_CALL] Completed: stm32f4xx_hal_flash_ramfunc.h:chunk1, Duration: 39538ms, PromptTokens: 2340, CompletionTokens: 408, Cost: $0.00040
2026-02-25 13:01:49,866 - Knowledge - INFO - Fast-tracked /app/data/T0015/326202/b9060hi/Rufesi/firmware/controllers/trigger/decoders/trigger_toyota.h (ext=.h, size=367)
2026-02-25 13:01:49,948 - Knowledge - INFO - Worker kw8 processing /app/data/T0015/326202/b9060hi/Rufesi/firmware/controllers/trigger/decoders/trigger_misc.h
2026-02-25 13:01:50,072 - Knowledge - INFO - process ingested knowledge for /app/data/T0015/326202/b9060hi/Rufesi/firmware/hw_layer/backup_ram.cpp
2026-02-25 13:01:50,211 - Knowledge - INFO - process ingested knowledge for /app/data/T0015/326202/b9060hi/Rufesi/firmware/hw_layer/digital_input_exti.cpp
2026-02-25 13:01:50,391 - Knowledge - INFO - done ingest for /app/data/T0015/326202/b9060hi/Rufesi/firmware/hw_layer/stm32f4/stm32f4xx_hal_flash_ramfunc.h
2026-02-25 13:01:50,401 - Knowledge - INFO - Async storing batch of 6 embeddings
2026-02-25 13:01:50,439 - Knowledge - INFO - [LLM_CALL] Completed: HIP9011.cpp:chunk1, Duration: 33402ms, PromptTokens: 7896, CompletionTokens: 1246, Cost: $0.00129
2026-02-25 13:01:50,514 - Knowledge - INFO - Worker kw10 processing /app/data/T0015/326202/b9060hi/Rufesi/firmware/controllers/trigger/decoders/trigger_chrysler.h
2026-02-25 13:01:50,596 - Knowledge - INFO - Fast-tracked /app/data/T0015/326202/b9060hi/Rufesi/firmware/controllers/trigger/decoders/trigger_misc.h (ext=.h, size=345)
2026-02-25 13:01:51,084 - Knowledge - INFO - Worker kw13 processing /app/data/T0015/326202/b9060hi/Rufesi/firmware/controllers/trigger/decoders/trigger_universal.cpp
2026-02-25 13:01:51,333 - Knowledge - INFO - done ingest for /app/data/T0015/326202/b9060hi/Rufesi/firmware/hw_layer/HIP9011.cpp
2026-02-25 13:01:51,551 - Knowledge - INFO - Fast-tracked /app/data/T0015/326202/b9060hi/Rufesi/firmware/controllers/trigger/decoders/trigger_chrysler.h (ext=.h, size=699)
2026-02-25 13:01:51,708 - Knowledge - INFO - Worker kw8 processing /app/data/T0015/326202/b9060hi/Rufesi/firmware/controllers/trigger/decoders/trigger_gm.h
2026-02-25 13:01:51,958 - Knowledge - INFO - Worker kw13 processing /app/data/T0015/326202/b9060hi/Rufesi/firmware/controllers/trigger/decoders/readme.md
2026-02-25 13:01:52,584 - Knowledge - INFO - Fast-tracked /app/data/T0015/326202/b9060hi/Rufesi/firmware/controllers/trigger/decoders/trigger_gm.h (ext=.h, size=287)
2026-02-25 13:01:52,691 - Knowledge - INFO - Fast-tracked /app/data/T0015/326202/b9060hi/Rufesi/firmware/controllers/trigger/decoders/readme.md (ext=.md, size=76)
2026-02-25 13:01:52,750 - Knowledge - INFO - Processing batch of 6 files
2026-02-25 13:01:53,246 - Knowledge - INFO - Worker kw13 processing /app/data/T0015/326202/b9060hi/Rufesi/firmware/controllers/trigger/decoders/trigger_honda.h
2026-02-25 13:01:53,311 - Knowledge - INFO - process ingested knowledge for /app/data/T0015/326202/b9060hi/Rufesi/firmware/console/eficonsole.cpp
2026-02-25 13:01:53,582 - Knowledge - INFO - Fast-tracked /app/data/T0015/326202/b9060hi/Rufesi/firmware/controllers/trigger/decoders/trigger_honda.h (ext=.h, size=732)
2026-02-25 13:01:53,922 - Knowledge - INFO - Worker kw13 processing /app/data/T0015/326202/b9060hi/Rufesi/firmware/controllers/trigger/decoders/trigger_subaru.h
2026-02-25 13:01:54,103 - Knowledge - INFO - [LLM_CALL] Completed: trigger_simulator.cpp:chunk1, Duration: 26162ms, PromptTokens: 3096, CompletionTokens: 380, Cost: $0.00046
2026-02-25 13:01:54,209 - Knowledge - INFO - Fast-tracked /app/data/T0015/326202/b9060hi/Rufesi/firmware/controllers/trigger/decoders/trigger_subaru.h (ext=.h, size=367)
2026-02-25 13:01:54,226 - Knowledge - INFO - process ingested knowledge for /app/data/T0015/326202/b9060hi/Rufesi/firmware/console/status_loop.cpp
2026-02-25 13:01:54,384 - Knowledge - INFO - done ingest for /app/data/T0015/326202/b9060hi/Rufesi/firmware/controllers/trigger/trigger_simulator.cpp
2026-02-25 13:01:54,451 - Knowledge - INFO - Worker kw13 processing /app/data/T0015/326202/b9060hi/Rufesi/firmware/controllers/trigger/decoders/trigger_rover.h
2026-02-25 13:01:54,902 - Knowledge - INFO - Fast-tracked /app/data/T0015/326202/b9060hi/Rufesi/firmware/controllers/trigger/decoders/trigger_rover.h (ext=.h, size=340)
2026-02-25 13:01:55,022 - Knowledge - INFO - process ingested knowledge for /app/data/T0015/326202/b9060hi/Rufesi/firmware/console/console.mk
2026-02-25 13:01:55,058 - Knowledge - INFO - Processing batch of 6 files
2026-02-25 13:01:55,505 - Knowledge - INFO - [LLM_CALL] Completed: can_hw.cpp:chunk1, Duration: 40962ms, PromptTokens: 7350, CompletionTokens: 1008, Cost: $0.00114
2026-02-25 13:01:55,622 - Knowledge - INFO - process ingested knowledge for /app/data/T0015/326202/b9060hi/Rufesi/firmware/hw_layer/HIP9011_logic.h
2026-02-25 13:01:55,918 - Knowledge - INFO - done ingest for /app/data/T0015/326202/b9060hi/Rufesi/firmware/hw_layer/can_hw.cpp
2026-02-25 13:01:55,934 - Knowledge - INFO - process ingested knowledge for /app/data/T0015/326202/b9060hi/Rufesi/firmware/console/binary/tunerstudio.h
2026-02-25 13:01:55,955 - Knowledge - INFO - [LLM_CALL] Completed: obd2.cpp:chunk1, Duration: 27389ms, PromptTokens: 5144, CompletionTokens: 530, Cost: $0.00073
2026-02-25 13:01:56,314 - Knowledge - INFO - process ingested knowledge for /app/data/T0015/326202/b9060hi/Rufesi/firmware/hw_layer/stm32f0/mpu_util.cpp
2026-02-25 13:01:56,376 - Knowledge - INFO - process ingested knowledge for /app/data/T0015/326202/b9060hi/Rufesi/firmware/console/binary/tunerstudio.mk
2026-02-25 13:01:56,623 - Knowledge - INFO - done ingest for /app/data/T0015/326202/b9060hi/Rufesi/firmware/controllers/obd2.cpp
2026-02-25 13:01:56,686 - Knowledge - INFO - [kw19] Queue=148, InProgress=0, PendingWorkers=20/20, Completed=1227/1454 (84.4%)
2026-02-25 13:01:56,703 - Knowledge - INFO - process ingested knowledge for /app/data/T0015/326202/b9060hi/Rufesi/firmware/hw_layer/stm32f0/mpu_util.h
2026-02-25 13:01:56,712 - Knowledge - INFO - [LLM_CALL] Completed: bootloader_generated.hxx:chunk2, Duration: 15789ms, PromptTokens: 55812, CompletionTokens: 147, Cost: $0.00564
2026-02-25 13:01:56,892 - Knowledge - INFO - process ingested knowledge for /app/data/T0015/326202/b9060hi/Rufesi/firmware/console/binary/bluetooth.h
2026-02-25 13:01:57,126 - Knowledge - INFO - Batch sizing: calculated=5, max_allowed=10, queue=148, active_workers=20/20
2026-02-25 13:01:57,551 - Knowledge - INFO - process ingested knowledge for /app/data/T0015/326202/b9060hi/Rufesi/firmware/hw_layer/stm32f0/hw_stm32.mk
2026-02-25 13:01:57,570 - Knowledge - INFO - Async storage completed for 6 embeddings
2026-02-25 13:01:57,650 - Knowledge - INFO - [kw4] Queue=148, InProgress=0, PendingWorkers=20/20, Completed=1228/1454 (84.5%)
2026-02-25 13:01:57,728 - Knowledge - INFO - [LLM_CALL] Completed: lcd_HD44780.cpp:chunk1, Duration: 35933ms, PromptTokens: 5990, CompletionTokens: 729, Cost: $0.00089
2026-02-25 13:01:58,176 - Knowledge - INFO - process ingested knowledge for /app/data/T0015/326202/b9060hi/Rufesi/firmware/bootloader/bootloader_storage.c
2026-02-25 13:01:58,319 - Knowledge - INFO - Batch sizing: calculated=5, max_allowed=10, queue=148, active_workers=20/20
2026-02-25 13:01:58,395 - Knowledge - INFO - done ingest for /app/data/T0015/326202/b9060hi/Rufesi/firmware/hw_layer/lcd/lcd_HD44780.cpp
2026-02-25 13:01:58,441 - Knowledge - INFO - Async storing batch of 6 embeddings
2026-02-25 13:01:58,448 - Knowledge - INFO - Processing batch of 6 files
2026-02-25 13:01:58,576 - Knowledge - INFO - process ingested knowledge for /app/data/T0015/326202/b9060hi/Rufesi/firmware/bootloader/src/dfu.cpp
2026-02-25 13:01:58,652 - Knowledge - INFO - Async storing batch of 6 embeddings
2026-02-25 13:01:58,674 - Knowledge - INFO - Processing batch of 5 files
2026-02-25 13:01:58,864 - Knowledge - INFO - Processing batch of 5 files
2026-02-25 13:01:58,868 - Knowledge - INFO - Processing batch of 6 files
2026-02-25 13:01:58,871 - Knowledge - INFO - Processing batch of 6 files
2026-02-25 13:01:58,894 - Knowledge - INFO - Worker kw19 processing /app/data/T0015/326202/b9060hi/Rufesi/firmware/controllers/trigger/decoders/trigger_bmw.h
2026-02-25 13:01:58,992 - Knowledge - INFO - process ingested knowledge for /app/data/T0015/326202/b9060hi/Rufesi/firmware/hw_layer/sensors/yaw_rate_sensor.h
2026-02-25 13:01:59,187 - Knowledge - INFO - Worker kw4 processing /app/data/T0015/326202/b9060hi/Rufesi/firmware/controllers/trigger/spark_logic.cpp
2026-02-25 13:01:59,263 - Knowledge - INFO - process ingested knowledge for /app/data/T0015/326202/b9060hi/Rufesi/firmware/controllers/trigger/trigger_simulator.cpp
2026-02-25 13:01:59,354 - Knowledge - INFO - process ingested knowledge for /app/data/T0015/326202/b9060hi/Rufesi/firmware/kill_for_coverity.c
2026-02-25 13:01:59,464 - Knowledge - INFO - process ingested knowledge for /app/data/T0015/326202/b9060hi/Rufesi/firmware/hw_layer/mcp3208.c
2026-02-25 13:01:59,598 - Knowledge - INFO - process ingested knowledge for /app/data/T0015/326202/b9060hi/Rufesi/firmware/hw_layer/stm32f4/stm32f4xx_hal_flash_ramfunc.h
2026-02-25 13:01:59,708 - Knowledge - INFO - Fast-tracked /app/data/T0015/326202/b9060hi/Rufesi/firmware/controllers/trigger/decoders/trigger_bmw.h (ext=.h, size=264)
2026-02-25 13:01:59,893 - Knowledge - INFO - Worker kw4 processing /app/data/T0015/326202/b9060hi/Rufesi/firmware/controllers/trigger/aux_valves.cpp
2026-02-25 13:01:59,913 - Knowledge - INFO - [WEBSOCKET] Sent: Type=progress_update, Size: 296, Duration: 0ms
2026-02-25 13:01:59,913 - Knowledge - INFO - process ingested knowledge for /app/data/T0015/326202/b9060hi/Rufesi/firmware/hw_layer/sensors/CJ125.h
2026-02-25 13:02:00,151 - Knowledge - INFO - process ingested knowledge for /app/data/T0015/326202/b9060hi/Rufesi/firmware/controllers/trigger/trigger_emulator_algo.h
2026-02-25 13:02:00,152 - Knowledge - INFO - process ingested knowledge for /app/data/T0015/326202/b9060hi/Rufesi/firmware/controllers/obd2.cpp
2026-02-25 13:02:00,165 - Knowledge - INFO - process ingested knowledge for /app/data/T0015/326202/b9060hi/Rufesi/firmware/hw_layer/rtc_helper.h
2026-02-25 13:02:00,304 - Knowledge - INFO - Async storage completed for 6 embeddings
2026-02-25 13:02:00,319 - Knowledge - INFO - Worker kw19 processing /app/data/T0015/326202/b9060hi/Rufesi/firmware/controllers/trigger/trigger_simulator.h
2026-02-25 13:02:00,414 - Knowledge - INFO - Worker kw4 processing /app/data/T0015/326202/b9060hi/Rufesi/firmware/controllers/trigger/trigger_emulator_algo.cpp
2026-02-25 13:02:00,428 - Knowledge - INFO - process ingested knowledge for /app/data/T0015/326202/b9060hi/Rufesi/firmware/hw_layer/stm32f4/hw_stm32.mk
2026-02-25 13:02:00,480 - Knowledge - INFO - [WEBSOCKET] Sent: Type=unknown, Size: ?, Duration: 567ms
2026-02-25 13:02:00,608 - Knowledge - INFO - process ingested knowledge for /app/data/T0015/326202/b9060hi/Rufesi/firmware/hw_layer/HIP9011.cpp
2026-02-25 13:02:00,637 - Knowledge - INFO - process ingested knowledge for /app/data/T0015/326202/b9060hi/Rufesi/firmware/controllers/trigger/trigger_central.h
2026-02-25 13:02:01,115 - Knowledge - INFO - process ingested knowledge for /app/data/T0015/326202/b9060hi/Rufesi/firmware/hw_layer/joystick.cpp
2026-02-25 13:02:01,130 - Knowledge - INFO - process ingested knowledge for /app/data/T0015/326202/b9060hi/Rufesi/firmware/controllers/flash_main.h
2026-02-25 13:02:01,200 - Knowledge - INFO - Fast-tracked /app/data/T0015/326202/b9060hi/Rufesi/firmware/controllers/trigger/trigger_simulator.h (ext=.h, size=968)
2026-02-25 13:02:01,248 - Knowledge - INFO - Async storage completed for 6 embeddings
2026-02-25 13:02:01,407 - Knowledge - INFO - Worker kw4 processing /app/data/T0015/326202/b9060hi/Rufesi/firmware/controllers/trigger/trigger_decoder.h
2026-02-25 13:02:01,482 - Knowledge - INFO - process ingested knowledge for /app/data/T0015/326202/b9060hi/Rufesi/firmware/hw_layer/stm32f4/stm32f4xx_hal_def.h
2026-02-25 13:02:01,495 - Knowledge - INFO - Fast-tracked /app/data/T0015/326202/b9060hi/Rufesi/firmware/controllers/trigger/decoders/trigger_nissan.cpp (small file (2450 bytes))
2026-02-25 13:02:01,612 - Knowledge - INFO - Progress: 85.8% | Files: 1248/1454 | Rate: 1.61 files/sec | Queue: 138
2026-02-25 13:02:01,626 - Knowledge - INFO - [kw5] Queue=138, InProgress=0, PendingWorkers=20/20, Completed=1248/1454 (85.8%)
2026-02-25 13:02:01,753 - Knowledge - INFO - process ingested knowledge for /app/data/T0015/326202/b9060hi/Rufesi/firmware/hw_layer/board_test.h
2026-02-25 13:02:01,822 - Knowledge - INFO - [LLM_CALL] Completed: max31855.cpp:chunk1, Duration: 56714ms, PromptTokens: 3020, CompletionTokens: 505, Cost: $0.00050
2026-02-25 13:02:01,853 - Knowledge - INFO - process ingested knowledge for /app/data/T0015/326202/b9060hi/Rufesi/firmware/controllers/trigger/trigger.mk
2026-02-25 13:02:01,931 - Knowledge - INFO - process ingested knowledge for /app/data/T0015/326202/b9060hi/Rufesi/firmware/hw_layer/digital_input_hw.h
2026-02-25 13:02:01,947 - Knowledge - INFO - Async storage completed for 6 embeddings
2026-02-25 13:02:02,012 - Knowledge - INFO - process ingested knowledge for /app/data/T0015/326202/b9060hi/Rufesi/firmware/controllers/trigger/spark_logic.h
2026-02-25 13:02:02,085 - Knowledge - INFO - Worker kw19 processing /app/data/T0015/326202/b9060hi/Rufesi/firmware/controllers/trigger/rpm_calculator.cpp
2026-02-25 13:02:02,339 - Knowledge - INFO - Worker kw4 processing /app/data/T0015/326202/b9060hi/Rufesi/firmware/controllers/error_handling.h
2026-02-25 13:02:02,441 - Knowledge - INFO - process ingested knowledge for /app/data/T0015/326202/b9060hi/Rufesi/firmware/hw_layer/lcd/lcd_HD44780.cpp
2026-02-25 13:02:02,573 - Knowledge - INFO - Async storage completed for 6 embeddings
2026-02-25 13:02:02,649 - Knowledge - INFO - [kw9] Queue=138, InProgress=0, PendingWorkers=20/20, Completed=1248/1454 (85.8%)
2026-02-25 13:02:02,739 - Knowledge - INFO - Batch sizing: calculated=5, max_allowed=10, queue=138, active_workers=20/20
2026-02-25 13:02:02,812 - Knowledge - INFO - Async storage completed for 6 embeddings
2026-02-25 13:02:02,826 - Knowledge - INFO - process ingested knowledge for /app/data/T0015/326202/b9060hi/Rufesi/firmware/hw_layer/mcp3208.h
2026-02-25 13:02:02,898 - Knowledge - INFO - done ingest for /app/data/T0015/326202/b9060hi/Rufesi/firmware/hw_layer/max31855.cpp
2026-02-25 13:02:02,986 - Knowledge - INFO - process ingested knowledge for /app/data/T0015/326202/b9060hi/Rufesi/firmware/controllers/trigger/main_trigger_callback.h
2026-02-25 13:02:03,110 - Knowledge - INFO - process ingested knowledge for /app/data/T0015/326202/b9060hi/Rufesi/firmware/hw_layer/vehicle_speed.cpp
2026-02-25 13:02:03,325 - Knowledge - INFO - Async storage completed for 6 embeddings
2026-02-25 13:02:03,399 - Knowledge - INFO - process ingested knowledge for /app/data/T0015/326202/b9060hi/Rufesi/firmware/controllers/trigger/aux_valves.h
2026-02-25 13:02:03,536 - Knowledge - INFO - Worker kw19 processing /app/data/T0015/326202/b9060hi/Rufesi/firmware/controllers/trigger/main_trigger_callback.cpp
2026-02-25 13:02:03,635 - Knowledge - INFO - Fast-tracked /app/data/T0015/326202/b9060hi/Rufesi/firmware/controllers/error_handling.h (ext=.h, size=1665)
2026-02-25 13:02:03,749 - Knowledge - INFO - process ingested knowledge for /app/data/T0015/326202/b9060hi/Rufesi/firmware/hw_layer/lcd/lcd_HD44780.h
2026-02-25 13:02:03,952 - Knowledge - INFO - Batch sizing: calculated=5, max_allowed=10, queue=138, active_workers=20/20
2026-02-25 13:02:04,093 - Knowledge - INFO - Async storing batch of 6 embeddings
2026-02-25 13:02:04,337 - Knowledge - INFO - process ingested knowledge for /app/data/T0015/326202/b9060hi/Rufesi/firmware/hw_layer/algo/adc_math.h
2026-02-25 13:02:05,053 - Knowledge - INFO - process ingested knowledge for /app/data/T0015/326202/b9060hi/Rufesi/firmware/hw_layer/can_hw.cpp
2026-02-25 13:02:05,113 - Knowledge - INFO - Worker kw19 processing /app/data/T0015/326202/b9060hi/Rufesi/firmware/controllers/trigger/trigger_central.cpp
2026-02-25 13:02:05,854 - Knowledge - INFO - Worker kw5 processing /app/data/T0015/326202/b9060hi/Rufesi/firmware/controllers/PwmTester.cpp
2026-02-25 13:02:05,905 - Knowledge - INFO - process ingested knowledge for /app/data/T0015/326202/b9060hi/Rufesi/firmware/hw_layer/adc_inputs.cpp
2026-02-25 13:02:06,482 - Knowledge - INFO - Async storing batch of 6 embeddings
2026-02-25 13:02:06,533 - Knowledge - INFO - Worker kw5 processing /app/data/T0015/326202/b9060hi/Rufesi/firmware/controllers/lcd_controller.h
2026-02-25 13:02:07,085 - Knowledge - INFO - Fast-tracked /app/data/T0015/326202/b9060hi/Rufesi/firmware/controllers/lcd_controller.h (ext=.h, size=296)
2026-02-25 13:02:07,438 - Knowledge - INFO - Worker kw5 processing /app/data/T0015/326202/b9060hi/Rufesi/firmware/controllers/injector_central.h
2026-02-25 13:02:07,895 - Knowledge - INFO - Fast-tracked /app/data/T0015/326202/b9060hi/Rufesi/firmware/controllers/injector_central.h (ext=.h, size=536)
2026-02-25 13:02:08,053 - Knowledge - INFO - [LLM_CALL] Completed: CJ125_logic.h:chunk1, Duration: 53482ms, PromptTokens: 3640, CompletionTokens: 525, Cost: $0.00057
2026-02-25 13:02:08,156 - Knowledge - INFO - Worker kw5 processing /app/data/T0015/326202/b9060hi/Rufesi/firmware/controllers/tachometer.h
2026-02-25 13:02:08,392 - Knowledge - INFO - done ingest for /app/data/T0015/326202/b9060hi/Rufesi/firmware/hw_layer/sensors/CJ125_logic.h
2026-02-25 13:02:08,581 - Knowledge - INFO - Fast-tracked /app/data/T0015/326202/b9060hi/Rufesi/firmware/controllers/tachometer.h (ext=.h, size=257)
2026-02-25 13:02:08,898 - Knowledge - INFO - [LLM_CALL] Completed: trigger_toyota.cpp:chunk1, Duration: 17532ms, PromptTokens: 3412, CompletionTokens: 311, Cost: $0.00047
2026-02-25 13:02:08,933 - Knowledge - INFO - Worker kw5 processing /app/data/T0015/326202/b9060hi/Rufesi/firmware/controllers/map_averaging.cpp
2026-02-25 13:02:09,248 - Knowledge - INFO - done ingest for /app/data/T0015/326202/b9060hi/Rufesi/firmware/controllers/trigger/decoders/trigger_toyota.cpp
2026-02-25 13:02:10,826 - Knowledge - INFO - [LLM_CALL] Completed: bootloader_generated.hxx:chunk3, Duration: 12069ms, PromptTokens: 46392, CompletionTokens: 143, Cost: $0.00470
2026-02-25 13:02:11,105 - Knowledge - INFO - done ingest for /app/data/T0015/326202/b9060hi/Rufesi/firmware/bootloader/Prometheus/bootloader_generated.hxx
2026-02-25 13:02:11,332 - Knowledge - INFO - Worker kw9 processing /app/data/T0015/326202/b9060hi/Rufesi/firmware/controllers/malfunction_indicator.h
2026-02-25 13:02:11,722 - Knowledge - INFO - Fast-tracked /app/data/T0015/326202/b9060hi/Rufesi/firmware/controllers/malfunction_indicator.h (ext=.h, size=533)
2026-02-25 13:02:11,970 - Knowledge - INFO - done ingest for /app/data/T0015/326202/b9060hi/Rufesi/firmware/bootloader/bootloader_generated.hxx
2026-02-25 13:02:12,046 - Knowledge - INFO - Worker kw9 processing /app/data/T0015/326202/b9060hi/Rufesi/firmware/controllers/settings.cpp
2026-02-25 13:02:12,503 - Knowledge - INFO - Worker kw9 processing /app/data/T0015/326202/b9060hi/Rufesi/firmware/controllers/engine_controller.cpp
2026-02-25 13:02:12,542 - Knowledge - INFO - Async storage completed for 6 embeddings
2026-02-25 13:02:12,839 - Knowledge - INFO - Worker kw9 processing /app/data/T0015/326202/b9060hi/Rufesi/firmware/controllers/obd2viaCAN.c
2026-02-25 13:02:13,807 - Knowledge - INFO - Fast-tracked /app/data/T0015/326202/b9060hi/Rufesi/firmware/controllers/obd2viaCAN.c (ext=.c, size=248)
2026-02-25 13:02:14,076 - Knowledge - INFO - Worker kw9 processing /app/data/T0015/326202/b9060hi/Rufesi/firmware/controllers/math/engine_math.cpp
2026-02-25 13:02:14,231 - Knowledge - INFO - [LLM_CALL] Completed: trigger_gm.cpp:chunk1, Duration: 35813ms, PromptTokens: 2974, CompletionTokens: 334, Cost: $0.00043
2026-02-25 13:02:14,846 - Knowledge - INFO - done ingest for /app/data/T0015/326202/b9060hi/Rufesi/firmware/controllers/trigger/decoders/trigger_gm.cpp
2026-02-25 13:02:15,266 - Knowledge - INFO - [kw11] Queue=128, InProgress=0, PendingWorkers=20/20, Completed=1251/1454 (86.0%)
2026-02-25 13:02:15,564 - Knowledge - INFO - Batch sizing: calculated=5, max_allowed=10, queue=128, active_workers=20/20
2026-02-25 13:02:15,758 - Knowledge - INFO - [LLM_CALL] Completed: trigger_universal.cpp:chunk1, Duration: 20389ms, PromptTokens: 3154, CompletionTokens: 428, Cost: $0.00049
2026-02-25 13:02:16,206 - Knowledge - INFO - done ingest for /app/data/T0015/326202/b9060hi/Rufesi/firmware/controllers/trigger/decoders/trigger_universal.cpp
2026-02-25 13:02:17,356 - Knowledge - INFO - Async storing batch of 5 embeddings
2026-02-25 13:02:17,657 - Knowledge - INFO - Worker kw11 processing /app/data/T0015/326202/b9060hi/Rufesi/firmware/controllers/math/math.mk
2026-02-25 13:02:17,908 - Knowledge - INFO - Fast-tracked /app/data/T0015/326202/b9060hi/Rufesi/firmware/controllers/math/math.mk (ext=.mk, size=207)
2026-02-25 13:02:18,173 - Knowledge - INFO - Worker kw11 processing /app/data/T0015/326202/b9060hi/Rufesi/firmware/controllers/math/speed_density.h
2026-02-25 13:02:18,454 - Knowledge - INFO - [kw2] Queue=123, InProgress=0, PendingWorkers=20/20, Completed=1255/1454 (86.3%)
2026-02-25 13:02:18,566 - Knowledge - INFO - Fast-tracked /app/data/T0015/326202/b9060hi/Rufesi/firmware/controllers/math/speed_density.h (ext=.h, size=802)
2026-02-25 13:02:18,900 - Knowledge - INFO - Batch sizing: calculated=5, max_allowed=10, queue=123, active_workers=20/20
2026-02-25 13:02:19,162 - Knowledge - INFO - Worker kw11 processing /app/data/T0015/326202/b9060hi/Rufesi/firmware/controllers/math/pid_auto_tune.h
2026-02-25 13:02:19,566 - Knowledge - INFO - Worker kw11 processing /app/data/T0015/326202/b9060hi/Rufesi/firmware/controllers/math/config_engine_specs.h
2026-02-25 13:02:20,032 - Knowledge - INFO - Worker kw11 processing /app/data/T0015/326202/b9060hi/Rufesi/firmware/controllers/math/speed_density.cpp
2026-02-25 13:02:20,794 - Knowledge - INFO - Async storing batch of 5 embeddings
2026-02-25 13:02:20,843 - Knowledge - INFO - Processing batch of 5 files
2026-02-25 13:02:21,050 - Knowledge - INFO - Worker kw2 processing /app/data/T0015/326202/b9060hi/Rufesi/firmware/controllers/math/pid_auto_tune.cpp
2026-02-25 13:02:21,157 - Knowledge - INFO - Processing batch of 5 files
2026-02-25 13:02:21,175 - Knowledge - INFO - [LLM_CALL] Completed: trigger_structure.h:chunk1, Duration: 42418ms, PromptTokens: 4994, CompletionTokens: 525, Cost: $0.00071
2026-02-25 13:02:21,247 - Knowledge - INFO - process ingested knowledge for /app/data/T0015/326202/b9060hi/Rufesi/firmware/bootloader/src/main.cpp
2026-02-25 13:02:21,636 - Knowledge - INFO - Worker kw2 processing /app/data/T0015/326202/b9060hi/Rufesi/firmware/controllers/math/efitime.h
2026-02-25 13:02:21,686 - Knowledge - INFO - [kw1] Queue=118, InProgress=0, PendingWorkers=20/20, Completed=1264/1454 (86.9%)
2026-02-25 13:02:21,707 - Knowledge - INFO - [kw15] Queue=118, InProgress=0, PendingWorkers=20/20, Completed=1265/1454 (87.0%)
2026-02-25 13:02:21,951 - Knowledge - INFO - process ingested knowledge for /app/data/T0015/326202/b9060hi/Rufesi/firmware/bootloader/bootloader.mk
2026-02-25 13:02:22,090 - Knowledge - INFO - done ingest for /app/data/T0015/326202/b9060hi/Rufesi/firmware/controllers/trigger/decoders/trigger_structure.h
2026-02-25 13:02:22,180 - Knowledge - INFO - [LLM_CALL] Completed: CJ125_logic.cpp:chunk1, Duration: 47536ms, PromptTokens: 3230, CompletionTokens: 580, Cost: $0.00055
2026-02-25 13:02:22,563 - Knowledge - INFO - Fast-tracked /app/data/T0015/326202/b9060hi/Rufesi/firmware/controllers/math/efitime.h (ext=.h, size=1383)
2026-02-25 13:02:22,694 - Knowledge - INFO - process ingested knowledge for /app/data/T0015/326202/b9060hi/Rufesi/firmware/bootloader/src/dfu.h
2026-02-25 13:02:22,734 - Knowledge - INFO - Batch sizing: calculated=5, max_allowed=10, queue=118, active_workers=20/20
2026-02-25 13:02:22,902 - Knowledge - INFO - Batch sizing: calculated=5, max_allowed=10, queue=118, active_workers=20/20
2026-02-25 13:02:22,970 - Knowledge - INFO - process ingested knowledge for /app/data/T0015/326202/b9060hi/Rufesi/firmware/bootloader/bootloader.h
2026-02-25 13:02:23,330 - Knowledge - INFO - done ingest for /app/data/T0015/326202/b9060hi/Rufesi/firmware/hw_layer/sensors/CJ125_logic.cpp
2026-02-25 13:02:23,404 - Knowledge - INFO - [kw14] Queue=118, InProgress=0, PendingWorkers=20/20, Completed=1267/1454 (87.1%)
2026-02-25 13:02:23,509 - Knowledge - INFO - Worker kw2 processing /app/data/T0015/326202/b9060hi/Rufesi/firmware/controllers/math/engine_math.h
2026-02-25 13:02:23,558 - Knowledge - INFO - Processing batch of 5 files
2026-02-25 13:02:23,819 - Knowledge - INFO - process ingested knowledge for /app/data/T0015/326202/b9060hi/Rufesi/firmware/bootloader/src/rusefi_stubs.cpp
2026-02-25 13:02:23,909 - Knowledge - INFO - Processing batch of 5 files
2026-02-25 13:02:24,080 - Knowledge - INFO - Async storing batch of 6 embeddings
2026-02-25 13:02:24,187 - Knowledge - INFO - Async storing batch of 6 embeddings
2026-02-25 13:02:24,387 - Knowledge - INFO - process ingested knowledge for /app/data/T0015/326202/b9060hi/Rufesi/firmware/bootloader/bootloader_generated.hxx
2026-02-25 13:02:24,389 - Knowledge - INFO - [LLM_CALL] Completed: trigger_subaru.cpp:chunk1, Duration: 32967ms, PromptTokens: 3226, CompletionTokens: 346, Cost: $0.00046
2026-02-25 13:02:24,707 - Knowledge - INFO - Batch sizing: calculated=5, max_allowed=10, queue=118, active_workers=20/20
2026-02-25 13:02:24,857 - Knowledge - INFO - Worker kw2 processing /app/data/T0015/326202/b9060hi/Rufesi/firmware/controllers/alternatorController.h
2026-02-25 13:02:25,046 - Knowledge - INFO - process ingested knowledge for /app/data/T0015/326202/b9060hi/Rufesi/firmware/controllers/trigger/decoders/trigger_gm.cpp
2026-02-25 13:02:25,235 - Knowledge - INFO - process ingested knowledge for /app/data/T0015/326202/b9060hi/Rufesi/firmware/bootloader/Prometheus/bootloader_generated.hxx
2026-02-25 13:02:25,475 - Knowledge - INFO - process ingested knowledge for /app/data/T0015/326202/b9060hi/Rufesi/firmware/controllers/trigger/decoders/trigger_universal.cpp
2026-02-25 13:02:25,619 - Knowledge - INFO - Worker kw1 processing /app/data/T0015/326202/b9060hi/Rufesi/firmware/controllers/electronic_throttle.cpp
2026-02-25 13:02:25,846 - Knowledge - INFO - Worker kw15 processing /app/data/T0015/326202/b9060hi/Rufesi/firmware/controllers/core/fsio_impl.h
2026-02-25 13:02:26,005 - Knowledge - INFO - process ingested knowledge for /app/data/T0015/326202/b9060hi/Rufesi/firmware/DoxygenLayout.xml
2026-02-25 13:02:26,163 - Knowledge - INFO - done ingest for /app/data/T0015/326202/b9060hi/Rufesi/firmware/controllers/trigger/decoders/trigger_subaru.cpp
2026-02-25 13:02:26,230 - Knowledge - INFO - Async storage completed for 6 embeddings
2026-02-25 13:02:26,302 - Knowledge - INFO - Async storing batch of 6 embeddings
2026-02-25 13:02:26,482 - Knowledge - INFO - Fast-tracked /app/data/T0015/326202/b9060hi/Rufesi/firmware/controllers/alternatorController.h (ext=.h, size=592)
2026-02-25 13:02:26,765 - Knowledge - INFO - process ingested knowledge for /app/data/T0015/326202/b9060hi/Rufesi/firmware/controllers/trigger/decoders/trigger_toyota.cpp
2026-02-25 13:02:26,983 - Knowledge - INFO - process ingested knowledge for /app/data/T0015/326202/b9060hi/Rufesi/firmware/bootloader/readme.txt
2026-02-25 13:02:27,139 - Knowledge - INFO - process ingested knowledge for /app/data/T0015/326202/b9060hi/Rufesi/firmware/controllers/trigger/decoders/readme.md
2026-02-25 13:02:27,415 - Knowledge - INFO - Worker kw1 processing /app/data/T0015/326202/b9060hi/Rufesi/firmware/controllers/persistent_store.cpp
2026-02-25 13:02:27,502 - Knowledge - INFO - Fast-tracked /app/data/T0015/326202/b9060hi/Rufesi/firmware/controllers/math/config_engine_specs.h (small file (2024 bytes))
2026-02-25 13:02:27,644 - Knowledge - INFO - Fast-tracked /app/data/T0015/326202/b9060hi/Rufesi/firmware/controllers/core/fsio_impl.h (ext=.h, size=1189)
2026-02-25 13:02:27,781 - Knowledge - INFO - process ingested knowledge for /app/data/T0015/326202/b9060hi/Rufesi/firmware/global.h
2026-02-25 13:02:28,774 - Knowledge - INFO - Worker kw14 processing /app/data/T0015/326202/b9060hi/Rufesi/firmware/controllers/core/avg_values.cpp
2026-02-25 13:02:28,880 - Knowledge - INFO - [LLM_CALL] Completed: pin_repository.cpp:chunk1, Duration: 75737ms, PromptTokens: 3662, CompletionTokens: 605, Cost: $0.00061
2026-02-25 13:02:28,961 - Knowledge - INFO - Worker kw2 processing /app/data/T0015/326202/b9060hi/Rufesi/firmware/controllers/idle_thread.cpp
2026-02-25 13:02:29,084 - Knowledge - INFO - process ingested knowledge for /app/data/T0015/326202/b9060hi/Rufesi/firmware/controllers/trigger/decoders/trigger_rover.cpp
2026-02-25 13:02:29,458 - Knowledge - INFO - Fast-tracked /app/data/T0015/326202/b9060hi/Rufesi/firmware/controllers/persistent_store.cpp (ext=.cpp, size=1659)
2026-02-25 13:02:30,021 - Knowledge - INFO - Async storage completed for 6 embeddings
2026-02-25 13:02:30,191 - Knowledge - INFO - process ingested knowledge for /app/data/T0015/326202/b9060hi/Rufesi/firmware/controllers/trigger/decoders/trigger_honda.h
2026-02-25 13:02:30,243 - Knowledge - INFO - Worker kw15 processing /app/data/T0015/326202/b9060hi/Rufesi/firmware/controllers/core/table_helper.cpp
2026-02-25 13:02:30,571 - Knowledge - INFO - Fast-tracked /app/data/T0015/326202/b9060hi/Rufesi/firmware/controllers/core/avg_values.cpp (ext=.cpp, size=1368)
2026-02-25 13:02:30,686 - Knowledge - INFO - done ingest for /app/data/T0015/326202/b9060hi/Rufesi/firmware/hw_layer/pin_repository.cpp
2026-02-25 13:02:30,894 - Knowledge - INFO - Fast-tracked /app/data/T0015/326202/b9060hi/Rufesi/firmware/controllers/math/pid_auto_tune.cpp (small file (0 bytes))
2026-02-25 13:02:31,060 - Knowledge - INFO - Worker kw1 processing /app/data/T0015/326202/b9060hi/Rufesi/firmware/controllers/alternatorController.cpp
2026-02-25 13:02:31,342 - Knowledge - INFO - Async storage completed for 6 embeddings
2026-02-25 13:02:31,459 - Knowledge - INFO - process ingested knowledge for /app/data/T0015/326202/b9060hi/Rufesi/firmware/controllers/trigger/decoders/trigger_universal.h
2026-02-25 13:02:31,495 - Knowledge - INFO - Fast-tracked /app/data/T0015/326202/b9060hi/Rufesi/firmware/controllers/core/table_helper.cpp (ext=.cpp, size=1223)
2026-02-25 13:02:31,506 - Knowledge - INFO - process ingested knowledge for /app/data/T0015/326202/b9060hi/Rufesi/firmware/controllers/trigger/decoders/trigger_subaru.h
2026-02-25 13:02:31,599 - Knowledge - INFO - Worker kw14 processing /app/data/T0015/326202/b9060hi/Rufesi/firmware/controllers/core/interpolation.h
2026-02-25 13:02:31,970 - Knowledge - INFO - Fast-tracked /app/data/T0015/326202/b9060hi/Rufesi/firmware/controllers/math/engine_math.h (small file (2589 bytes))
2026-02-25 13:02:32,088 - Knowledge - INFO - Worker kw1 processing /app/data/T0015/326202/b9060hi/Rufesi/firmware/controllers/PwmTester.h
2026-02-25 13:02:32,098 - Knowledge - INFO - [LLM_CALL] Completed: CJ125.cpp:chunk1, Duration: 66696ms, PromptTokens: 11634, CompletionTokens: 1035, Cost: $0.00158
2026-02-25 13:02:32,477 - Knowledge - INFO - Worker kw15 processing /app/data/T0015/326202/b9060hi/Rufesi/firmware/controllers/core/signal_filtering.c
2026-02-25 13:02:32,880 - Knowledge - INFO - Worker kw14 processing /app/data/T0015/326202/b9060hi/Rufesi/firmware/controllers/core/interpolation.cpp
2026-02-25 13:02:32,946 - Knowledge - INFO - process ingested knowledge for /app/data/T0015/326202/b9060hi/Rufesi/firmware/controllers/trigger/decoders/trigger_bmw.cpp
2026-02-25 13:02:32,972 - Knowledge - INFO - process ingested knowledge for /app/data/T0015/326202/b9060hi/Rufesi/firmware/controllers/trigger/decoders/trigger_rover.h
2026-02-25 13:02:33,097 - Knowledge - INFO - Fast-tracked /app/data/T0015/326202/b9060hi/Rufesi/firmware/controllers/PwmTester.h (ext=.h, size=195)
2026-02-25 13:02:33,369 - Knowledge - INFO - done ingest for /app/data/T0015/326202/b9060hi/Rufesi/firmware/hw_layer/sensors/CJ125.cpp
2026-02-25 13:02:33,411 - Knowledge - INFO - Fast-tracked /app/data/T0015/326202/b9060hi/Rufesi/firmware/controllers/core/signal_filtering.c (ext=.c, size=1475)
2026-02-25 13:02:33,670 - Knowledge - INFO - Worker kw14 processing /app/data/T0015/326202/b9060hi/Rufesi/firmware/controllers/core/EfiWave.h
2026-02-25 13:02:34,017 - Knowledge - INFO - Worker kw1 processing /app/data/T0015/326202/b9060hi/Rufesi/firmware/controllers/core/EfiWave.cpp
2026-02-25 13:02:34,286 - Knowledge - INFO - Async storage completed for 6 embeddings
2026-02-25 13:02:34,293 - Knowledge - INFO - [kw7] Queue=103, InProgress=0, PendingWorkers=20/20, Completed=1273/1454 (87.6%)
2026-02-25 13:02:34,351 - Knowledge - INFO - Worker kw15 processing /app/data/T0015/326202/b9060hi/Rufesi/firmware/controllers/core/common_headers.h
2026-02-25 13:02:34,526 - Knowledge - INFO - Worker kw14 processing /app/data/T0015/326202/b9060hi/Rufesi/firmware/controllers/core/table_helper.h
2026-02-25 13:02:34,547 - Knowledge - INFO - Processing batch of 5 files
2026-02-25 13:02:35,034 - Knowledge - INFO - Batch sizing: calculated=5, max_allowed=10, queue=103, active_workers=20/20
2026-02-25 13:02:35,357 - Knowledge - INFO - Fast-tracked /app/data/T0015/326202/b9060hi/Rufesi/firmware/controllers/core/common_headers.h (ext=.h, size=599)
2026-02-25 13:02:35,387 - Knowledge - INFO - Async storage completed for 5 embeddings
2026-02-25 13:02:35,602 - Knowledge - INFO - process ingested knowledge for /app/data/T0015/326202/b9060hi/Rufesi/firmware/controllers/trigger/decoders/trigger_structure.h
2026-02-25 13:02:36,199 - Knowledge - INFO - Worker kw15 processing /app/data/T0015/326202/b9060hi/Rufesi/firmware/controllers/core/fsio_core.cpp
2026-02-25 13:02:36,719 - Knowledge - INFO - [LLM_CALL] Completed: mmc_card.cpp:chunk1, Duration: 70751ms, PromptTokens: 8178, CompletionTokens: 1015, Cost: $0.00122
2026-02-25 13:02:37,030 - Knowledge - INFO - done ingest for /app/data/T0015/326202/b9060hi/Rufesi/firmware/hw_layer/mmc_card.cpp
2026-02-25 13:02:37,377 - Knowledge - INFO - Async storing batch of 5 embeddings
2026-02-25 13:02:37,392 - Knowledge - INFO - process ingested knowledge for /app/data/T0015/326202/b9060hi/Rufesi/firmware/controllers/trigger/decoders/trigger_mitsubishi.h
2026-02-25 13:02:37,758 - Knowledge - INFO - Worker kw7 processing /app/data/T0015/326202/b9060hi/Rufesi/firmware/controllers/core/fl_stack.h
2026-02-25 13:02:37,969 - Knowledge - INFO - [LLM_CALL] Completed: trigger_honda.cpp:chunk1, Duration: 45512ms, PromptTokens: 5900, CompletionTokens: 599, Cost: $0.00083
2026-02-25 13:02:38,288 - Knowledge - INFO - Worker kw7 processing /app/data/T0015/326202/b9060hi/Rufesi/firmware/controllers/core/fsio_impl.cpp
2026-02-25 13:02:38,356 - Knowledge - INFO - done ingest for /app/data/T0015/326202/b9060hi/Rufesi/firmware/controllers/trigger/decoders/trigger_honda.cpp
2026-02-25 13:02:38,597 - Knowledge - INFO - Worker kw7 processing /app/data/T0015/326202/b9060hi/Rufesi/firmware/controllers/core/avg_values.h
2026-02-25 13:02:38,855 - Knowledge - INFO - [kw12] Queue=98, InProgress=0, PendingWorkers=20/20, Completed=1274/1454 (87.6%)
2026-02-25 13:02:38,886 - Knowledge - INFO - process ingested knowledge for /app/data/T0015/326202/b9060hi/Rufesi/firmware/controllers/trigger/decoders/trigger_subaru.cpp
2026-02-25 13:02:38,988 - Knowledge - INFO - Fast-tracked /app/data/T0015/326202/b9060hi/Rufesi/firmware/controllers/core/avg_values.h (ext=.h, size=678)
2026-02-25 13:02:39,315 - Knowledge - INFO - Batch sizing: calculated=4, max_allowed=10, queue=98, active_workers=20/20
2026-02-25 13:02:39,875 - Knowledge - INFO - Worker kw7 processing /app/data/T0015/326202/b9060hi/Rufesi/firmware/controllers/core/signal_filtering.h
2026-02-25 13:02:40,237 - Knowledge - INFO - process ingested knowledge for /app/data/T0015/326202/b9060hi/Rufesi/firmware/controllers/trigger/decoders/trigger_vw.h
2026-02-25 13:02:40,663 - Knowledge - INFO - [LLM_CALL] Completed: rpm_calculator.h:chunk1, Duration: 62064ms, PromptTokens: 3438, CompletionTokens: 873, Cost: $0.00069
2026-02-25 13:02:40,854 - Knowledge - INFO - Fast-tracked /app/data/T0015/326202/b9060hi/Rufesi/firmware/controllers/core/signal_filtering.h (ext=.h, size=553)
2026-02-25 13:02:41,187 - Knowledge - INFO - done ingest for /app/data/T0015/326202/b9060hi/Rufesi/firmware/controllers/trigger/rpm_calculator.h
2026-02-25 13:02:41,465 - Knowledge - INFO - Async storing batch of 5 embeddings
2026-02-25 13:02:41,573 - Knowledge - INFO - Worker kw7 processing /app/data/T0015/326202/b9060hi/Rufesi/firmware/controllers/core/core.mk
2026-02-25 13:02:42,261 - Knowledge - INFO - Worker kw12 processing /app/data/T0015/326202/b9060hi/Rufesi/firmware/controllers/core/fsio_core.h
2026-02-25 13:02:42,324 - Knowledge - INFO - process ingested knowledge for /app/data/T0015/326202/b9060hi/Rufesi/firmware/controllers/trigger/decoders/trigger_mazda.h
2026-02-25 13:02:42,441 - Knowledge - INFO - Fast-tracked /app/data/T0015/326202/b9060hi/Rufesi/firmware/controllers/core/core.mk (ext=.mk, size=325)
2026-02-25 13:02:42,596 - Knowledge - INFO - Worker kw12 processing /app/data/T0015/326202/b9060hi/Rufesi/firmware/controllers/system/pwm_generator_logic.cpp
2026-02-25 13:02:42,901 - Knowledge - INFO - Async storage completed for 5 embeddings
2026-02-25 13:02:43,556 - Knowledge - INFO - Fast-tracked /app/data/T0015/326202/b9060hi/Rufesi/firmware/controllers/core/fl_stack.h (small file (2686 bytes))
2026-02-25 13:02:43,766 - Knowledge - INFO - Worker kw12 processing /app/data/T0015/326202/b9060hi/Rufesi/firmware/controllers/system/SingleTimerExecutor.h
2026-02-25 13:02:43,856 - Knowledge - INFO - Processing batch of 6 files
2026-02-25 13:02:43,911 - Knowledge - INFO - [WEBSOCKET] Sent: Type=progress_update, Size: 294, Duration: 0ms
2026-02-25 13:02:44,441 - Knowledge - INFO - process ingested knowledge for /app/data/T0015/326202/b9060hi/Rufesi/firmware/hw_layer/max31855.cpp
2026-02-25 13:02:44,499 - Knowledge - INFO - Async storage completed for 6 embeddings
2026-02-25 13:02:44,505 - Knowledge - INFO - Fast-tracked /app/data/T0015/326202/b9060hi/Rufesi/firmware/controllers/system/SingleTimerExecutor.h (ext=.h, size=811)
2026-02-25 13:02:44,845 - Knowledge - INFO - [LLM_CALL] Completed: trigger_mazda.cpp:chunk1, Duration: 39752ms, PromptTokens: 5488, CompletionTokens: 675, Cost: $0.00082
2026-02-25 13:02:45,047 - Knowledge - INFO - process ingested knowledge for /app/data/T0015/326202/b9060hi/Rufesi/firmware/hw_layer/sensors/CJ125_logic.h
2026-02-25 13:02:45,327 - Knowledge - INFO - Worker kw12 processing /app/data/T0015/326202/b9060hi/Rufesi/firmware/controllers/system/efiGpio.cpp
2026-02-25 13:02:45,532 - Knowledge - INFO - done ingest for /app/data/T0015/326202/b9060hi/Rufesi/firmware/controllers/trigger/decoders/trigger_mazda.cpp
2026-02-25 13:02:45,532 - Knowledge - INFO - [WEBSOCKET] Sent: Type=unknown, Size: ?, Duration: 1622ms
2026-02-25 13:02:46,652 - Knowledge - INFO - Progress: 88.0% | Files: 1279/1454 | Rate: 1.56 files/sec | Queue: 94
2026-02-25 13:02:46,681 - Knowledge - INFO - process ingested knowledge for /app/data/T0015/326202/b9060hi/Rufesi/firmware/hw_layer/sensors/yaw_rate_sensor.cpp
2026-02-25 13:02:46,917 - Knowledge - INFO - [kw20] Queue=94, InProgress=0, PendingWorkers=20/20, Completed=1280/1454 (88.0%)
2026-02-25 13:02:47,442 - Knowledge - INFO - done ingest for /app/data/T0015/326202/b9060hi/Rufesi/firmware/hw_layer/stm32f4/mpu_util.cpp
2026-02-25 13:02:47,532 - Knowledge - INFO - Batch sizing: calculated=4, max_allowed=10, queue=94, active_workers=20/20
2026-02-25 13:02:47,781 - Knowledge - INFO - [LLM_CALL] Completed: trigger_structure.cpp:chunk1, Duration: 54311ms, PromptTokens: 10490, CompletionTokens: 1873, Cost: $0.00180
2026-02-25 13:02:47,792 - Knowledge - INFO - process ingested knowledge for /app/data/T0015/326202/b9060hi/Rufesi/firmware/hw_layer/sensors/CJ125.cpp
2026-02-25 13:02:47,807 - Knowledge - INFO - [kw13] Queue=94, InProgress=0, PendingWorkers=20/20, Completed=1281/1454 (88.1%)
2026-02-25 13:02:48,294 - Knowledge - INFO - done ingest for /app/data/T0015/326202/b9060hi/Rufesi/firmware/controllers/trigger/decoders/trigger_structure.cpp
2026-02-25 13:02:48,599 - Knowledge - INFO - Batch sizing: calculated=4, max_allowed=10, queue=94, active_workers=20/20
2026-02-25 13:02:48,604 - Knowledge - INFO - Async storing batch of 5 embeddings
2026-02-25 13:02:48,695 - Knowledge - INFO - process ingested knowledge for /app/data/T0015/326202/b9060hi/Rufesi/firmware/hw_layer/sensors/sensors.mk
2026-02-25 13:02:48,721 - Knowledge - INFO - [LLM_CALL] Completed: PwmTester.cpp:chunk1, Duration: 39152ms, PromptTokens: 2654, CompletionTokens: 387, Cost: $0.00042
2026-02-25 13:02:49,197 - Knowledge - INFO - Worker kw20 processing /app/data/T0015/326202/b9060hi/Rufesi/firmware/controllers/system/event_queue.h
2026-02-25 13:02:49,995 - Knowledge - INFO - process ingested knowledge for /app/data/T0015/326202/b9060hi/Rufesi/firmware/hw_layer/sensors/CJ125_logic.cpp
2026-02-25 13:02:50,047 - Knowledge - INFO - done ingest for /app/data/T0015/326202/b9060hi/Rufesi/firmware/controllers/PwmTester.cpp
2026-02-25 13:02:50,096 - Knowledge - INFO - Async storing batch of 5 embeddings
2026-02-25 13:02:50,125 - Knowledge - INFO - [kw18] Queue=86, InProgress=0, PendingWorkers=20/20, Completed=1284/1454 (88.3%)
2026-02-25 13:02:50,173 - Knowledge - INFO - Fast-tracked /app/data/T0015/326202/b9060hi/Rufesi/firmware/controllers/core/EfiWave.h (small file (2262 bytes))
2026-02-25 13:02:50,328 - Knowledge - INFO - Fast-tracked /app/data/T0015/326202/b9060hi/Rufesi/firmware/controllers/system/event_queue.h (ext=.h, size=1737)
2026-02-25 13:02:50,815 - Knowledge - INFO - Worker kw13 processing /app/data/T0015/326202/b9060hi/Rufesi/firmware/controllers/system/PeriodicController.h
2026-02-25 13:02:51,050 - Knowledge - INFO - Batch sizing: calculated=4, max_allowed=10, queue=86, active_workers=20/20
2026-02-25 13:02:51,868 - Knowledge - INFO - Worker kw20 processing /app/data/T0015/326202/b9060hi/Rufesi/firmware/controllers/system/ThreadController.h
2026-02-25 13:02:51,939 - Knowledge - INFO - Processing batch of 5 files
2026-02-25 13:02:52,070 - Knowledge - INFO - Worker kw13 processing /app/data/T0015/326202/b9060hi/Rufesi/firmware/controllers/system/DcMotor.cpp
2026-02-25 13:02:52,112 - Knowledge - INFO - Fast-tracked /app/data/T0015/326202/b9060hi/Rufesi/firmware/controllers/core/EfiWave.cpp (small file (2181 bytes))
2026-02-25 13:02:52,571 - Knowledge - INFO - Fast-tracked /app/data/T0015/326202/b9060hi/Rufesi/firmware/controllers/system/ThreadController.h (ext=.h, size=1617)
2026-02-25 13:02:52,577 - Knowledge - INFO - Async storing batch of 5 embeddings
2026-02-25 13:02:52,606 - Knowledge - INFO - process ingested knowledge for /app/data/T0015/326202/b9060hi/Rufesi/firmware/controllers/trigger/decoders/trigger_honda.cpp
2026-02-25 13:02:52,763 - Knowledge - INFO - Fast-tracked /app/data/T0015/326202/b9060hi/Rufesi/firmware/controllers/system/DcMotor.cpp (ext=.cpp, size=941)
2026-02-25 13:02:52,978 - Knowledge - INFO - [LLM_CALL] Completed: stm32f4xx_hal_flash.c:chunk1, Duration: 67866ms, PromptTokens: 12328, CompletionTokens: 680, Cost: $0.00150
2026-02-25 13:02:53,021 - Knowledge - INFO - Async storage completed for 6 embeddings
2026-02-25 13:02:53,069 - Knowledge - INFO - Worker kw20 processing /app/data/T0015/326202/b9060hi/Rufesi/firmware/controllers/system/signal_executor_sleep.h
2026-02-25 13:02:53,355 - Knowledge - INFO - Worker kw18 processing /app/data/T0015/326202/b9060hi/Rufesi/firmware/controllers/system/signal_executor_sleep.cpp
2026-02-25 13:02:53,416 - Knowledge - INFO - process ingested knowledge for /app/data/T0015/326202/b9060hi/Rufesi/firmware/controllers/trigger/decoders/trigger_vw.cpp
2026-02-25 13:02:53,783 - Knowledge - INFO - Worker kw13 processing /app/data/T0015/326202/b9060hi/Rufesi/firmware/controllers/system/efiGpio.h
2026-02-25 13:02:53,911 - Knowledge - INFO - done ingest for /app/data/T0015/326202/b9060hi/Rufesi/firmware/hw_layer/stm32f4/stm32f4xx_hal_flash.c
2026-02-25 13:02:54,203 - Knowledge - INFO - Processing batch of 5 files
2026-02-25 13:02:54,270 - Knowledge - INFO - Async storage completed for 5 embeddings
2026-02-25 13:02:54,362 - Knowledge - INFO - Fast-tracked /app/data/T0015/326202/b9060hi/Rufesi/firmware/controllers/system/signal_executor_sleep.h (ext=.h, size=504)
2026-02-25 13:02:54,564 - Knowledge - INFO - Worker kw18 processing /app/data/T0015/326202/b9060hi/Rufesi/firmware/controllers/system/scheduler.h
2026-02-25 13:02:55,145 - Knowledge - INFO - Worker kw13 processing /app/data/T0015/326202/b9060hi/Rufesi/firmware/controllers/system/ControllerBase.h
2026-02-25 13:02:55,212 - Knowledge - INFO - process ingested knowledge for /app/data/T0015/326202/b9060hi/Rufesi/firmware/controllers/trigger/decoders/trigger_mazda.cpp
2026-02-25 13:02:55,403 - Knowledge - INFO - process ingested knowledge for /app/data/T0015/326202/b9060hi/Rufesi/firmware/controllers/trigger/decoders/trigger_nissan.h
2026-02-25 13:02:55,942 - Knowledge - INFO - Worker kw20 processing /app/data/T0015/326202/b9060hi/Rufesi/firmware/controllers/system/DcMotor.h
2026-02-25 13:02:56,361 - Knowledge - INFO - Fast-tracked /app/data/T0015/326202/b9060hi/Rufesi/firmware/controllers/system/ControllerBase.h (ext=.h, size=327)
2026-02-25 13:02:56,408 - Knowledge - INFO - [kw6] Queue=82, InProgress=0, PendingWorkers=20/20, Completed=1289/1454 (88.7%)
2026-02-25 13:02:56,449 - Knowledge - INFO - Fast-tracked /app/data/T0015/326202/b9060hi/Rufesi/firmware/controllers/system/scheduler.h (ext=.h, size=801)
2026-02-25 13:02:56,704 - Knowledge - INFO - process ingested knowledge for /app/data/T0015/326202/b9060hi/Rufesi/firmware/controllers/trigger/decoders/trigger_toyota.h
2026-02-25 13:02:56,970 - Knowledge - INFO - process ingested knowledge for /app/data/T0015/326202/b9060hi/Rufesi/firmware/controllers/trigger/decoders/trigger_structure.cpp
2026-02-25 13:02:57,223 - Knowledge - INFO - Fast-tracked /app/data/T0015/326202/b9060hi/Rufesi/firmware/controllers/system/DcMotor.h (ext=.h, size=1595)
2026-02-25 13:02:57,369 - Knowledge - INFO - Batch sizing: calculated=4, max_allowed=10, queue=82, active_workers=20/20
2026-02-25 13:02:57,475 - Knowledge - INFO - Async storage completed for 6 embeddings
2026-02-25 13:02:57,535 - Knowledge - INFO - Fast-tracked /app/data/T0015/326202/b9060hi/Rufesi/firmware/controllers/system/PeriodicController.h (small file (2459 bytes))
2026-02-25 13:02:57,694 - Knowledge - INFO - Worker kw18 processing /app/data/T0015/326202/b9060hi/Rufesi/firmware/controllers/system/pwm_generator_logic.h
2026-02-25 13:02:57,976 - Knowledge - INFO - process ingested knowledge for /app/data/T0015/326202/b9060hi/Rufesi/firmware/controllers/trigger/decoders/trigger_chrysler.h
2026-02-25 13:02:58,034 - Knowledge - INFO - process ingested knowledge for /app/data/T0015/326202/b9060hi/Rufesi/firmware/controllers/trigger/decoders/trigger_mitsubishi.cpp
2026-02-25 13:02:58,550 - Knowledge - INFO - Async storing batch of 6 embeddings
2026-02-25 13:02:58,606 - Knowledge - INFO - Async storage completed for 5 embeddings
2026-02-25 13:02:59,448 - Knowledge - INFO - Worker kw18 processing /app/data/T0015/326202/b9060hi/Rufesi/firmware/controllers/system/SingleTimerExecutor.cpp
2026-02-25 13:03:00,326 - Knowledge - INFO - Worker kw6 processing /app/data/T0015/326202/b9060hi/Rufesi/firmware/controllers/system/system.mk
2026-02-25 13:03:00,781 - Knowledge - INFO - process ingested knowledge for /app/data/T0015/326202/b9060hi/Rufesi/firmware/controllers/trigger/decoders/trigger_misc.h
2026-02-25 13:03:01,130 - Knowledge - INFO - Fast-tracked /app/data/T0015/326202/b9060hi/Rufesi/firmware/controllers/system/system.mk (ext=.mk, size=362)
2026-02-25 13:03:01,524 - Knowledge - INFO - Worker kw6 processing /app/data/T0015/326202/b9060hi/Rufesi/firmware/controllers/system/event_queue.cpp
2026-02-25 13:03:02,092 - Knowledge - INFO - Worker kw6 processing /app/data/T0015/326202/b9060hi/Rufesi/firmware/controllers/obd2.h
2026-02-25 13:03:02,220 - Knowledge - INFO - process ingested knowledge for /app/data/T0015/326202/b9060hi/Rufesi/firmware/controllers/trigger/decoders/trigger_gm.h
2026-02-25 13:03:02,769 - Knowledge - INFO - Fast-tracked /app/data/T0015/326202/b9060hi/Rufesi/firmware/controllers/obd2.h (ext=.h, size=1008)
2026-02-25 13:03:03,353 - Knowledge - INFO - Worker kw6 processing /app/data/T0015/326202/b9060hi/Rufesi/firmware/controllers/malfunction_indicator.cpp
2026-02-25 13:03:03,895 - Knowledge - INFO - [LLM_CALL] Completed: flash.c:chunk1, Duration: 70765ms, PromptTokens: 4918, CompletionTokens: 482, Cost: $0.00068
2026-02-25 13:03:04,286 - Knowledge - INFO - done ingest for /app/data/T0015/326202/b9060hi/Rufesi/firmware/hw_layer/flash.c
2026-02-25 13:03:05,291 - Knowledge - INFO - Async storage completed for 5 embeddings
2026-02-25 13:03:05,507 - Knowledge - INFO - Async storage completed for 5 embeddings
2026-02-25 13:03:05,537 - Knowledge - INFO - Processing batch of 4 files
2026-02-25 13:03:05,554 - Knowledge - INFO - [LLM_CALL] Completed: map_averaging.cpp:chunk1, Duration: 49323ms, PromptTokens: 6802, CompletionTokens: 860, Cost: $0.00102
2026-02-25 13:03:06,887 - Knowledge - INFO - process ingested knowledge for /app/data/T0015/326202/b9060hi/Rufesi/firmware/controllers/system/event_queue.h
2026-02-25 13:03:07,171 - Knowledge - INFO - done ingest for /app/data/T0015/326202/b9060hi/Rufesi/firmware/controllers/map_averaging.cpp
2026-02-25 13:03:08,700 - Knowledge - INFO - [kw10] Queue=78, InProgress=0, PendingWorkers=20/20, Completed=1294/1454 (89.0%)
2026-02-25 13:03:08,739 - Knowledge - INFO - process ingested knowledge for /app/data/T0015/326202/b9060hi/Rufesi/firmware/controllers/system/ThreadController.h
2026-02-25 13:03:08,957 - Knowledge - INFO - Batch sizing: calculated=4, max_allowed=10, queue=78, active_workers=20/20
2026-02-25 13:03:09,412 - Knowledge - INFO - process ingested knowledge for /app/data/T0015/326202/b9060hi/Rufesi/firmware/controllers/system/signal_executor_sleep.h
2026-02-25 13:03:09,894 - Knowledge - INFO - Async storing batch of 5 embeddings
2026-02-25 13:03:10,287 - Knowledge - INFO - Worker kw10 processing /app/data/T0015/326202/b9060hi/Rufesi/firmware/controllers/sensors/flex_fuel.h
2026-02-25 13:03:10,360 - Knowledge - INFO - process ingested knowledge for /app/data/T0015/326202/b9060hi/Rufesi/firmware/controllers/system/DcMotor.h
2026-02-25 13:03:10,556 - Knowledge - INFO - [kw8] Queue=74, InProgress=0, PendingWorkers=20/20, Completed=1296/1454 (89.1%)
2026-02-25 13:03:10,591 - Knowledge - INFO - Fast-tracked /app/data/T0015/326202/b9060hi/Rufesi/firmware/controllers/sensors/flex_fuel.h (ext=.h, size=256)
2026-02-25 13:03:11,109 - Knowledge - INFO - Batch sizing: calculated=4, max_allowed=10, queue=74, active_workers=20/20
2026-02-25 13:03:11,243 - Knowledge - INFO - Worker kw10 processing /app/data/T0015/326202/b9060hi/Rufesi/firmware/controllers/sensors/tps.cpp
2026-02-25 13:03:11,522 - Knowledge - INFO - Processing batch of 5 files
2026-02-25 13:03:11,551 - Knowledge - INFO - Async storing batch of 5 embeddings
2026-02-25 13:03:11,693 - Knowledge - INFO - Worker kw10 processing /app/data/T0015/326202/b9060hi/Rufesi/firmware/controllers/sensors/voltage.h
2026-02-25 13:03:11,978 - Knowledge - INFO - process ingested knowledge for /app/data/T0015/326202/b9060hi/Rufesi/firmware/controllers/PwmTester.cpp
2026-02-25 13:03:12,260 - Knowledge - INFO - Worker kw8 processing /app/data/T0015/326202/b9060hi/Rufesi/firmware/controllers/sensors/sensor_types.h
2026-02-25 13:03:12,545 - Knowledge - INFO - Fast-tracked /app/data/T0015/326202/b9060hi/Rufesi/firmware/controllers/sensors/voltage.h (ext=.h, size=370)
2026-02-25 13:03:12,660 - Knowledge - INFO - process ingested knowledge for /app/data/T0015/326202/b9060hi/Rufesi/firmware/controllers/lcd_controller.h
2026-02-25 13:03:12,750 - Knowledge - INFO - Fast-tracked /app/data/T0015/326202/b9060hi/Rufesi/firmware/controllers/sensors/sensor_types.h (ext=.h, size=246)
2026-02-25 13:03:13,077 - Knowledge - INFO - Worker kw10 processing /app/data/T0015/326202/b9060hi/Rufesi/firmware/controllers/sensors/map.h
2026-02-25 13:03:13,337 - Knowledge - INFO - process ingested knowledge for /app/data/T0015/326202/b9060hi/Rufesi/firmware/controllers/injector_central.h
2026-02-25 13:03:13,494 - Knowledge - INFO - Worker kw8 processing /app/data/T0015/326202/b9060hi/Rufesi/firmware/controllers/sensors/allsensors.h
2026-02-25 13:03:13,632 - Knowledge - INFO - [LLM_CALL] Completed: fsio_core.cpp:chunk1, Duration: 36593ms, PromptTokens: 7098, CompletionTokens: 834, Cost: $0.00104
2026-02-25 13:03:13,632 - Knowledge - INFO - Fast-tracked /app/data/T0015/326202/b9060hi/Rufesi/firmware/controllers/sensors/map.h (ext=.h, size=1100)
2026-02-25 13:03:14,017 - Knowledge - INFO - Fast-tracked /app/data/T0015/326202/b9060hi/Rufesi/firmware/controllers/sensors/allsensors.h (ext=.h, size=634)
2026-02-25 13:03:14,180 - Knowledge - INFO - process ingested knowledge for /app/data/T0015/326202/b9060hi/Rufesi/firmware/controllers/tachometer.h
2026-02-25 13:03:14,286 - Knowledge - INFO - done ingest for /app/data/T0015/326202/b9060hi/Rufesi/firmware/controllers/core/fsio_core.cpp
2026-02-25 13:03:14,764 - Knowledge - INFO - [LLM_CALL] Completed: pid_auto_tune.h:chunk1, Duration: 54106ms, PromptTokens: 3556, CompletionTokens: 925, Cost: $0.00073
2026-02-25 13:03:14,907 - Knowledge - INFO - Async storage completed for 6 embeddings
2026-02-25 13:03:15,120 - Knowledge - INFO - Worker kw8 processing /app/data/T0015/326202/b9060hi/Rufesi/firmware/controllers/sensors/ego.cpp
2026-02-25 13:03:15,253 - Knowledge - INFO - process ingested knowledge for /app/data/T0015/326202/b9060hi/Rufesi/firmware/controllers/map_averaging.cpp
2026-02-25 13:03:15,997 - Knowledge - INFO - done ingest for /app/data/T0015/326202/b9060hi/Rufesi/firmware/controllers/math/pid_auto_tune.h
2026-02-25 13:03:16,324 - Knowledge - INFO - [kw20] Queue=70, InProgress=0, PendingWorkers=20/20, Completed=1299/1454 (89.3%)
2026-02-25 13:03:16,515 - Knowledge - INFO - Worker kw8 processing /app/data/T0015/326202/b9060hi/Rufesi/firmware/controllers/sensors/oil_pressure.h
2026-02-25 13:03:17,228 - Knowledge - INFO - Async storage completed for 5 embeddings
2026-02-25 13:03:17,657 - Knowledge - INFO - Batch sizing: calculated=4, max_allowed=10, queue=70, active_workers=20/20
2026-02-25 13:03:18,026 - Knowledge - INFO - Fast-tracked /app/data/T0015/326202/b9060hi/Rufesi/firmware/controllers/sensors/oil_pressure.h (ext=.h, size=327)
2026-02-25 13:03:19,815 - Knowledge - INFO - Async storing batch of 4 embeddings
2026-02-25 13:03:19,825 - Knowledge - INFO - Async storage completed for 5 embeddings
2026-02-25 13:03:20,344 - Knowledge - INFO - Processing batch of 5 files
2026-02-25 13:03:20,346 - Knowledge - INFO - Worker kw20 processing /app/data/T0015/326202/b9060hi/Rufesi/firmware/controllers/sensors/thermistors.h
2026-02-25 13:03:21,215 - Knowledge - INFO - process ingested knowledge for /app/data/T0015/326202/b9060hi/Rufesi/firmware/controllers/core/fsio_impl.h
2026-02-25 13:03:21,843 - Knowledge - INFO - Fast-tracked /app/data/T0015/326202/b9060hi/Rufesi/firmware/controllers/sensors/thermistors.h (ext=.h, size=1579)
2026-02-25 13:03:21,844 - Knowledge - INFO - process ingested knowledge for /app/data/T0015/326202/b9060hi/Rufesi/firmware/controllers/core/table_helper.cpp
2026-02-25 13:03:22,603 - Knowledge - INFO - Worker kw20 processing /app/data/T0015/326202/b9060hi/Rufesi/firmware/controllers/sensors/maf2map.h
2026-02-25 13:03:23,752 - Knowledge - INFO - Fast-tracked /app/data/T0015/326202/b9060hi/Rufesi/firmware/controllers/sensors/maf2map.h (ext=.h, size=389)
2026-02-25 13:03:23,834 - Knowledge - INFO - Async storage completed for 5 embeddings
2026-02-25 13:03:23,935 - Knowledge - INFO - process ingested knowledge for /app/data/T0015/326202/b9060hi/Rufesi/firmware/controllers/core/signal_filtering.c
2026-02-25 13:03:25,446 - Knowledge - INFO - Worker kw20 processing /app/data/T0015/326202/b9060hi/Rufesi/firmware/controllers/sensors/maf.h
2026-02-25 13:03:26,408 - Knowledge - INFO - process ingested knowledge for /app/data/T0015/326202/b9060hi/Rufesi/firmware/controllers/core/common_headers.h
2026-02-25 13:03:27,057 - Knowledge - INFO - Fast-tracked /app/data/T0015/326202/b9060hi/Rufesi/firmware/controllers/sensors/maf.h (ext=.h, size=685)
2026-02-25 13:03:27,199 - Knowledge - INFO - process ingested knowledge for /app/data/T0015/326202/b9060hi/Rufesi/firmware/controllers/core/fsio_core.cpp
2026-02-25 13:03:27,469 - Knowledge - INFO - [kw5] Queue=66, InProgress=0, PendingWorkers=20/20, Completed=1303/1454 (89.6%)
2026-02-25 13:03:27,836 - Knowledge - INFO - Worker kw20 processing /app/data/T0015/326202/b9060hi/Rufesi/firmware/controllers/sensors/hip9011_lookup.cpp
2026-02-25 13:03:28,563 - Knowledge - INFO - [LLM_CALL] Completed: trigger_emulator_algo.cpp:chunk1, Duration: 70049ms, PromptTokens: 4014, CompletionTokens: 406, Cost: $0.00056
2026-02-25 13:03:28,598 - Knowledge - INFO - Batch sizing: calculated=4, max_allowed=10, queue=66, active_workers=20/20
2026-02-25 13:03:29,121 - Knowledge - INFO - done ingest for /app/data/T0015/326202/b9060hi/Rufesi/firmware/controllers/trigger/trigger_emulator_algo.cpp
2026-02-25 13:03:29,171 - Knowledge - INFO - [LLM_CALL] Completed: trigger_chrysler.cpp:chunk1, Duration: 98765ms, PromptTokens: 15286, CompletionTokens: 753, Cost: $0.00183
2026-02-25 13:03:29,447 - Knowledge - INFO - Fast-tracked /app/data/T0015/326202/b9060hi/Rufesi/firmware/controllers/sensors/hip9011_lookup.cpp (small file (2776 bytes))
2026-02-25 13:03:30,062 - Knowledge - INFO - done ingest for /app/data/T0015/326202/b9060hi/Rufesi/firmware/controllers/trigger/decoders/trigger_chrysler.cpp
2026-02-25 13:03:30,251 - Knowledge - INFO - Async storing batch of 5 embeddings
2026-02-25 13:03:30,635 - Knowledge - INFO - Async storage completed for 4 embeddings
2026-02-25 13:03:30,747 - Knowledge - INFO - [LLM_CALL] Completed: fsio_impl.cpp:chunk1, Duration: 45925ms, PromptTokens: 13964, CompletionTokens: 811, Cost: $0.00172
2026-02-25 13:03:30,928 - Knowledge - INFO - Worker kw5 processing /app/data/T0015/326202/b9060hi/Rufesi/firmware/controllers/sensors/ego.h
2026-02-25 13:03:31,533 - Knowledge - INFO - done ingest for /app/data/T0015/326202/b9060hi/Rufesi/firmware/controllers/core/fsio_impl.cpp
2026-02-25 13:03:31,583 - Knowledge - INFO - [LLM_CALL] Completed: alternatorController.cpp:chunk1, Duration: 49010ms, PromptTokens: 3798, CompletionTokens: 599, Cost: $0.00062
2026-02-25 13:03:32,035 - Knowledge - INFO - Fast-tracked /app/data/T0015/326202/b9060hi/Rufesi/firmware/controllers/sensors/ego.h (ext=.h, size=464)
2026-02-25 13:03:32,454 - Knowledge - INFO - done ingest for /app/data/T0015/326202/b9060hi/Rufesi/firmware/controllers/alternatorController.cpp
2026-02-25 13:03:32,521 - Knowledge - INFO - Worker kw5 processing /app/data/T0015/326202/b9060hi/Rufesi/firmware/controllers/sensors/thermistors.cpp
2026-02-25 13:03:32,535 - Knowledge - INFO - [LLM_CALL] Completed: speed_density.cpp:chunk1, Duration: 61785ms, PromptTokens: 4540, CompletionTokens: 542, Cost: $0.00067
2026-02-25 13:03:33,315 - Knowledge - INFO - Worker kw5 processing /app/data/T0015/326202/b9060hi/Rufesi/firmware/controllers/sensors/maf.cpp
2026-02-25 13:03:33,419 - Knowledge - INFO - done ingest for /app/data/T0015/326202/b9060hi/Rufesi/firmware/controllers/math/speed_density.cpp
2026-02-25 13:03:33,456 - Knowledge - INFO - [LLM_CALL] Completed: stm32f4xx_hal_flash.h:chunk1, Duration: 141879ms, PromptTokens: 8340, CompletionTokens: 858, Cost: $0.00118
2026-02-25 13:03:33,803 - Knowledge - INFO - Worker kw5 processing /app/data/T0015/326202/b9060hi/Rufesi/firmware/controllers/sensors/maf2map.cpp
2026-02-25 13:03:34,421 - Knowledge - INFO - done ingest for /app/data/T0015/326202/b9060hi/Rufesi/firmware/hw_layer/stm32f4/stm32f4xx_hal_flash.h
2026-02-25 13:03:35,628 - Knowledge - INFO - [WEBSOCKET] Sent: Type=progress_update, Size: 293, Duration: 0ms
2026-02-25 13:03:36,250 - Knowledge - INFO - [LLM_CALL] Completed: idle_thread.cpp:chunk1, Duration: 62851ms, PromptTokens: 10526, CompletionTokens: 1381, Cost: $0.00160
2026-02-25 13:03:36,619 - Knowledge - INFO - done ingest for /app/data/T0015/326202/b9060hi/Rufesi/firmware/controllers/idle_thread.cpp
2026-02-25 13:03:36,797 - Knowledge - INFO - [WEBSOCKET] Sent: Type=unknown, Size: ?, Duration: 1168ms
2026-02-25 13:03:37,392 - Knowledge - INFO - Progress: 90.1% | Files: 1314/1454 | Rate: 1.51 files/sec | Queue: 62
2026-02-25 13:03:37,896 - Knowledge - INFO - [kw15] Queue=62, InProgress=0, PendingWorkers=20/20, Completed=1315/1454 (90.4%)
2026-02-25 13:03:37,938 - Knowledge - INFO - Processing batch of 4 files
2026-02-25 13:03:38,265 - Knowledge - INFO - Processing batch of 5 files
2026-02-25 13:03:38,275 - Knowledge - INFO - Batch sizing: calculated=4, max_allowed=10, queue=62, active_workers=20/20
2026-02-25 13:03:38,581 - Knowledge - INFO - process ingested knowledge for /app/data/T0015/326202/b9060hi/Rufesi/firmware/controllers/sensors/thermistors.h
2026-02-25 13:03:39,063 - Knowledge - INFO - Processing batch of 5 files
2026-02-25 13:03:39,160 - Knowledge - INFO - process ingested knowledge for /app/data/T0015/326202/b9060hi/Rufesi/firmware/controllers/core/fl_stack.h
2026-02-25 13:03:39,380 - Knowledge - INFO - Async storing batch of 5 embeddings
2026-02-25 13:03:39,498 - Knowledge - WARNING - Timeout processing /app/data/T0015/326202/b9060hi/Rufesi/firmware/hw_layer/hardware.cpp after 90s - using fallback metadata
2026-02-25 13:03:39,638 - Knowledge - INFO - process ingested knowledge for /app/data/T0015/326202/b9060hi/Rufesi/firmware/controllers/sensors/maf2map.h
2026-02-25 13:03:39,935 - Knowledge - INFO - process ingested knowledge for /app/data/T0015/326202/b9060hi/Rufesi/firmware/controllers/math/math.mk
2026-02-25 13:03:40,171 - Knowledge - INFO - Processing batch of 5 files
2026-02-25 13:03:40,282 - Knowledge - INFO - process ingested knowledge for /app/data/T0015/326202/b9060hi/Rufesi/firmware/controllers/core/fsio_impl.cpp
2026-02-25 13:03:40,589 - Knowledge - INFO - Worker kw15 processing /app/data/T0015/326202/b9060hi/Rufesi/firmware/controllers/sensors/tps.h
2026-02-25 13:03:41,454 - Knowledge - INFO - process ingested knowledge for /app/data/T0015/326202/b9060hi/Rufesi/firmware/controllers/sensors/maf.h
2026-02-25 13:03:41,673 - Knowledge - INFO - [LLM_CALL] Completed: efiGpio.h:chunk1, Duration: 42187ms, PromptTokens: 3064, CompletionTokens: 816, Cost: $0.00063
2026-02-25 13:03:41,823 - Knowledge - INFO - process ingested knowledge for /app/data/T0015/326202/b9060hi/Rufesi/firmware/controllers/math/speed_density.h
2026-02-25 13:03:42,132 - Knowledge - INFO - process ingested knowledge for /app/data/T0015/326202/b9060hi/Rufesi/firmware/controllers/math/pid_auto_tune.cpp
2026-02-25 13:03:42,461 - Knowledge - INFO - process ingested knowledge for /app/data/T0015/326202/b9060hi/Rufesi/firmware/controllers/core/avg_values.h
2026-02-25 13:03:42,713 - Knowledge - INFO - Fast-tracked /app/data/T0015/326202/b9060hi/Rufesi/firmware/controllers/sensors/tps.h (ext=.h, size=1375)
2026-02-25 13:03:42,843 - Knowledge - INFO - process ingested knowledge for /app/data/T0015/326202/b9060hi/Rufesi/firmware/controllers/sensors/hip9011_lookup.cpp
2026-02-25 13:03:43,008 - Knowledge - INFO - done ingest for /app/data/T0015/326202/b9060hi/Rufesi/firmware/controllers/system/efiGpio.h
2026-02-25 13:03:43,374 - Knowledge - INFO - Async storage completed for 5 embeddings
2026-02-25 13:03:43,391 - Knowledge - INFO - process ingested knowledge for /app/data/T0015/326202/b9060hi/Rufesi/firmware/controllers/math/pid_auto_tune.h
2026-02-25 13:03:43,754 - Knowledge - INFO - process ingested knowledge for /app/data/T0015/326202/b9060hi/Rufesi/firmware/controllers/math/efitime.h
2026-02-25 13:03:43,990 - Knowledge - INFO - process ingested knowledge for /app/data/T0015/326202/b9060hi/Rufesi/firmware/controllers/core/signal_filtering.h
2026-02-25 13:03:44,321 - Knowledge - INFO - [LLM_CALL] Completed: pwm_generator_logic.cpp:chunk1, Duration: 47978ms, PromptTokens: 6764, CompletionTokens: 666, Cost: $0.00094
2026-02-25 13:03:44,328 - Knowledge - INFO - Worker kw15 processing /app/data/T0015/326202/b9060hi/Rufesi/firmware/controllers/sensors/oil_pressure.cpp
2026-02-25 13:03:46,032 - Knowledge - INFO - process ingested knowledge for /app/data/T0015/326202/b9060hi/Rufesi/firmware/controllers/math/config_engine_specs.h
2026-02-25 13:03:46,034 - Knowledge - INFO - process ingested knowledge for /app/data/T0015/326202/b9060hi/Rufesi/firmware/controllers/math/engine_math.h
2026-02-25 13:03:46,131 - Knowledge - INFO - process ingested knowledge for /app/data/T0015/326202/b9060hi/Rufesi/firmware/controllers/core/core.mk
2026-02-25 13:03:46,454 - Knowledge - INFO - done ingest for /app/data/T0015/326202/b9060hi/Rufesi/firmware/controllers/system/pwm_generator_logic.cpp
2026-02-25 13:03:46,543 - Knowledge - INFO - [LLM_CALL] Completed: stm32f4xx_hal_flash_ex.c:chunk1, Duration: 134227ms, PromptTokens: 28314, CompletionTokens: 767, Cost: $0.00314
2026-02-25 13:03:46,727 - Knowledge - INFO - Fast-tracked /app/data/T0015/326202/b9060hi/Rufesi/firmware/controllers/sensors/oil_pressure.cpp (ext=.cpp, size=743)
2026-02-25 13:03:46,993 - Knowledge - INFO - process ingested knowledge for /app/data/T0015/326202/b9060hi/Rufesi/firmware/controllers/math/speed_density.cpp
2026-02-25 13:03:47,944 - Knowledge - INFO - done ingest for /app/data/T0015/326202/b9060hi/Rufesi/firmware/hw_layer/stm32f4/stm32f4xx_hal_flash_ex.c
2026-02-25 13:03:47,992 - Knowledge - INFO - process ingested knowledge for /app/data/T0015/326202/b9060hi/Rufesi/firmware/controllers/alternatorController.h
2026-02-25 13:03:48,181 - Knowledge - INFO - Worker kw15 processing /app/data/T0015/326202/b9060hi/Rufesi/firmware/controllers/sensors/voltage.cpp
2026-02-25 13:03:49,035 - Knowledge - INFO - Fast-tracked /app/data/T0015/326202/b9060hi/Rufesi/firmware/controllers/sensors/voltage.cpp (ext=.cpp, size=661)
2026-02-25 13:03:49,189 - Knowledge - INFO - [LLM_CALL] Completed: ego.cpp:chunk1, Duration: 29916ms, PromptTokens: 4256, CompletionTokens: 516, Cost: $0.00063
2026-02-25 13:03:49,550 - Knowledge - INFO - Worker kw15 processing /app/data/T0015/326202/b9060hi/Rufesi/firmware/controllers/sensors/sensors.mk
2026-02-25 13:03:49,938 - Knowledge - INFO - done ingest for /app/data/T0015/326202/b9060hi/Rufesi/firmware/controllers/sensors/ego.cpp
2026-02-25 13:03:50,307 - Knowledge - INFO - Processing batch of 6 files
2026-02-25 13:03:50,453 - Knowledge - INFO - Fast-tracked /app/data/T0015/326202/b9060hi/Rufesi/firmware/controllers/sensors/sensors.mk (ext=.mk, size=648)
2026-02-25 13:03:50,698 - Knowledge - INFO - process ingested knowledge for /app/data/T0015/326202/b9060hi/Rufesi/firmware/hw_layer/pin_repository.cpp
2026-02-25 13:03:50,934 - Knowledge - INFO - process ingested knowledge for /app/data/T0015/326202/b9060hi/Rufesi/firmware/controllers/idle_thread.cpp
2026-02-25 13:03:50,951 - Knowledge - INFO - Async storage completed for 5 embeddings
2026-02-25 13:03:52,542 - Knowledge - INFO - [kw20] Queue=58, InProgress=0, PendingWorkers=20/20, Completed=1331/1454 (91.5%)
2026-02-25 13:03:52,700 - Knowledge - INFO - [LLM_CALL] Completed: stm32f4xx_hal_flash_ex.h:chunk1, Duration: 149929ms, PromptTokens: 33552, CompletionTokens: 542, Cost: $0.00357
2026-02-25 13:03:53,424 - Knowledge - INFO - Batch sizing: calculated=4, max_allowed=10, queue=58, active_workers=20/20
2026-02-25 13:03:53,542 - Knowledge - INFO - process ingested knowledge for /app/data/T0015/326202/b9060hi/Rufesi/firmware/hw_layer/io_pins.h
2026-02-25 13:03:53,712 - Knowledge - INFO - done ingest for /app/data/T0015/326202/b9060hi/Rufesi/firmware/hw_layer/stm32f4/stm32f4xx_hal_flash_ex.h
2026-02-25 13:03:54,181 - Knowledge - INFO - Processing batch of 4 files
2026-02-25 13:03:54,467 - Knowledge - INFO - process ingested knowledge for /app/data/T0015/326202/b9060hi/Rufesi/firmware/controllers/system/PeriodicController.h
2026-02-25 13:03:55,498 - Knowledge - INFO - Async storing batch of 4 embeddings
2026-02-25 13:03:56,169 - Knowledge - INFO - Worker kw20 processing /app/data/T0015/326202/b9060hi/Rufesi/firmware/controllers/sensors/hip9011_lookup.h
2026-02-25 13:03:56,261 - Knowledge - INFO - [LLM_CALL] Completed: tps.cpp:chunk1, Duration: 40203ms, PromptTokens: 3620, CompletionTokens: 815, Cost: $0.00069
2026-02-25 13:03:56,457 - Knowledge - INFO - process ingested knowledge for /app/data/T0015/326202/b9060hi/Rufesi/firmware/hw_layer/mmc_card.cpp
2026-02-25 13:03:56,591 - Knowledge - INFO - Fast-tracked /app/data/T0015/326202/b9060hi/Rufesi/firmware/controllers/sensors/hip9011_lookup.h (ext=.h, size=923)
2026-02-25 13:03:56,883 - Knowledge - INFO - done ingest for /app/data/T0015/326202/b9060hi/Rufesi/firmware/controllers/sensors/tps.cpp
2026-02-25 13:03:57,024 - Knowledge - INFO - [LLM_CALL] Completed: interpolation.h:chunk1, Duration: 81361ms, PromptTokens: 4258, CompletionTokens: 649, Cost: $0.00069
2026-02-25 13:03:57,295 - Knowledge - INFO - Worker kw20 processing /app/data/T0015/326202/b9060hi/Rufesi/firmware/controllers/sensors/flex_fuel.cpp
2026-02-25 13:03:57,631 - Knowledge - INFO - done ingest for /app/data/T0015/326202/b9060hi/Rufesi/firmware/controllers/core/interpolation.h
2026-02-25 13:03:57,910 - Knowledge - INFO - Fast-tracked /app/data/T0015/326202/b9060hi/Rufesi/firmware/controllers/sensors/flex_fuel.cpp (ext=.cpp, size=370)
2026-02-25 13:03:58,197 - Knowledge - INFO - process ingested knowledge for /app/data/T0015/326202/b9060hi/Rufesi/firmware/controllers/system/DcMotor.cpp
2026-02-25 13:03:58,322 - Knowledge - INFO - Worker kw20 processing /app/data/T0015/326202/b9060hi/Rufesi/firmware/controllers/sensors/allsensors.cpp
2026-02-25 13:03:58,752 - Knowledge - INFO - [LLM_CALL] Completed: engine_math.cpp:chunk1, Duration: 87767ms, PromptTokens: 11502, CompletionTokens: 1091, Cost: $0.00159
2026-02-25 13:03:58,865 - Knowledge - INFO - Fast-tracked /app/data/T0015/326202/b9060hi/Rufesi/firmware/controllers/sensors/allsensors.cpp (ext=.cpp, size=779)
2026-02-25 13:03:59,053 - Knowledge - INFO - done ingest for /app/data/T0015/326202/b9060hi/Rufesi/firmware/controllers/math/engine_math.cpp
2026-02-25 13:03:59,254 - Knowledge - INFO - Worker kw20 processing /app/data/T0015/326202/b9060hi/Rufesi/firmware/controllers/sensors/analog_input.h
2026-02-25 13:03:59,335 - Knowledge - INFO - [LLM_CALL] Completed: spark_logic.cpp:chunk1, Duration: 113885ms, PromptTokens: 9270, CompletionTokens: 1041, Cost: $0.00134
2026-02-25 13:03:59,535 - Knowledge - INFO - process ingested knowledge for /app/data/T0015/326202/b9060hi/Rufesi/firmware/hw_layer/cdm_ion_sense.cpp
2026-02-25 13:03:59,545 - Knowledge - INFO - process ingested knowledge for /app/data/T0015/326202/b9060hi/Rufesi/firmware/controllers/system/efiGpio.h
2026-02-25 13:03:59,762 - Knowledge - INFO - Fast-tracked /app/data/T0015/326202/b9060hi/Rufesi/firmware/controllers/sensors/analog_input.h (ext=.h, size=333)
2026-02-25 13:03:59,918 - Knowledge - INFO - done ingest for /app/data/T0015/326202/b9060hi/Rufesi/firmware/controllers/trigger/spark_logic.cpp
2026-02-25 13:03:59,999 - Knowledge - INFO - [LLM_CALL] Completed: electronic_throttle.cpp:chunk1, Duration: 85008ms, PromptTokens: 7094, CompletionTokens: 1159, Cost: $0.00117
2026-02-25 13:04:00,413 - Knowledge - INFO - Async storage completed for 4 embeddings
2026-02-25 13:04:00,807 - Knowledge - INFO - done ingest for /app/data/T0015/326202/b9060hi/Rufesi/firmware/controllers/electronic_throttle.cpp
2026-02-25 13:04:00,807 - Knowledge - INFO - process ingested knowledge for /app/data/T0015/326202/b9060hi/Rufesi/firmware/hw_layer/hardware.cpp
2026-02-25 13:04:00,825 - Knowledge - INFO - process ingested knowledge for /app/data/T0015/326202/b9060hi/Rufesi/firmware/controllers/system/ControllerBase.h
2026-02-25 13:04:00,927 - Knowledge - INFO - [LLM_CALL] Completed: signal_executor_sleep.cpp:chunk1, Duration: 59927ms, PromptTokens: 2454, CompletionTokens: 353, Cost: $0.00039
2026-02-25 13:04:01,614 - Knowledge - INFO - process ingested knowledge for /app/data/T0015/326202/b9060hi/Rufesi/firmware/hw_layer/flash.c
2026-02-25 13:04:01,964 - Knowledge - INFO - done ingest for /app/data/T0015/326202/b9060hi/Rufesi/firmware/controllers/system/signal_executor_sleep.cpp
2026-02-25 13:04:02,329 - Knowledge - INFO - [LLM_CALL] Completed: aux_valves.cpp:chunk1, Duration: 109606ms, PromptTokens: 2826, CompletionTokens: 443, Cost: $0.00046
2026-02-25 13:04:02,730 - Knowledge - INFO - done ingest for /app/data/T0015/326202/b9060hi/Rufesi/firmware/controllers/trigger/aux_valves.cpp
2026-02-25 13:04:02,743 - Knowledge - WARNING - Timeout processing /app/data/T0015/326202/b9060hi/Rufesi/firmware/controllers/trigger/trigger_decoder.cpp after 90s - using fallback metadata
2026-02-25 13:04:02,814 - Knowledge - INFO - [WEBSOCKET] Sent: Type=progress_update, Size: 296, Duration: 817ms
2026-02-25 13:04:03,549 - Knowledge - INFO - Processing batch of 4 files
2026-02-25 13:04:03,581 - Knowledge - INFO - [LLM_CALL] Completed: interpolation.cpp:chunk1, Duration: 81701ms, PromptTokens: 5362, CompletionTokens: 716, Cost: $0.00082
2026-02-25 13:04:03,871 - Knowledge - INFO - process ingested knowledge for /app/data/T0015/326202/b9060hi/Rufesi/firmware/controllers/sensors/sensor_types.h
2026-02-25 13:04:04,081 - Knowledge - INFO - done ingest for /app/data/T0015/326202/b9060hi/Rufesi/firmware/controllers/core/interpolation.cpp
2026-02-25 13:04:04,110 - Knowledge - INFO - [LLM_CALL] Completed: malfunction_indicator.cpp:chunk1, Duration: 54087ms, PromptTokens: 2882, CompletionTokens: 500, Cost: $0.00049
2026-02-25 13:04:04,635 - Knowledge - INFO - done ingest for /app/data/T0015/326202/b9060hi/Rufesi/firmware/controllers/malfunction_indicator.cpp
2026-02-25 13:04:04,681 - Knowledge - INFO - [LLM_CALL] Completed: rpm_calculator.cpp:chunk1, Duration: 118224ms, PromptTokens: 7284, CompletionTokens: 923, Cost: $0.00110
2026-02-25 13:04:05,037 - Knowledge - INFO - process ingested knowledge for /app/data/T0015/326202/b9060hi/Rufesi/firmware/controllers/sensors/allsensors.h
2026-02-25 13:04:05,244 - Knowledge - INFO - done ingest for /app/data/T0015/326202/b9060hi/Rufesi/firmware/controllers/trigger/rpm_calculator.cpp
2026-02-25 13:04:05,305 - Knowledge - INFO - Processing batch of 4 files
2026-02-25 13:04:05,330 - Knowledge - INFO - [WEBSOCKET] Sent: Type=unknown, Size: ?, Duration: 3333ms
2026-02-25 13:04:05,843 - Knowledge - INFO - [kw11] Queue=54, InProgress=0, PendingWorkers=20/20, Completed=1351/1454 (92.9%)
2026-02-25 13:04:05,876 - Knowledge - INFO - process ingested knowledge for /app/data/T0015/326202/b9060hi/Rufesi/firmware/controllers/sensors/tps.h
2026-02-25 13:04:06,703 - Knowledge - INFO - Progress: 92.3% | Files: 1351/1454 | Rate: 1.51 files/sec | Queue: 54
2026-02-25 13:04:06,938 - Knowledge - INFO - Batch sizing: calculated=4, max_allowed=10, queue=54, active_workers=20/20
2026-02-25 13:04:07,511 - Knowledge - INFO - process ingested knowledge for /app/data/T0015/326202/b9060hi/Rufesi/firmware/controllers/sensors/ego.cpp
2026-02-25 13:04:08,184 - Knowledge - INFO - process ingested knowledge for /app/data/T0015/326202/b9060hi/Rufesi/firmware/controllers/sensors/oil_pressure.cpp
2026-02-25 13:04:08,266 - Knowledge - INFO - [kw7] Queue=54, InProgress=0, PendingWorkers=20/20, Completed=1354/1454 (93.1%)
2026-02-25 13:04:08,309 - Knowledge - INFO - [kw2] Queue=54, InProgress=0, PendingWorkers=20/20, Completed=1354/1454 (93.1%)
2026-02-25 13:04:08,482 - Knowledge - INFO - process ingested knowledge for /app/data/T0015/326202/b9060hi/Rufesi/firmware/controllers/sensors/oil_pressure.h
2026-02-25 13:04:08,500 - Knowledge - INFO - Processing batch of 4 files
2026-02-25 13:04:08,516 - Knowledge - INFO - [LLM_CALL] Completed: pwm_generator_logic.h:chunk1, Duration: 60246ms, PromptTokens: 2478, CompletionTokens: 603, Cost: $0.00049
2026-02-25 13:04:08,555 - Knowledge - INFO - Async storing batch of 5 embeddings
2026-02-25 13:04:08,652 - Knowledge - INFO - [kw13] Queue=50, InProgress=0, PendingWorkers=20/20, Completed=1358/1454 (93.4%)
2026-02-25 13:04:08,990 - Knowledge - INFO - Batch sizing: calculated=4, max_allowed=10, queue=54, active_workers=20/20
2026-02-25 13:04:09,514 - Knowledge - INFO - Batch sizing: calculated=4, max_allowed=10, queue=54, active_workers=20/20
2026-02-25 13:04:09,742 - Knowledge - INFO - process ingested knowledge for /app/data/T0015/326202/b9060hi/Rufesi/firmware/controllers/sensors/voltage.cpp
2026-02-25 13:04:09,792 - Knowledge - INFO - process ingested knowledge for /app/data/T0015/326202/b9060hi/Rufesi/firmware/controllers/sensors/flex_fuel.h
2026-02-25 13:04:09,934 - Knowledge - INFO - done ingest for /app/data/T0015/326202/b9060hi/Rufesi/firmware/controllers/system/pwm_generator_logic.h
2026-02-25 13:04:10,066 - Knowledge - INFO - [LLM_CALL] Completed: event_queue.cpp:chunk1, Duration: 66189ms, PromptTokens: 4144, CompletionTokens: 731, Cost: $0.00071
2026-02-25 13:04:10,158 - Knowledge - INFO - Worker kw11 processing /app/data/T0015/326202/b9060hi/Rufesi/firmware/controllers/sensors/map.cpp
2026-02-25 13:04:10,225 - Knowledge - INFO - Batch sizing: calculated=4, max_allowed=10, queue=50, active_workers=20/20
2026-02-25 13:04:11,086 - Knowledge - INFO - process ingested knowledge for /app/data/T0015/326202/b9060hi/Rufesi/firmware/controllers/sensors/sensors.mk
2026-02-25 13:04:11,094 - Knowledge - INFO - process ingested knowledge for /app/data/T0015/326202/b9060hi/Rufesi/firmware/controllers/sensors/tps.cpp
2026-02-25 13:04:11,162 - Knowledge - INFO - done ingest for /app/data/T0015/326202/b9060hi/Rufesi/firmware/controllers/system/event_queue.cpp
2026-02-25 13:04:11,207 - Knowledge - INFO - [LLM_CALL] Completed: fsio_core.h:chunk1, Duration: 84515ms, PromptTokens: 2614, CompletionTokens: 932, Cost: $0.00063
2026-02-25 13:04:11,389 - Knowledge - INFO - Worker kw11 processing /app/data/T0015/326202/b9060hi/Rufesi/firmware/controllers/global_shared.h
2026-02-25 13:04:12,450 - Knowledge - INFO - process ingested knowledge for /app/data/T0015/326202/b9060hi/Rufesi/firmware/controllers/sensors/voltage.h
2026-02-25 13:04:12,500 - Knowledge - INFO - done ingest for /app/data/T0015/326202/b9060hi/Rufesi/firmware/controllers/core/fsio_core.h
2026-02-25 13:04:12,611 - Knowledge - INFO - Async storing batch of 5 embeddings
2026-02-25 13:04:12,612 - Knowledge - INFO - Async storing batch of 5 embeddings
2026-02-25 13:04:12,613 - Knowledge - INFO - Async storing batch of 4 embeddings
2026-02-25 13:04:12,619 - Knowledge - INFO - [LLM_CALL] Completed: trigger_decoder.h:chunk1, Duration: 106400ms, PromptTokens: 3276, CompletionTokens: 935, Cost: $0.00070
2026-02-25 13:04:12,852 - Knowledge - INFO - Worker kw11 processing /app/data/T0015/326202/b9060hi/Rufesi/firmware/controllers/controllers.mk
2026-02-25 13:04:13,500 - Knowledge - INFO - Worker kw7 processing /app/data/T0015/326202/b9060hi/Rufesi/firmware/controllers/algo/advance_map.cpp
2026-02-25 13:04:13,559 - Knowledge - INFO - Worker kw2 processing /app/data/T0015/326202/b9060hi/Rufesi/firmware/controllers/algo/aux_pid.h
2026-02-25 13:04:13,718 - Knowledge - INFO - Worker kw13 processing /app/data/T0015/326202/b9060hi/Rufesi/firmware/controllers/algo/algo.cpp
2026-02-25 13:04:13,850 - Knowledge - INFO - done ingest for /app/data/T0015/326202/b9060hi/Rufesi/firmware/controllers/trigger/trigger_decoder.h
2026-02-25 13:04:13,962 - Knowledge - INFO - [LLM_CALL] Completed: table_helper.h:chunk1, Duration: 82351ms, PromptTokens: 3672, CompletionTokens: 544, Cost: $0.00058
2026-02-25 13:04:14,117 - Knowledge - INFO - process ingested knowledge for /app/data/T0015/326202/b9060hi/Rufesi/firmware/controllers/sensors/map.h
2026-02-25 13:04:14,167 - Knowledge - INFO - Fast-tracked /app/data/T0015/326202/b9060hi/Rufesi/firmware/controllers/controllers.mk (ext=.mk, size=767)
2026-02-25 13:04:14,244 - Knowledge - INFO - Worker kw7 processing /app/data/T0015/326202/b9060hi/Rufesi/firmware/controllers/algo/map_adjuster.c
2026-02-25 13:04:14,441 - Knowledge - INFO - Fast-tracked /app/data/T0015/326202/b9060hi/Rufesi/firmware/controllers/algo/aux_pid.h (ext=.h, size=322)
2026-02-25 13:04:14,583 - Knowledge - INFO - Fast-tracked /app/data/T0015/326202/b9060hi/Rufesi/firmware/controllers/algo/algo.cpp (ext=.cpp, size=1304)
2026-02-25 13:04:14,861 - Knowledge - INFO - done ingest for /app/data/T0015/326202/b9060hi/Rufesi/firmware/controllers/core/table_helper.h
2026-02-25 13:04:14,996 - Knowledge - INFO - [LLM_CALL] Completed: trigger_central.cpp:chunk1, Duration: 112895ms, PromptTokens: 14226, CompletionTokens: 1105, Cost: $0.00186
2026-02-25 13:04:15,150 - Knowledge - INFO - Worker kw11 processing /app/data/T0015/326202/b9060hi/Rufesi/firmware/controllers/tachometer.cpp
2026-02-25 13:04:15,315 - Knowledge - INFO - Worker kw7 processing /app/data/T0015/326202/b9060hi/Rufesi/firmware/controllers/algo/event_registry.h
2026-02-25 13:04:15,425 - Knowledge - INFO - Worker kw2 processing /app/data/T0015/326202/b9060hi/Rufesi/firmware/controllers/algo/rusefi_types.h
2026-02-25 13:04:15,579 - Knowledge - INFO - Worker kw13 processing /app/data/T0015/326202/b9060hi/Rufesi/firmware/controllers/algo/engine.h
2026-02-25 13:04:15,768 - Knowledge - INFO - done ingest for /app/data/T0015/326202/b9060hi/Rufesi/firmware/controllers/trigger/trigger_central.cpp
2026-02-25 13:04:15,768 - Knowledge - INFO - [LLM_CALL] Completed: thermistors.cpp:chunk1, Duration: 40807ms, PromptTokens: 5780, CompletionTokens: 578, Cost: $0.00081
2026-02-25 13:04:15,917 - Knowledge - INFO - Fast-tracked /app/data/T0015/326202/b9060hi/Rufesi/firmware/controllers/tachometer.cpp (ext=.cpp, size=1413)
2026-02-25 13:04:16,035 - Knowledge - INFO - Fast-tracked /app/data/T0015/326202/b9060hi/Rufesi/firmware/controllers/algo/event_registry.h (ext=.h, size=1473)
2026-02-25 13:04:16,231 - Knowledge - INFO - Worker kw2 processing /app/data/T0015/326202/b9060hi/Rufesi/firmware/controllers/algo/auto_generated_enums.h
2026-02-25 13:04:16,300 - Knowledge - INFO - Worker kw13 processing /app/data/T0015/326202/b9060hi/Rufesi/firmware/controllers/algo/lcd_menu_tree.h
2026-02-25 13:04:16,608 - Knowledge - INFO - done ingest for /app/data/T0015/326202/b9060hi/Rufesi/firmware/controllers/sensors/thermistors.cpp
2026-02-25 13:04:16,636 - Knowledge - INFO - Processing batch of 4 files
2026-02-25 13:04:16,688 - Knowledge - INFO - Processing batch of 6 files
2026-02-25 13:04:16,720 - Knowledge - INFO - [LLM_CALL] Completed: SingleTimerExecutor.cpp:chunk1, Duration: 63226ms, PromptTokens: 3628, CompletionTokens: 531, Cost: $0.00058
2026-02-25 13:04:16,790 - Knowledge - INFO - Worker kw7 processing /app/data/T0015/326202/b9060hi/Rufesi/firmware/controllers/algo/firing_order.h
2026-02-25 13:04:16,947 - Knowledge - INFO - Worker kw2 processing /app/data/T0015/326202/b9060hi/Rufesi/firmware/controllers/algo/engine_configuration_generated_structures.h
2026-02-25 13:04:17,015 - Knowledge - INFO - [kw3] Queue=38, InProgress=0, PendingWorkers=20/20, Completed=1368/1454 (94.1%)
2026-02-25 13:04:17,089 - Knowledge - INFO - Fast-tracked /app/data/T0015/326202/b9060hi/Rufesi/firmware/controllers/algo/lcd_menu_tree.h (ext=.h, size=1458)
2026-02-25 13:04:17,357 - Knowledge - INFO - process ingested knowledge for /app/data/T0015/326202/b9060hi/Rufesi/firmware/controllers/sensors/hip9011_lookup.h
2026-02-25 13:04:17,485 - Knowledge - INFO - process ingested knowledge for /app/data/T0015/326202/b9060hi/Rufesi/firmware/hw_layer/stm32f4/mpu_util.cpp
2026-02-25 13:04:17,595 - Knowledge - INFO - done ingest for /app/data/T0015/326202/b9060hi/Rufesi/firmware/controllers/system/SingleTimerExecutor.cpp
2026-02-25 13:04:17,610 - Knowledge - INFO - [kw15] Queue=38, InProgress=0, PendingWorkers=20/20, Completed=1368/1454 (94.1%)
2026-02-25 13:04:17,790 - Knowledge - INFO - [kw8] Queue=38, InProgress=0, PendingWorkers=20/20, Completed=1369/1454 (94.2%)
2026-02-25 13:04:17,835 - Knowledge - INFO - [kw10] Queue=38, InProgress=0, PendingWorkers=20/20, Completed=1370/1454 (94.2%)
2026-02-25 13:04:17,856 - Knowledge - INFO - Fast-tracked /app/data/T0015/326202/b9060hi/Rufesi/firmware/controllers/algo/firing_order.h (ext=.h, size=1013)
2026-02-25 13:04:17,955 - Knowledge - INFO - Processing batch of 5 files
2026-02-25 13:04:18,056 - Knowledge - INFO - Processing batch of 5 files
2026-02-25 13:04:18,134 - Knowledge - INFO - Batch sizing: calculated=4, max_allowed=10, queue=38, active_workers=20/20
2026-02-25 13:04:18,182 - Knowledge - INFO - Processing batch of 4 files
2026-02-25 13:04:18,324 - Knowledge - INFO - Worker kw13 processing /app/data/T0015/326202/b9060hi/Rufesi/firmware/controllers/algo/engine_state.h
2026-02-25 13:04:18,484 - Knowledge - INFO - process ingested knowledge for /app/data/T0015/326202/b9060hi/Rufesi/firmware/controllers/sensors/flex_fuel.cpp
2026-02-25 13:04:18,536 - Knowledge - INFO - Processing batch of 5 files
2026-02-25 13:04:18,641 - Knowledge - INFO - [LLM_CALL] Completed: maf.cpp:chunk1, Duration: 41005ms, PromptTokens: 4586, CompletionTokens: 544, Cost: $0.00068
2026-02-25 13:04:18,717 - Knowledge - INFO - process ingested knowledge for /app/data/T0015/326202/b9060hi/Rufesi/firmware/hw_layer/stm32f4/stm32f4xx_hal_flash.h
2026-02-25 13:04:19,152 - Knowledge - INFO - Batch sizing: calculated=4, max_allowed=10, queue=38, active_workers=20/20
2026-02-25 13:04:19,335 - Knowledge - INFO - Batch sizing: calculated=4, max_allowed=10, queue=38, active_workers=20/20
2026-02-25 13:04:19,440 - Knowledge - INFO - Batch sizing: calculated=4, max_allowed=10, queue=38, active_workers=20/20
2026-02-25 13:04:19,753 - Knowledge - INFO - process ingested knowledge for /app/data/T0015/326202/b9060hi/Rufesi/firmware/controllers/trigger/trigger_decoder.cpp
2026-02-25 13:04:19,944 - Knowledge - INFO - process ingested knowledge for /app/data/T0015/326202/b9060hi/Rufesi/firmware/controllers/electronic_throttle.cpp
2026-02-25 13:04:20,206 - Knowledge - INFO - Fast-tracked /app/data/T0015/326202/b9060hi/Rufesi/firmware/controllers/global_shared.h (small file (2543 bytes))
2026-02-25 13:04:20,308 - Knowledge - INFO - process ingested knowledge for /app/data/T0015/326202/b9060hi/Rufesi/firmware/controllers/system/system.mk
2026-02-25 13:04:20,550 - Knowledge - INFO - Fast-tracked /app/data/T0015/326202/b9060hi/Rufesi/firmware/controllers/algo/engine_state.h (ext=.h, size=301)
2026-02-25 13:04:20,684 - Knowledge - INFO - Fast-tracked /app/data/T0015/326202/b9060hi/Rufesi/firmware/controllers/algo/auto_generated_enums.h (small file (2256 bytes))
2026-02-25 13:04:20,799 - Knowledge - INFO - process ingested knowledge for /app/data/T0015/326202/b9060hi/Rufesi/firmware/controllers/sensors/allsensors.cpp
2026-02-25 13:04:20,842 - Knowledge - INFO - process ingested knowledge for /app/data/T0015/326202/b9060hi/Rufesi/firmware/controllers/trigger/spark_logic.cpp
2026-02-25 13:04:20,950 - Knowledge - INFO - done ingest for /app/data/T0015/326202/b9060hi/Rufesi/firmware/controllers/sensors/maf.cpp
2026-02-25 13:04:20,965 - Knowledge - INFO - Processing batch of 5 files
2026-02-25 13:04:21,064 - Knowledge - INFO - Async storing batch of 6 embeddings
2026-02-25 13:04:21,077 - Knowledge - INFO - process ingested knowledge for /app/data/T0015/326202/b9060hi/Rufesi/firmware/hw_layer/stm32f4/stm32f4xx_hal_flash_ex.h
2026-02-25 13:04:21,287 - Knowledge - INFO - Async storing batch of 4 embeddings
2026-02-25 13:04:21,518 - Knowledge - INFO - Async storing batch of 4 embeddings
2026-02-25 13:04:21,698 - Knowledge - INFO - Async storing batch of 4 embeddings
2026-02-25 13:04:21,768 - Knowledge - INFO - process ingested knowledge for /app/data/T0015/326202/b9060hi/Rufesi/firmware/controllers/trigger/rpm_calculator.h
2026-02-25 13:04:21,793 - Knowledge - INFO - [LLM_CALL] Completed: main_trigger_callback.cpp:chunk1, Duration: 126795ms, PromptTokens: 13946, CompletionTokens: 1670, Cost: $0.00206
2026-02-25 13:04:21,909 - Knowledge - INFO - process ingested knowledge for /app/data/T0015/326202/b9060hi/Rufesi/firmware/controllers/persistent_store.cpp
2026-02-25 13:04:22,080 - Knowledge - INFO - Async storage completed for 5 embeddings
2026-02-25 13:04:22,235 - Knowledge - INFO - process ingested knowledge for /app/data/T0015/326202/b9060hi/Rufesi/firmware/controllers/system/event_queue.cpp
2026-02-25 13:04:22,409 - Knowledge - INFO - Fast-tracked /app/data/T0015/326202/b9060hi/Rufesi/firmware/controllers/algo/map_adjuster.c (small file (2249 bytes))
2026-02-25 13:04:22,503 - Knowledge - INFO - process ingested knowledge for /app/data/T0015/326202/b9060hi/Rufesi/firmware/controllers/sensors/analog_input.h
2026-02-25 13:04:22,595 - Knowledge - INFO - process ingested knowledge for /app/data/T0015/326202/b9060hi/Rufesi/firmware/controllers/trigger/aux_valves.cpp
2026-02-25 13:04:22,810 - Knowledge - INFO - process ingested knowledge for /app/data/T0015/326202/b9060hi/Rufesi/firmware/controllers/core/avg_values.cpp
2026-02-25 13:04:22,926 - Knowledge - INFO - Worker kw3 processing /app/data/T0015/326202/b9060hi/Rufesi/firmware/controllers/algo/nmea.c
2026-02-25 13:04:23,015 - Knowledge - INFO - process ingested knowledge for /app/data/T0015/326202/b9060hi/Rufesi/firmware/hw_layer/stm32f4/stm32f4xx_hal_flash_ex.c
2026-02-25 13:04:23,115 - Knowledge - INFO - Worker kw15 processing /app/data/T0015/326202/b9060hi/Rufesi/firmware/controllers/algo/fuel_math.cpp
2026-02-25 13:04:23,197 - Knowledge - INFO - Worker kw8 processing /app/data/T0015/326202/b9060hi/Rufesi/firmware/controllers/algo/malfunction_central.cpp
2026-02-25 13:04:23,305 - Knowledge - INFO - Worker kw10 processing /app/data/T0015/326202/b9060hi/Rufesi/firmware/controllers/algo/advance_map.h
2026-02-25 13:04:23,420 - Knowledge - INFO - process ingested knowledge for /app/data/T0015/326202/b9060hi/Rufesi/firmware/controllers/trigger/decoders/trigger_chrysler.cpp
2026-02-25 13:04:23,539 - Knowledge - INFO - done ingest for /app/data/T0015/326202/b9060hi/Rufesi/firmware/controllers/trigger/main_trigger_callback.cpp
2026-02-25 13:04:23,542 - Knowledge - INFO - [LLM_CALL] Completed: efiGpio.cpp:chunk1, Duration: 84081ms, PromptTokens: 8972, CompletionTokens: 860, Cost: $0.00124
2026-02-25 13:04:23,611 - Knowledge - INFO - process ingested knowledge for /app/data/T0015/326202/b9060hi/Rufesi/firmware/controllers/alternatorController.cpp
2026-02-25 13:04:23,812 - Knowledge - INFO - process ingested knowledge for /app/data/T0015/326202/b9060hi/Rufesi/firmware/controllers/obd2.h
2026-02-25 13:04:23,915 - Knowledge - INFO - Async storage completed for 5 embeddings
2026-02-25 13:04:24,152 - Knowledge - INFO - process ingested knowledge for /app/data/T0015/326202/b9060hi/Rufesi/firmware/controllers/trigger/trigger_emulator_algo.cpp
2026-02-25 13:04:24,331 - Knowledge - INFO - Worker kw3 processing /app/data/T0015/326202/b9060hi/Rufesi/firmware/controllers/algo/signal_executor.h
2026-02-25 13:04:24,384 - Knowledge - INFO - process ingested knowledge for /app/data/T0015/326202/b9060hi/Rufesi/firmware/controllers/core/interpolation.h
2026-02-25 13:04:24,404 - Knowledge - INFO - process ingested knowledge for /app/data/T0015/326202/b9060hi/Rufesi/firmware/hw_layer/stm32f4/mpu_util.h
2026-02-25 13:04:24,490 - Knowledge - INFO - Worker kw15 processing /app/data/T0015/326202/b9060hi/Rufesi/firmware/controllers/algo/malfunction_central.h
2026-02-25 13:04:24,609 - Knowledge - INFO - Fast-tracked /app/data/T0015/326202/b9060hi/Rufesi/firmware/controllers/algo/malfunction_central.cpp (ext=.cpp, size=1688)
2026-02-25 13:04:24,719 - Knowledge - INFO - Fast-tracked /app/data/T0015/326202/b9060hi/Rufesi/firmware/controllers/algo/advance_map.h (ext=.h, size=623)
2026-02-25 13:04:24,786 - Knowledge - INFO - process ingested knowledge for /app/data/T0015/326202/b9060hi/Rufesi/firmware/controllers/trigger/decoders/trigger_misc.cpp
2026-02-25 13:04:25,007 - Knowledge - INFO - done ingest for /app/data/T0015/326202/b9060hi/Rufesi/firmware/controllers/system/efiGpio.cpp
2026-02-25 13:04:25,022 - Knowledge - INFO - [LLM_CALL] Completed: settings.cpp:chunk1, Duration: 130120ms, PromptTokens: 27512, CompletionTokens: 1721, Cost: $0.00344
2026-02-25 13:04:25,109 - Knowledge - INFO - process ingested knowledge for /app/data/T0015/326202/b9060hi/Rufesi/firmware/controllers/PwmTester.h
2026-02-25 13:04:25,207 - Knowledge - INFO - process ingested knowledge for /app/data/T0015/326202/b9060hi/Rufesi/firmware/controllers/malfunction_indicator.cpp
2026-02-25 13:04:25,423 - Knowledge - INFO - process ingested knowledge for /app/data/T0015/326202/b9060hi/Rufesi/firmware/controllers/trigger/trigger_decoder.h
2026-02-25 13:04:25,505 - Knowledge - INFO - Fast-tracked /app/data/T0015/326202/b9060hi/Rufesi/firmware/controllers/algo/signal_executor.h (ext=.h, size=1090)
2026-02-25 13:04:25,585 - Knowledge - INFO - process ingested knowledge for /app/data/T0015/326202/b9060hi/Rufesi/firmware/controllers/core/interpolation.cpp
2026-02-25 13:04:25,664 - Knowledge - INFO - process ingested knowledge for /app/data/T0015/326202/b9060hi/Rufesi/firmware/hw_layer/stm32f4/stm32f4xx_hal_flash.c
2026-02-25 13:04:25,777 - Knowledge - INFO - Fast-tracked /app/data/T0015/326202/b9060hi/Rufesi/firmware/controllers/algo/malfunction_central.h (ext=.h, size=1191)
2026-02-25 13:04:26,023 - Knowledge - INFO - Worker kw10 processing /app/data/T0015/326202/b9060hi/Rufesi/firmware/controllers/algo/accel_enrichment.cpp
2026-02-25 13:04:25,895 - Knowledge - INFO - Worker kw8 processing /app/data/T0015/326202/b9060hi/Rufesi/firmware/controllers/algo/algo.mk
2026-02-25 13:04:26,159 - Knowledge - INFO - process ingested knowledge for /app/data/T0015/326202/b9060hi/Rufesi/firmware/controllers/trigger/decoders/trigger_nissan.cpp
2026-02-25 13:04:26,411 - Knowledge - INFO - done ingest for /app/data/T0015/326202/b9060hi/Rufesi/firmware/controllers/settings.cpp
2026-02-25 13:04:26,430 - Knowledge - INFO - Processing batch of 4 files
2026-02-25 13:04:26,449 - Knowledge - INFO - [WEBSOCKET] Sent: Type=progress_update, Size: 296, Duration: 0ms
2026-02-25 13:04:26,524 - Knowledge - INFO - process ingested knowledge for /app/data/T0015/326202/b9060hi/Rufesi/firmware/controllers/core/EfiWave.cpp
2026-02-25 13:04:26,696 - Knowledge - INFO - Async storage completed for 4 embeddings
2026-02-25 13:04:26,895 - Knowledge - INFO - Worker kw3 processing /app/data/T0015/326202/b9060hi/Rufesi/firmware/controllers/algo/rusefi_generated.h
2026-02-25 13:04:26,988 - Knowledge - INFO - process ingested knowledge for /app/data/T0015/326202/b9060hi/Rufesi/firmware/controllers/error_handling.h
2026-02-25 13:04:27,027 - Knowledge - INFO - process ingested knowledge for /app/data/T0015/326202/b9060hi/Rufesi/firmware/controllers/core/EfiWave.h
2026-02-25 13:04:27,058 - Knowledge - INFO - Async storage completed for 5 embeddings
2026-02-25 13:04:27,242 - Knowledge - INFO - Worker kw15 processing /app/data/T0015/326202/b9060hi/Rufesi/firmware/controllers/algo/engine_configuration.cpp
2026-02-25 13:04:27,333 - Knowledge - INFO - Worker kw10 processing /app/data/T0015/326202/b9060hi/Rufesi/firmware/controllers/algo/map_adjuster.h
2026-02-25 13:04:27,434 - Knowledge - INFO - Fast-tracked /app/data/T0015/326202/b9060hi/Rufesi/firmware/controllers/algo/algo.mk (ext=.mk, size=820)
2026-02-25 13:04:27,727 - Knowledge - INFO - process ingested knowledge for /app/data/T0015/326202/b9060hi/Rufesi/firmware/controllers/system/signal_executor_sleep.cpp
2026-02-25 13:04:27,900 - Knowledge - INFO - [LLM_CALL] Completed: maf2map.cpp:chunk1, Duration: 46524ms, PromptTokens: 9804, CompletionTokens: 306, Cost: $0.00110
2026-02-25 13:04:28,304 - Knowledge - INFO - Worker kw3 processing /app/data/T0015/326202/b9060hi/Rufesi/firmware/controllers/algo/accel_enrichment.h
2026-02-25 13:04:28,671 - Knowledge - INFO - process ingested knowledge for /app/data/T0015/326202/b9060hi/Rufesi/firmware/controllers/core/table_helper.h
2026-02-25 13:04:29,010 - Knowledge - INFO - Worker kw15 processing /app/data/T0015/326202/b9060hi/Rufesi/firmware/controllers/algo/obd_error_codes.h
2026-02-25 13:04:29,153 - Knowledge - INFO - Fast-tracked /app/data/T0015/326202/b9060hi/Rufesi/firmware/controllers/algo/map_adjuster.h (ext=.h, size=383)
2026-02-25 13:04:29,281 - Knowledge - INFO - Worker kw8 processing /app/data/T0015/326202/b9060hi/Rufesi/firmware/controllers/algo/algo.h
2026-02-25 13:04:29,508 - Knowledge - INFO - done ingest for /app/data/T0015/326202/b9060hi/Rufesi/firmware/controllers/sensors/maf2map.cpp
2026-02-25 13:04:29,514 - Knowledge - INFO - [WEBSOCKET] Sent: Type=unknown, Size: ?, Duration: 3066ms
2026-02-25 13:04:30,061 - Knowledge - INFO - Worker kw10 processing /app/data/T0015/326202/b9060hi/Rufesi/firmware/controllers/algo/signal_executor.cpp
2026-02-25 13:04:30,216 - Knowledge - INFO - Fast-tracked /app/data/T0015/326202/b9060hi/Rufesi/firmware/controllers/algo/algo.h (ext=.h, size=301)
2026-02-25 13:04:30,494 - Knowledge - INFO - Progress: 95.2% | Files: 1386/1454 | Rate: 1.50 files/sec | Queue: 22
2026-02-25 13:04:30,706 - Knowledge - INFO - Fast-tracked /app/data/T0015/326202/b9060hi/Rufesi/firmware/controllers/algo/signal_executor.cpp (ext=.cpp, size=1630)
2026-02-25 13:04:30,816 - Knowledge - INFO - process ingested knowledge for /app/data/T0015/326202/b9060hi/Rufesi/firmware/controllers/system/scheduler.h
2026-02-25 13:04:30,881 - Knowledge - INFO - Worker kw8 processing /app/data/T0015/326202/b9060hi/Rufesi/firmware/controllers/algo/engine2.cpp
2026-02-25 13:04:33,680 - Knowledge - INFO - process ingested knowledge for /app/data/T0015/326202/b9060hi/Rufesi/firmware/controllers/system/pwm_generator_logic.h
2026-02-25 13:04:33,845 - Knowledge - INFO - [LLM_CALL] Completed: engine_controller.cpp:chunk1, Duration: 127664ms, PromptTokens: 12498, CompletionTokens: 1925, Cost: $0.00202
2026-02-25 13:04:34,116 - Knowledge - INFO - done ingest for /app/data/T0015/326202/b9060hi/Rufesi/firmware/controllers/engine_controller.cpp
2026-02-25 13:04:34,219 - Knowledge - INFO - [kw20] Queue=22, InProgress=0, PendingWorkers=20/20, Completed=1389/1454 (95.5%)
2026-02-25 13:04:34,350 - Knowledge - INFO - Processing batch of 4 files
2026-02-25 13:04:34,513 - Knowledge - INFO - Batch sizing: calculated=4, max_allowed=10, queue=22, active_workers=20/20
2026-02-25 13:04:34,561 - Knowledge - INFO - [LLM_CALL] Completed: map.cpp:chunk1, Duration: 16898ms, PromptTokens: 6204, CompletionTokens: 732, Cost: $0.00091
2026-02-25 13:04:34,588 - Knowledge - INFO - Split /app/data/T0015/326202/b9060hi/Rufesi/firmware/controllers/algo/rusefi_generated.h (74135 bytes) into 3 chunks of ~32KB
2026-02-25 13:04:34,627 - Knowledge - INFO - process ingested knowledge for /app/data/T0015/326202/b9060hi/Rufesi/firmware/controllers/core/fsio_core.h
2026-02-25 13:04:34,926 - Knowledge - INFO - done ingest for /app/data/T0015/326202/b9060hi/Rufesi/firmware/controllers/sensors/map.cpp
2026-02-25 13:04:35,182 - Knowledge - INFO - [kw6] Queue=22, InProgress=0, PendingWorkers=20/20, Completed=1391/1454 (95.7%)
2026-02-25 13:04:35,370 - Knowledge - INFO - Batch sizing: calculated=4, max_allowed=10, queue=22, active_workers=20/20
2026-02-25 13:04:35,382 - Knowledge - INFO - [LLM_CALL] Completed: advance_map.cpp:chunk1, Duration: 14385ms, PromptTokens: 8194, CompletionTokens: 780, Cost: $0.00113
2026-02-25 13:04:35,859 - Knowledge - INFO - done ingest for /app/data/T0015/326202/b9060hi/Rufesi/firmware/controllers/algo/advance_map.cpp
2026-02-25 13:04:36,109 - Knowledge - INFO - Async storing batch of 4 embeddings
2026-02-25 13:04:36,110 - Knowledge - INFO - [kw16] Queue=18, InProgress=0, PendingWorkers=20/20, Completed=1394/1454 (95.9%)
2026-02-25 13:04:36,121 - Knowledge - INFO - process ingested knowledge for /app/data/T0015/326202/b9060hi/Rufesi/firmware/controllers/system/SingleTimerExecutor.cpp
2026-02-25 13:04:36,140 - Knowledge - INFO - Async storing batch of 4 embeddings
2026-02-25 13:04:36,380 - Knowledge - INFO - Async storage completed for 4 embeddings
2026-02-25 13:04:36,408 - Knowledge - INFO - Worker kw20 processing /app/data/T0015/326202/b9060hi/Rufesi/firmware/controllers/algo/engine_configuration.h
2026-02-25 13:04:36,497 - Knowledge - INFO - Batch sizing: calculated=4, max_allowed=10, queue=18, active_workers=20/20
2026-02-25 13:04:36,695 - Knowledge - INFO - Worker kw6 processing /app/data/T0015/326202/b9060hi/Rufesi/firmware/controllers/algo/rusefi_enums.h
2026-02-25 13:04:37,009 - Knowledge - INFO - process ingested knowledge for /app/data/T0015/326202/b9060hi/Rufesi/firmware/controllers/system/pwm_generator_logic.cpp
2026-02-25 13:04:37,014 - Knowledge - INFO - [LLM_CALL] Completed: rusefi_types.h:chunk1, Duration: 18822ms, PromptTokens: 2590, CompletionTokens: 481, Cost: $0.00045
2026-02-25 13:04:37,032 - Knowledge - INFO - Worker kw20 processing /app/data/T0015/326202/b9060hi/Rufesi/firmware/controllers/algo/event_registry.cpp
2026-02-25 13:04:37,147 - Knowledge - INFO - [kw4] Queue=14, InProgress=0, PendingWorkers=20/20, Completed=1400/1454 (96.3%)
2026-02-25 13:04:37,218 - Knowledge - INFO - Worker kw6 processing /app/data/T0015/326202/b9060hi/Rufesi/firmware/controllers/algo/engine.cpp
2026-02-25 13:04:37,243 - Knowledge - INFO - Async storage completed for 4 embeddings
2026-02-25 13:04:37,288 - Knowledge - INFO - [kw17] Queue=10, InProgress=0, PendingWorkers=20/20, Completed=1400/1454 (96.3%)
2026-02-25 13:04:37,399 - Knowledge - INFO - done ingest for /app/data/T0015/326202/b9060hi/Rufesi/firmware/controllers/algo/rusefi_types.h
2026-02-25 13:04:37,405 - Knowledge - INFO - Async storing batch of 6 embeddings
2026-02-25 13:04:37,425 - Knowledge - INFO - process ingested knowledge for /app/data/T0015/326202/b9060hi/Rufesi/firmware/controllers/system/SingleTimerExecutor.h
2026-02-25 13:04:37,427 - Knowledge - INFO - [kw1] Queue=10, InProgress=0, PendingWorkers=20/20, Completed=1400/1454 (96.3%)
2026-02-25 13:04:37,436 - Knowledge - INFO - Processing batch of 5 files
2026-02-25 13:04:37,437 - Knowledge - INFO - Processing batch of 4 files
2026-02-25 13:04:37,557 - Knowledge - INFO - Fast-tracked /app/data/T0015/326202/b9060hi/Rufesi/firmware/controllers/algo/event_registry.cpp (ext=.cpp, size=1750)
2026-02-25 13:04:37,658 - Knowledge - INFO - Batch sizing: calculated=4, max_allowed=10, queue=14, active_workers=20/20
2026-02-25 13:04:37,793 - Knowledge - INFO - Worker kw6 processing /app/data/T0015/326202/b9060hi/Rufesi/firmware/controllers/algo/nmea.h
2026-02-25 13:04:37,818 - Knowledge - INFO - Processing batch of 4 files
2026-02-25 13:04:37,890 - Knowledge - INFO - [kw14] Queue=10, InProgress=0, PendingWorkers=20/20, Completed=1408/1454 (96.8%)
2026-02-25 13:04:37,911 - Knowledge - INFO - Processing batch of 5 files
2026-02-25 13:04:37,911 - Knowledge - INFO - Processing batch of 4 files
2026-02-25 13:04:37,974 - Knowledge - INFO - Batch sizing: calculated=4, max_allowed=10, queue=10, active_workers=20/20
2026-02-25 13:04:38,148 - Knowledge - INFO - [kw18] Queue=10, InProgress=0, PendingWorkers=20/20, Completed=1408/1454 (96.8%)
2026-02-25 13:04:38,169 - Knowledge - INFO - Fast-tracked /app/data/T0015/326202/b9060hi/Rufesi/firmware/controllers/algo/accel_enrichment.h (small file (2271 bytes))
2026-02-25 13:04:38,246 - Knowledge - INFO - Worker kw16 processing /app/data/T0015/326202/b9060hi/Rufesi/firmware/controllers/algo/auto_generated_enums.cpp
2026-02-25 13:04:38,251 - Knowledge - INFO - [LLM_CALL] Completed: engine_configuration_generated_structures.h:chunk1, Duration: 13229ms, PromptTokens: 29492, CompletionTokens: 256, Cost: $0.00305
2026-02-25 13:04:38,270 - Knowledge - INFO - process ingested knowledge for /app/data/T0015/326202/b9060hi/Rufesi/firmware/controllers/system/efiGpio.cpp
2026-02-25 13:04:38,371 - Knowledge - INFO - Batch sizing: calculated=4, max_allowed=10, queue=10, active_workers=20/20
2026-02-25 13:04:38,493 - Knowledge - INFO - process ingested knowledge for /app/data/T0015/326202/b9060hi/Rufesi/firmware/controllers/trigger/decoders/trigger_bmw.h
2026-02-25 13:04:38,502 - Knowledge - INFO - Split /app/data/T0015/326202/b9060hi/Rufesi/firmware/controllers/algo/obd_error_codes.h (96696 bytes) into 3 chunks of ~32KB
2026-02-25 13:04:38,593 - Knowledge - INFO - process ingested knowledge for /app/data/T0015/326202/b9060hi/Rufesi/firmware/controllers/sensors/ego.h
2026-02-25 13:04:38,683 - Knowledge - INFO - Worker kw20 processing /app/data/T0015/326202/b9060hi/Rufesi/firmware/controllers/algo/fuel_math.h
2026-02-25 13:04:38,861 - Knowledge - INFO - Fast-tracked /app/data/T0015/326202/b9060hi/Rufesi/firmware/controllers/algo/nmea.h (ext=.h, size=1042)
2026-02-25 13:04:38,945 - Knowledge - INFO - process ingested knowledge for /app/data/T0015/326202/b9060hi/Rufesi/firmware/controllers/sensors/map.cpp
2026-02-25 13:04:39,046 - Knowledge - INFO - Batch sizing: calculated=4, max_allowed=10, queue=10, active_workers=20/20
2026-02-25 13:04:39,159 - Knowledge - INFO - process ingested knowledge for /app/data/T0015/326202/b9060hi/Rufesi/firmware/controllers/malfunction_indicator.h
2026-02-25 13:04:39,243 - Knowledge - INFO - process ingested knowledge for /app/data/T0015/326202/b9060hi/Rufesi/firmware/controllers/algo/advance_map.cpp
2026-02-25 13:04:39,440 - Knowledge - INFO - Batch sizing: calculated=4, max_allowed=10, queue=10, active_workers=20/20
2026-02-25 13:04:39,563 - Knowledge - INFO - Async storage completed for 6 embeddings
2026-02-25 13:04:39,672 - Knowledge - INFO - Worker kw16 processing /app/data/T0015/326202/b9060hi/Rufesi/firmware/controllers/system_fsio.txt
2026-02-25 13:04:39,748 - Knowledge - INFO - done ingest for /app/data/T0015/326202/b9060hi/Rufesi/firmware/controllers/algo/engine_configuration_generated_structures.h
2026-02-25 13:04:39,751 - Knowledge - INFO - Async storing batch of 5 embeddings
2026-02-25 13:04:39,754 - Knowledge - INFO - Async storing batch of 5 embeddings
2026-02-25 13:04:40,105 - Knowledge - INFO - Async storing batch of 5 embeddings
2026-02-25 13:04:40,129 - Knowledge - INFO - process ingested knowledge for /app/data/T0015/326202/b9060hi/Rufesi/firmware/controllers/trigger/trigger_simulator.h
2026-02-25 13:04:40,464 - Knowledge - INFO - Fast-tracked /app/data/T0015/326202/b9060hi/Rufesi/firmware/controllers/algo/fuel_math.h (ext=.h, size=1740)
2026-02-25 13:04:40,489 - Knowledge - INFO - process ingested knowledge for /app/data/T0015/326202/b9060hi/Rufesi/firmware/controllers/sensors/thermistors.cpp
2026-02-25 13:04:40,526 - Knowledge - INFO - Worker kw6 processing /app/data/T0015/326202/b9060hi/Rufesi/firmware/controllers/algo/lcd_menu_tree.cpp
2026-02-25 13:04:40,802 - Knowledge - INFO - process ingested knowledge for /app/data/T0015/326202/b9060hi/Rufesi/firmware/controllers/global_shared.h
2026-02-25 13:04:40,814 - Knowledge - INFO - process ingested knowledge for /app/data/T0015/326202/b9060hi/Rufesi/firmware/controllers/settings.cpp
2026-02-25 13:04:41,102 - Knowledge - INFO - process ingested knowledge for /app/data/T0015/326202/b9060hi/Rufesi/firmware/controllers/algo/map_adjuster.c
2026-02-25 13:04:41,239 - Knowledge - INFO - Fast-tracked /app/data/T0015/326202/b9060hi/Rufesi/firmware/controllers/system_fsio.txt (ext=.txt, size=1512)
2026-02-25 13:04:41,272 - Knowledge - INFO - Async storage completed for 4 embeddings
2026-02-25 13:04:41,548 - Knowledge - INFO - Worker kw17 processing /app/data/T0015/326202/b9060hi/Rufesi/firmware/controllers/injector_central.cpp
2026-02-25 13:04:41,628 - Knowledge - INFO - Worker kw4 processing /app/data/T0015/326202/b9060hi/Rufesi/firmware/controllers/idle_thread.h
2026-02-25 13:04:41,758 - Knowledge - INFO - Worker kw1 processing /app/data/T0015/326202/b9060hi/Rufesi/firmware/rusefi.cpp
2026-02-25 13:04:41,984 - Knowledge - INFO - Processing batch of 4 files
2026-02-25 13:04:41,989 - Knowledge - INFO - process ingested knowledge for /app/data/T0015/326202/b9060hi/Rufesi/firmware/controllers/trigger/rpm_calculator.cpp
2026-02-25 13:04:42,025 - Knowledge - INFO - Worker kw20 processing /app/data/T0015/326202/b9060hi/Rufesi/firmware/controllers/algo/aux_pid.cpp
2026-02-25 13:04:42,154 - Knowledge - INFO - process ingested knowledge for /app/data/T0015/326202/b9060hi/Rufesi/firmware/controllers/sensors/maf.cpp
2026-02-25 13:04:42,358 - Knowledge - INFO - process ingested knowledge for /app/data/T0015/326202/b9060hi/Rufesi/firmware/controllers/controllers.mk
2026-02-25 13:04:42,449 - Knowledge - INFO - process ingested knowledge for /app/data/T0015/326202/b9060hi/Rufesi/firmware/controllers/engine_controller.cpp
2026-02-25 13:04:42,632 - Knowledge - INFO - process ingested knowledge for /app/data/T0015/326202/b9060hi/Rufesi/firmware/controllers/algo/event_registry.h
2026-02-25 13:04:42,709 - Knowledge - INFO - Worker kw16 processing /app/data/T0015/326202/b9060hi/Rufesi/firmware/controllers/flash_main.cpp
2026-02-25 13:04:43,086 - Knowledge - INFO - Worker kw17 processing /app/data/T0015/326202/b9060hi/Rufesi/firmware/controllers/map_averaging.h
2026-02-25 13:04:43,206 - Knowledge - INFO - Fast-tracked /app/data/T0015/326202/b9060hi/Rufesi/firmware/controllers/idle_thread.h (ext=.h, size=771)
2026-02-25 13:04:43,332 - Knowledge - INFO - Worker kw1 processing /app/data/T0015/326202/b9060hi/Rufesi/README.md
2026-02-25 13:04:43,408 - Knowledge - INFO - process ingested knowledge for /app/data/T0015/326202/b9060hi/Rufesi/firmware/controllers/algo/aux_pid.h
2026-02-25 13:04:43,543 - Knowledge - INFO - process ingested knowledge for /app/data/T0015/326202/b9060hi/Rufesi/firmware/controllers/trigger/main_trigger_callback.cpp
2026-02-25 13:04:43,908 - Knowledge - INFO - process ingested knowledge for /app/data/T0015/326202/b9060hi/Rufesi/firmware/controllers/sensors/maf2map.cpp
2026-02-25 13:04:43,916 - Knowledge - INFO - process ingested knowledge for /app/data/T0015/326202/b9060hi/Rufesi/firmware/controllers/tachometer.cpp
2026-02-25 13:04:44,131 - Knowledge - INFO - process ingested knowledge for /app/data/T0015/326202/b9060hi/Rufesi/firmware/controllers/obd2viaCAN.c
2026-02-25 13:04:44,234 - Knowledge - INFO - process ingested knowledge for /app/data/T0015/326202/b9060hi/Rufesi/firmware/controllers/algo/firing_order.h
2026-02-25 13:04:44,401 - Knowledge - INFO - Worker kw16 processing /app/data/T0015/326202/b9060hi/Rufesi/firmware/controllers/electronic_throttle.h
2026-02-25 13:04:44,607 - Knowledge - INFO - Fast-tracked /app/data/T0015/326202/b9060hi/Rufesi/firmware/controllers/map_averaging.h (ext=.h, size=581)
2026-02-25 13:04:44,669 - Knowledge - INFO - Worker kw4 processing /app/data/T0015/326202/b9060hi/Rufesi/firmware/controllers/system_fsio.h
2026-02-25 13:04:44,795 - Knowledge - INFO - Fast-tracked /app/data/T0015/326202/b9060hi/Rufesi/README.md (ext=.md, size=6293)
2026-02-25 13:04:44,972 - Knowledge - INFO - process ingested knowledge for /app/data/T0015/326202/b9060hi/Rufesi/firmware/controllers/algo/rusefi_types.h
2026-02-25 13:04:45,033 - Knowledge - INFO - process ingested knowledge for /app/data/T0015/326202/b9060hi/Rufesi/firmware/controllers/trigger/trigger_central.cpp
2026-02-25 13:04:45,681 - Knowledge - INFO - Fast-tracked /app/data/T0015/326202/b9060hi/Rufesi/firmware/controllers/electronic_throttle.h (ext=.h, size=705)
2026-02-25 13:04:45,762 - Knowledge - INFO - Worker kw17 processing /app/data/T0015/326202/b9060hi/Rufesi/firmware/controllers/engine_controller.h
2026-02-25 13:04:45,905 - Knowledge - INFO - Worker kw4 processing /app/data/T0015/326202/b9060hi/Rufesi/firmware/controllers/lcd_controller.cpp
2026-02-25 13:04:45,947 - Knowledge - INFO - Fast-tracked /app/data/T0015/326202/b9060hi/Rufesi/firmware/controllers/algo/lcd_menu_tree.cpp (small file (2250 bytes))
2026-02-25 13:04:46,616 - Knowledge - INFO - Fast-tracked /app/data/T0015/326202/b9060hi/Rufesi/firmware/controllers/engine_controller.h (ext=.h, size=1014)
2026-02-25 13:04:46,731 - Knowledge - INFO - Worker kw4 processing /app/data/T0015/326202/b9060hi/Rufesi/firmware/controllers/settings.h
2026-02-25 13:04:46,801 - Knowledge - INFO - process ingested knowledge for /app/data/T0015/326202/b9060hi/Rufesi/firmware/controllers/algo/auto_generated_enums.h
2026-02-25 13:04:46,848 - Knowledge - INFO - process ingested knowledge for /app/data/T0015/326202/b9060hi/Rufesi/firmware/controllers/math/engine_math.cpp
2026-02-25 13:04:46,883 - Knowledge - INFO - Async storage completed for 4 embeddings
2026-02-25 13:04:46,969 - Knowledge - INFO - Worker kw17 processing /app/data/T0015/326202/b9060hi/Rufesi/firmware/controllers/error_handling.cpp
2026-02-25 13:04:47,135 - Knowledge - INFO - Fast-tracked /app/data/T0015/326202/b9060hi/Rufesi/firmware/controllers/settings.h (ext=.h, size=650)
2026-02-25 13:04:47,559 - Knowledge - INFO - [LLM_CALL] Completed: engine.h:chunk1, Duration: 22545ms, PromptTokens: 8078, CompletionTokens: 1419, Cost: $0.00138
2026-02-25 13:04:48,063 - Knowledge - INFO - Fast-tracked /app/data/T0015/326202/b9060hi/Rufesi/firmware/controllers/system_fsio.h (small file (2774 bytes))
2026-02-25 13:04:48,105 - Knowledge - INFO - done ingest for /app/data/T0015/326202/b9060hi/Rufesi/firmware/controllers/algo/engine.h
2026-02-25 13:04:48,293 - Knowledge - INFO - [LLM_CALL] Completed: accel_enrichment.cpp:chunk1, Duration: 16882ms, PromptTokens: 6232, CompletionTokens: 919, Cost: $0.00099
2026-02-25 13:04:48,628 - Knowledge - INFO - done ingest for /app/data/T0015/326202/b9060hi/Rufesi/firmware/controllers/algo/accel_enrichment.cpp
2026-02-25 13:04:49,945 - Knowledge - INFO - process ingested knowledge for /app/data/T0015/326202/b9060hi/Rufesi/firmware/controllers/algo/engine_configuration_generated_structures.h
2026-02-25 13:04:50,363 - Knowledge - INFO - [LLM_CALL] Completed: obd_error_codes.h:chunk1, Duration: 10135ms, PromptTokens: 18732, CompletionTokens: 230, Cost: $0.00197
2026-02-25 13:04:50,862 - Knowledge - INFO - [LLM_CALL] Completed: nmea.c:chunk1, Duration: 20355ms, PromptTokens: 6070, CompletionTokens: 596, Cost: $0.00085
2026-02-25 13:04:51,111 - Knowledge - INFO - done ingest for /app/data/T0015/326202/b9060hi/Rufesi/firmware/controllers/algo/nmea.c
2026-02-25 13:04:51,127 - Knowledge - INFO - Async storage completed for 5 embeddings
2026-02-25 13:04:51,653 - Knowledge - INFO - [WEBSOCKET] Sent: Type=progress_update, Size: 276, Duration: 0ms
2026-02-25 13:04:51,955 - Knowledge - INFO - [WEBSOCKET] Sent: Type=unknown, Size: ?, Duration: 302ms
2026-02-25 13:04:52,065 - Knowledge - INFO - Async storage completed for 4 embeddings
2026-02-25 13:04:52,205 - Knowledge - INFO - Progress: 97.5% | Files: 1419/1454 | Rate: 1.50 files/sec | Queue: 0
2026-02-25 13:04:52,216 - Knowledge - INFO - Processing batch of 4 files
2026-02-25 13:04:52,587 - Knowledge - INFO - process ingested knowledge for /app/data/T0015/326202/b9060hi/Rufesi/firmware/controllers/algo/algo.cpp
2026-02-25 13:04:52,656 - Knowledge - INFO - Processing batch of 4 files
2026-02-25 13:04:52,949 - Knowledge - INFO - process ingested knowledge for /app/data/T0015/326202/b9060hi/Rufesi/firmware/controllers/algo/advance_map.h
2026-02-25 13:04:53,367 - Knowledge - INFO - process ingested knowledge for /app/data/T0015/326202/b9060hi/Rufesi/firmware/controllers/algo/accel_enrichment.cpp
2026-02-25 13:04:53,793 - Knowledge - INFO - process ingested knowledge for /app/data/T0015/326202/b9060hi/Rufesi/firmware/controllers/algo/engine.h
2026-02-25 13:04:53,845 - Knowledge - INFO - process ingested knowledge for /app/data/T0015/326202/b9060hi/Rufesi/firmware/controllers/algo/map_adjuster.h
2026-02-25 13:04:54,109 - Knowledge - INFO - process ingested knowledge for /app/data/T0015/326202/b9060hi/Rufesi/firmware/controllers/algo/lcd_menu_tree.h
2026-02-25 13:04:54,814 - Knowledge - INFO - Async storage completed for 5 embeddings
2026-02-25 13:04:55,338 - Knowledge - INFO - process ingested knowledge for /app/data/T0015/326202/b9060hi/Rufesi/firmware/controllers/algo/engine_state.h
2026-02-25 13:04:55,449 - Knowledge - INFO - process ingested knowledge for /app/data/T0015/326202/b9060hi/Rufesi/firmware/controllers/algo/signal_executor.cpp
2026-02-25 13:04:55,958 - Knowledge - INFO - [LLM_CALL] Completed: rusefi_enums.h:chunk1, Duration: 13680ms, PromptTokens: 15248, CompletionTokens: 392, Cost: $0.00168
2026-02-25 13:04:56,297 - Knowledge - INFO - done ingest for /app/data/T0015/326202/b9060hi/Rufesi/firmware/controllers/algo/rusefi_enums.h
2026-02-25 13:04:57,726 - Knowledge - INFO - Async storage completed for 6 embeddings
2026-02-25 13:04:58,488 - Knowledge - INFO - Async storage completed for 5 embeddings
2026-02-25 13:04:59,294 - Knowledge - INFO - [LLM_CALL] Completed: engine2.cpp:chunk1, Duration: 27573ms, PromptTokens: 5916, CompletionTokens: 1252, Cost: $0.00109
2026-02-25 13:04:59,566 - Knowledge - INFO - done ingest for /app/data/T0015/326202/b9060hi/Rufesi/firmware/controllers/algo/engine2.cpp
2026-02-25 13:05:02,186 - Knowledge - INFO - Processing batch of 4 files
2026-02-25 13:05:02,519 - Knowledge - INFO - process ingested knowledge for /app/data/T0015/326202/b9060hi/Rufesi/firmware/controllers/algo/malfunction_central.cpp
2026-02-25 13:05:03,141 - Knowledge - INFO - process ingested knowledge for /app/data/T0015/326202/b9060hi/Rufesi/firmware/controllers/algo/algo.mk
2026-02-25 13:05:03,924 - Knowledge - INFO - process ingested knowledge for /app/data/T0015/326202/b9060hi/Rufesi/firmware/controllers/algo/algo.h
2026-02-25 13:05:04,854 - Knowledge - INFO - process ingested knowledge for /app/data/T0015/326202/b9060hi/Rufesi/firmware/controllers/algo/engine2.cpp
2026-02-25 13:05:06,958 - Knowledge - INFO - [LLM_CALL] Completed: rusefi.cpp:chunk1, Duration: 20865ms, PromptTokens: 5380, CompletionTokens: 769, Cost: $0.00085
2026-02-25 13:05:07,216 - Knowledge - INFO - done ingest for /app/data/T0015/326202/b9060hi/Rufesi/firmware/rusefi.cpp
2026-02-25 13:05:08,644 - Knowledge - INFO - [LLM_CALL] Completed: aux_pid.cpp:chunk1, Duration: 21776ms, PromptTokens: 2786, CompletionTokens: 530, Cost: $0.00049
2026-02-25 13:05:09,071 - Knowledge - INFO - done ingest for /app/data/T0015/326202/b9060hi/Rufesi/firmware/controllers/algo/aux_pid.cpp
2026-02-25 13:05:10,849 - Knowledge - INFO - Processing batch of 2 files
2026-02-25 13:05:11,178 - Knowledge - INFO - process ingested knowledge for /app/data/T0015/326202/b9060hi/Rufesi/firmware/rusefi.cpp
2026-02-25 13:05:12,315 - Knowledge - INFO - process ingested knowledge for /app/data/T0015/326202/b9060hi/Rufesi/README.md
2026-02-25 13:05:15,616 - Knowledge - INFO - [LLM_CALL] Completed: engine.cpp:chunk1, Duration: 32079ms, PromptTokens: 6378, CompletionTokens: 1158, Cost: $0.00110
2026-02-25 13:05:15,825 - Knowledge - INFO - done ingest for /app/data/T0015/326202/b9060hi/Rufesi/firmware/controllers/algo/engine.cpp
2026-02-25 13:05:18,867 - Knowledge - INFO - Processing batch of 4 files
2026-02-25 13:05:19,274 - Knowledge - INFO - process ingested knowledge for /app/data/T0015/326202/b9060hi/Rufesi/firmware/controllers/algo/rusefi_enums.h
2026-02-25 13:05:19,325 - Knowledge - INFO - [LLM_CALL] Completed: lcd_controller.cpp:chunk1, Duration: 30688ms, PromptTokens: 7652, CompletionTokens: 1069, Cost: $0.00119
2026-02-25 13:05:19,739 - Knowledge - INFO - done ingest for /app/data/T0015/326202/b9060hi/Rufesi/firmware/controllers/lcd_controller.cpp
2026-02-25 13:05:19,903 - Knowledge - INFO - process ingested knowledge for /app/data/T0015/326202/b9060hi/Rufesi/firmware/controllers/algo/engine.cpp
2026-02-25 13:05:20,371 - Knowledge - INFO - process ingested knowledge for /app/data/T0015/326202/b9060hi/Rufesi/firmware/controllers/algo/nmea.h
2026-02-25 13:05:20,972 - Knowledge - INFO - process ingested knowledge for /app/data/T0015/326202/b9060hi/Rufesi/firmware/controllers/algo/lcd_menu_tree.cpp
2026-02-25 13:05:23,308 - Knowledge - INFO - [LLM_CALL] Completed: injector_central.cpp:chunk1, Duration: 35185ms, PromptTokens: 6228, CompletionTokens: 1168, Cost: $0.00109
2026-02-25 13:05:23,583 - Knowledge - INFO - done ingest for /app/data/T0015/326202/b9060hi/Rufesi/firmware/controllers/injector_central.cpp
2026-02-25 13:05:23,605 - Knowledge - INFO - [LLM_CALL] Completed: engine_configuration.h:chunk1, Duration: 39865ms, PromptTokens: 2358, CompletionTokens: 1093, Cost: $0.00067
2026-02-25 13:05:23,933 - Knowledge - INFO - done ingest for /app/data/T0015/326202/b9060hi/Rufesi/firmware/controllers/algo/engine_configuration.h
2026-02-25 13:05:23,936 - Knowledge - INFO - Processing batch of 4 files
2026-02-25 13:05:24,362 - Knowledge - INFO - process ingested knowledge for /app/data/T0015/326202/b9060hi/Rufesi/firmware/controllers/idle_thread.h
2026-02-25 13:05:24,995 - Knowledge - INFO - process ingested knowledge for /app/data/T0015/326202/b9060hi/Rufesi/firmware/controllers/system_fsio.h
2026-02-25 13:05:25,395 - Knowledge - INFO - process ingested knowledge for /app/data/T0015/326202/b9060hi/Rufesi/firmware/controllers/lcd_controller.cpp
2026-02-25 13:05:25,869 - Knowledge - INFO - process ingested knowledge for /app/data/T0015/326202/b9060hi/Rufesi/firmware/controllers/settings.h
2026-02-25 13:05:27,473 - Knowledge - INFO - Processing batch of 4 files
2026-02-25 13:05:27,724 - Knowledge - INFO - process ingested knowledge for /app/data/T0015/326202/b9060hi/Rufesi/firmware/controllers/algo/engine_configuration.h
2026-02-25 13:05:28,728 - Knowledge - INFO - [LLM_CALL] Completed: error_handling.cpp:chunk1, Duration: 35462ms, PromptTokens: 4128, CompletionTokens: 494, Cost: $0.00061
2026-02-25 13:05:28,933 - Knowledge - INFO - process ingested knowledge for /app/data/T0015/326202/b9060hi/Rufesi/firmware/controllers/algo/event_registry.cpp
2026-02-25 13:05:28,967 - Knowledge - INFO - done ingest for /app/data/T0015/326202/b9060hi/Rufesi/firmware/controllers/error_handling.cpp
2026-02-25 13:05:29,314 - Knowledge - INFO - process ingested knowledge for /app/data/T0015/326202/b9060hi/Rufesi/firmware/controllers/algo/fuel_math.h
2026-02-25 13:05:30,183 - Knowledge - INFO - process ingested knowledge for /app/data/T0015/326202/b9060hi/Rufesi/firmware/controllers/algo/aux_pid.cpp
2026-02-25 13:05:30,470 - Knowledge - INFO - [LLM_CALL] Completed: flash_main.cpp:chunk1, Duration: 38257ms, PromptTokens: 3650, CompletionTokens: 766, Cost: $0.00067
2026-02-25 13:05:30,688 - Knowledge - INFO - done ingest for /app/data/T0015/326202/b9060hi/Rufesi/firmware/controllers/flash_main.cpp
2026-02-25 13:05:33,179 - Knowledge - INFO - Processing batch of 4 files
2026-02-25 13:05:33,413 - Knowledge - INFO - process ingested knowledge for /app/data/T0015/326202/b9060hi/Rufesi/firmware/controllers/injector_central.cpp
2026-02-25 13:05:34,276 - Knowledge - INFO - [LLM_CALL] Completed: auto_generated_enums.cpp:chunk1, Duration: 47780ms, PromptTokens: 15700, CompletionTokens: 1227, Cost: $0.00206
2026-02-25 13:05:34,294 - Knowledge - INFO - process ingested knowledge for /app/data/T0015/326202/b9060hi/Rufesi/firmware/controllers/map_averaging.h
2026-02-25 13:05:34,494 - Knowledge - INFO - done ingest for /app/data/T0015/326202/b9060hi/Rufesi/firmware/controllers/algo/auto_generated_enums.cpp
2026-02-25 13:05:34,689 - Knowledge - INFO - process ingested knowledge for /app/data/T0015/326202/b9060hi/Rufesi/firmware/controllers/engine_controller.h
2026-02-25 13:05:35,541 - Knowledge - INFO - process ingested knowledge for /app/data/T0015/326202/b9060hi/Rufesi/firmware/controllers/error_handling.cpp
2026-02-25 13:05:37,968 - Knowledge - INFO - Processing batch of 4 files
2026-02-25 13:05:38,235 - Knowledge - INFO - process ingested knowledge for /app/data/T0015/326202/b9060hi/Rufesi/firmware/controllers/algo/auto_generated_enums.cpp
2026-02-25 13:05:41,499 - Knowledge - INFO - process ingested knowledge for /app/data/T0015/326202/b9060hi/Rufesi/firmware/controllers/system_fsio.txt
2026-02-25 13:05:42,452 - Knowledge - INFO - process ingested knowledge for /app/data/T0015/326202/b9060hi/Rufesi/firmware/controllers/flash_main.cpp
2026-02-25 13:05:42,990 - Knowledge - INFO - process ingested knowledge for /app/data/T0015/326202/b9060hi/Rufesi/firmware/controllers/electronic_throttle.h
2026-02-25 13:05:48,685 - Knowledge - INFO - [LLM_CALL] Completed: engine_configuration.cpp:chunk1, Duration: 72742ms, PromptTokens: 32882, CompletionTokens: 2591, Cost: $0.00432
2026-02-25 13:05:48,877 - Knowledge - INFO - done ingest for /app/data/T0015/326202/b9060hi/Rufesi/firmware/controllers/algo/engine_configuration.cpp
2026-02-25 13:05:51,760 - Knowledge - INFO - [LLM_CALL] Completed: rusefi_generated.h:chunk1, Duration: 76693ms, PromptTokens: 19608, CompletionTokens: 6714, Cost: $0.00465
2026-02-25 13:05:57,325 - Knowledge - INFO - [LLM_CALL] Completed: obd_error_codes.h:chunk2, Duration: 66712ms, PromptTokens: 20370, CompletionTokens: 318, Cost: $0.00216
2026-02-25 13:05:58,305 - Knowledge - WARNING - Timeout processing /app/data/T0015/326202/b9060hi/Rufesi/firmware/controllers/algo/rusefi_generated.h after 90s - using fallback metadata
2026-02-25 13:06:01,715 - Knowledge - INFO - Processing batch of 4 files
2026-02-25 13:06:01,942 - Knowledge - INFO - process ingested knowledge for /app/data/T0015/326202/b9060hi/Rufesi/firmware/controllers/algo/nmea.c
2026-02-25 13:06:01,999 - Knowledge - WARNING - Timeout processing /app/data/T0015/326202/b9060hi/Rufesi/firmware/controllers/algo/fuel_math.cpp after 90s - using fallback metadata
2026-02-25 13:06:02,137 - Knowledge - INFO - process ingested knowledge for /app/data/T0015/326202/b9060hi/Rufesi/firmware/controllers/algo/signal_executor.h
2026-02-25 13:06:02,246 - Knowledge - WARNING - Timeout processing /app/data/T0015/326202/b9060hi/Rufesi/firmware/controllers/algo/obd_error_codes.h after 90s - using fallback metadata
2026-02-25 13:06:02,350 - Knowledge - INFO - process ingested knowledge for /app/data/T0015/326202/b9060hi/Rufesi/firmware/controllers/algo/rusefi_generated.h
2026-02-25 13:06:02,484 - Knowledge - INFO - Processing batch of 4 files
2026-02-25 13:06:02,524 - Knowledge - INFO - process ingested knowledge for /app/data/T0015/326202/b9060hi/Rufesi/firmware/controllers/algo/accel_enrichment.h
2026-02-25 13:06:02,678 - Knowledge - INFO - process ingested knowledge for /app/data/T0015/326202/b9060hi/Rufesi/firmware/controllers/algo/fuel_math.cpp
2026-02-25 13:06:02,875 - Knowledge - INFO - process ingested knowledge for /app/data/T0015/326202/b9060hi/Rufesi/firmware/controllers/algo/malfunction_central.h
2026-02-25 13:06:03,066 - Knowledge - INFO - process ingested knowledge for /app/data/T0015/326202/b9060hi/Rufesi/firmware/controllers/algo/engine_configuration.cpp
2026-02-25 13:06:03,167 - Knowledge - INFO - [WEBSOCKET] Sent: Type=progress_update, Size: 276, Duration: 0ms
2026-02-25 13:06:03,269 - Knowledge - INFO - process ingested knowledge for /app/data/T0015/326202/b9060hi/Rufesi/firmware/controllers/algo/obd_error_codes.h
2026-02-25 13:06:03,360 - Knowledge - INFO - [WEBSOCKET] Sent: Type=unknown, Size: ?, Duration: 193ms
2026-02-25 13:06:03,569 - Knowledge - INFO - Progress: 100.0% | Files: 1454/1454 | Rate: 1.43 files/sec | Queue: 0
2026-02-25 13:06:04,028 - Knowledge - INFO - Knowledge creation complete
2026-02-25 13:06:04,208 - Knowledge - INFO - ==================================================
2026-02-25 13:06:04,391 - Knowledge - INFO - KNOWLEDGE GRAPH GENERATION PERFORMANCE SUMMARY
2026-02-25 13:06:04,546 - Knowledge - INFO - ==================================================
2026-02-25 13:06:04,763 - Knowledge - INFO - Total processing time: 1019.15 seconds (16.99 minutes)
2026-02-25 13:06:04,965 - Knowledge - INFO - Files processed: 0
2026-02-25 13:06:05,169 - Knowledge - INFO - Processing rate: 0.00 files/second
2026-02-25 13:06:05,351 - Knowledge - INFO - 
[TIME_BREAKDOWN]
2026-02-25 13:06:05,533 - Knowledge - INFO - File Reading: 0.00s (0.0%)
2026-02-25 13:06:05,717 - Knowledge - INFO - LLM Processing: 15801.86s (1550.5%)
2026-02-25 13:06:05,893 - Knowledge - INFO - MongoDB Operations: 0.00s (0.0%)
2026-02-25 13:06:06,068 - Knowledge - INFO - Redis Operations: 0.00s (0.0%)
2026-02-25 13:06:06,233 - Knowledge - INFO - WebSocket Communication: 50.18s (4.9%)
2026-02-25 13:06:06,408 - Knowledge - INFO - 
[LLM_STATS]
2026-02-25 13:06:06,604 - Knowledge - INFO - Total LLM calls: 317
2026-02-25 13:06:06,782 - Knowledge - INFO - Average LLM response time: 49848ms
2026-02-25 13:06:06,941 - Knowledge - INFO - Average prompt tokens: 6999.6
2026-02-25 13:06:07,114 - Knowledge - INFO - Average completion tokens: 707.9
2026-02-25 13:06:07,277 - Knowledge - INFO - Total prompt tokens: 2218882
2026-02-25 13:06:07,486 - Knowledge - INFO - Total completion tokens: 224418
2026-02-25 13:06:07,662 - Knowledge - INFO - Total LLM cost: $0.3117
2026-02-25 13:06:07,854 - Knowledge - INFO - 
[DATABASE_STATS]
2026-02-25 13:06:08,047 - Knowledge - INFO - MongoDB operations: 0
2026-02-25 13:06:08,227 - Knowledge - INFO - Redis operations: 0
2026-02-25 13:06:08,383 - Knowledge - INFO - 
[COMMUNICATION_STATS]
2026-02-25 13:06:08,577 - Knowledge - INFO - WebSocket messages sent: 74
2026-02-25 13:06:08,737 - Knowledge - INFO - Average message size: 148.9 bytes
2026-02-25 13:06:08,936 - Knowledge - INFO - 
[WORKER_STATS]
2026-02-25 13:06:09,165 - Knowledge - INFO - 
[FILE_TYPE_STATS]
2026-02-25 13:06:09,359 - Knowledge - INFO - 
[SLOWEST_FILES]
2026-02-25 13:06:09,531 - Knowledge - INFO - ==================================================
2026-02-25 13:06:09,680 - Knowledge - INFO - ==================================================
2026-02-25 13:06:09,904 - Knowledge - INFO - KNOWLEDGE GRAPH GENERATION PERFORMANCE SUMMARY
2026-02-25 13:06:10,112 - Knowledge - INFO - ==================================================
2026-02-25 13:06:10,299 - Knowledge - INFO - Total processing time: 1024.69 seconds (17.08 minutes)
2026-02-25 13:06:10,494 - Knowledge - INFO - Files processed: 1454 of 1454
2026-02-25 13:06:10,665 - Knowledge - INFO - Processing rate: 1.42 files/second
2026-02-25 13:06:10,831 - Knowledge - INFO - WebSocket messages sent: 37
2026-02-25 13:06:11,029 - Knowledge - INFO - MongoDB operations: 1454
2026-02-25 13:06:11,183 - Knowledge - INFO - Average MongoDB ops per file: 1.00
2026-02-25 13:06:11,344 - Knowledge - INFO - LLM costs: $0.3337
2026-02-25 13:06:11,514 - Knowledge - INFO - Prompt tokens: 2420972
2026-02-25 13:06:11,720 - Knowledge - INFO - Completion tokens: 229058
2026-02-25 13:06:11,872 - Knowledge - INFO - Updating org costs, total cost: 0.3337204000000002
2026-02-25 13:06:13,121 - Knowledge - INFO - [WEBSOCKET] Sent: Type=progress_update, Size: 271, Duration: 0ms
2026-02-25 13:06:13,334 - Knowledge - INFO - Saving knowledge to Redis...
2026-02-25 13:06:14,710 - Knowledge - INFO - Knowledge saved to Redis successfully
